"DateAware","DateSubmitted","DataBreachCause","DateStart","DateEnd","Name","Id","CyberattackType","WashingtoniansAffected","IndustryType","BusinessType","Year","YearText","WashingtoniansAffectedRange","BreachLifecycleRange","DaysToContainBreach","DaysToIdentifyBreach","DaysBreachLifecycle","DiscoveredInProgress","DaysOfExposure","DaysElapsedBetweenEndAndDiscovery","EndedOnDayDiscovered","DaysElapsedBeforeNotification","DaysOfExposureRange","EntityState"
"2021 Feb 04 12:00:00 AM","2021 Mar 17 12:00:00 AM","Cyberattack","2021 Feb 04 12:00:00 AM","2021 Feb 08 12:00:00 AM","Automatic Funds Transfer Services Inc.","10,427","Ransomware","695","Finance",,"2,021","2021","500-999","1-99","4","0","4","true","4",,"false","41","1-99",
"2019 Dec 20 12:00:00 AM","2021 Mar 17 12:00:00 AM","Cyberattack",,,"PCS Revenue Control Systems","10,428","Phishing","11,807","Business","Professional Services","2,021","2021","10,000-49,999","Unknown",,,,"false",,,"false","453","Unknown",
"2021 Feb 22 12:00:00 AM","2021 Mar 17 12:00:00 AM","Cyberattack","2020 Dec 24 12:00:00 AM","2020 Dec 29 12:00:00 AM","Western Union Retail Money Transfer Partner","10,429","Malware","1,555","Finance",,"2,021","2021","1,000-9,999","1-99","0","60","60","false","5","55","false","23","1-99",
"2020 May 24 12:00:00 AM","2021 Mar 18 12:00:00 AM","Cyberattack","2020 May 24 12:00:00 AM",,"Manson Counstruction Co.","10,430","Unclear/unknown","1,049","Business","Construction","2,021","2021","1,000-9,999","Unknown",,"0",,"false",,,"false","298","Unknown",
"2021 Jan 18 12:00:00 AM","2021 Mar 19 12:00:00 AM","Cyberattack","2021 Jan 12 12:00:00 AM","2021 Jan 18 12:00:00 AM","Cancer Treatment Centers of America","10,431","Phishing","579","Health",,"2,021","2021","500-999","1-99","0","6","6","true","6",,"true","60","1-99",
"2020 Nov 29 12:00:00 AM","2021 Mar 19 12:00:00 AM","Cyberattack","2020 Nov 18 12:00:00 AM","2020 Nov 29 12:00:00 AM","Citywide Home Loans, LLC","10,432","Ransomware","2,407","Finance",,"2,021","2021","1,000-9,999","1-99","0","11","11","true","11",,"true","110","1-99",
"2021 Feb 24 12:00:00 AM","2021 Mar 22 12:00:00 AM","Theft or Mistake","2021 Feb 22 12:00:00 AM","2021 Feb 24 12:00:00 AM","On Q Fiancial, Inc.","10,433",,"18,066","Finance",,"2,021","2021","10,000-49,999","1-99","0","2","2","true","2",,"true","26","1-99",
"2020 Dec 04 12:00:00 AM","2021 Mar 24 12:00:00 AM","Cyberattack","2019 Feb 06 12:00:00 AM","2020 Dec 10 12:00:00 AM","National Wildlife Federation","10,434","Malware","3,311","Non-Profit/Charity",,"2,021","2021","1,000-9,999","500+","6","667","673","true","673",,"false","110","500+",
"2021 Mar 02 12:00:00 AM","2021 Apr 01 12:00:00 AM","Cyberattack","2021 Feb 01 12:00:00 AM",,"MHNext, LLC","10,435","Unclear/unknown","7,714","Business","Software","2,021","2021","1,000-9,999","Unknown",,"29",,"false",,,"false","30","Unknown",
"2020 Aug 14 12:00:00 AM","2021 Apr 02 12:00:00 AM","Cyberattack",,,"FPI Management","10,436","Unclear/unknown","1,022","Business","Real Estate","2,021","2021","1,000-9,999","Unknown",,,,"false",,,"false","231","Unknown",
"2021 Jan 07 12:00:00 AM","2021 Apr 02 12:00:00 AM","Cyberattack","2020 Mar 01 12:00:00 AM","2021 Jan 07 12:00:00 AM","Slate & Tell, LLC","10,437","Malware","624","Business","Accessories","2,021","2021","500-999","300-399","0","312","312","true","312",,"true","85","300-399",
"2021 Jan 27 12:00:00 AM","2021 Apr 06 12:00:00 AM","Cyberattack","2020 Feb 07 12:00:00 AM","2020 May 20 12:00:00 AM","Marines' Memorial Association & Foundation","10,438","Ransomware","2,625","Non-Profit/Charity",,"2,021","2021","1,000-9,999","300-399","0","355","355","false","103","252","false","69","100-199",
"2020 Dec 29 12:00:00 AM","2021 Apr 06 12:00:00 AM","Cyberattack","2020 Nov 25 12:00:00 AM","2020 Dec 25 12:00:00 AM","Minnetonka Moccasin Company, Inc.","10,439","Malware","821","Business","Accessories","2,021","2021","500-999","1-99","0","34","34","false","30","4","false","98","1-99",
"2020 Jul 01 12:00:00 AM","2021 Apr 06 12:00:00 AM","Cyberattack","2020 May 26 12:00:00 AM","2020 Jul 01 12:00:00 AM","Portland State University Foundation","10,440","Phishing","4,216","Non-Profit/Charity",,"2,021","2021","1,000-9,999","1-99","0","36","36","true","36",,"true","279","1-99",
"2021 Mar 11 12:00:00 AM","2021 Apr 07 12:00:00 AM","Cyberattack","2020 Mar 30 12:00:00 AM","2020 Nov 06 12:00:00 AM","American Society for Clinical Pathology","10,441","Malware","703","Health",,"2,021","2021","500-999","300-399","0","346","346","false","221","125","false","27","200-299",
"2020 Nov 24 12:00:00 AM","2021 Apr 08 12:00:00 AM","Cyberattack",,,"MailMyPrescriptions.com","10,442","Phishing","507","Health",,"2,021","2021","500-999","Unknown",,,,"false",,,"false","135","Unknown",
"2020 Nov 08 12:00:00 AM","2021 Apr 08 12:00:00 AM","Cyberattack",,,"Nexelis Group","10,443","Ransomware","957","Health",,"2,021","2021","500-999","Unknown",,,,"false",,,"false","151","Unknown",
"2020 Sep 07 12:00:00 AM","2021 Apr 09 12:00:00 AM","Cyberattack","2020 Apr 08 12:00:00 AM","2020 Sep 21 12:00:00 AM","American College of Emergency Physicians","10,444","Unclear/unknown","4,148","Health",,"2,021","2021","1,000-9,999","100-199","14","152","166","true","166",,"false","214","100-199",
"2021 Jan 11 12:00:00 AM","2021 Apr 09 12:00:00 AM","Cyberattack",,,"McDougall & Sons, Inc.","10,445","Ransomware","5,885","Business","Other","2,021","2021","1,000-9,999","Unknown",,,,"false",,,"false","88","Unknown",
"2021 Feb 11 12:00:00 AM","2021 Apr 13 12:00:00 AM","Cyberattack",,,"FloForm Industries LLC","10,446","Ransomware","970","Business","Home","2,021","2021","500-999","Unknown",,,,"false",,,"false","61","Unknown",
"2021 Jan 25 12:00:00 AM","2021 Apr 13 12:00:00 AM","Cyberattack","2021 Jan 06 12:00:00 AM","2021 Jan 25 12:00:00 AM","University of Colorado","10,447","Malware","3,511","Education",,"2,021","2021","1,000-9,999","1-99","0","19","19","true","19",,"true","78","1-99",
"2021 Apr 12 12:00:00 AM","2021 Apr 15 12:00:00 AM","Cyberattack","2020 Dec 02 12:00:00 AM","2020 Dec 10 12:00:00 AM","AmeriFirst Financial, Inc.","10,448","Unclear/unknown","757","Finance",,"2,021","2021","500-999","100-199","0","131","131","false","8","123","false","3","1-99",
"2021 Mar 18 12:00:00 AM","2021 Apr 19 12:00:00 AM","Cyberattack","2021 Jan 07 12:00:00 AM","2021 Apr 11 12:00:00 AM","Blade HQ, LLC","10,449","Malware","3,090","Business","Retail","2,021","2021","1,000-9,999","1-99","24","70","94","true","94",,"false","32","1-99",
"2021 Mar 30 12:00:00 AM","2021 Apr 26 12:00:00 AM","Cyberattack","2021 Mar 06 12:00:00 AM","2021 Mar 30 12:00:00 AM","Seattle Police Officers' Guild","10,450","Malware","1,297","Non-Profit/Charity",,"2,021","2021","1,000-9,999","1-99","0","24","24","true","24",,"true","27","1-99",
"2021 Apr 17 12:00:00 AM","2021 Apr 28 12:00:00 AM","Unauthorized Access","2015 Sep 17 12:00:00 AM","2021 Apr 17 12:00:00 AM","ClearVoice Research.com, LLC","10,451",,"21,564","Business","Professional Services","2,021","2021","10,000-49,999","500+","0","2,039","2,039","true","2,039",,"true","11","500+",
"2021 Apr 05 12:00:00 AM","2021 Apr 28 12:00:00 AM","Cyberattack","2020 Feb 07 12:00:00 AM","2020 May 20 12:00:00 AM","Direct Relief","10,452","Ransomware","926","Non-Profit/Charity",,"2,021","2021","500-999","400-499","0","423","423","false","103","320","false","23","100-199",
"2021 Feb 27 12:00:00 AM","2021 Apr 29 12:00:00 AM","Unauthorized Access","2021 Feb 27 12:00:00 AM",,"Insurance Technologies Corporation","10,453",,"3,925","Business","Software","2,021","2021","1,000-9,999","Unknown",,"0",,"false",,,"false","61","Unknown",
"2021 Jan 07 12:00:00 AM","2021 Apr 30 12:00:00 AM","Cyberattack","2020 Nov 03 12:00:00 AM","2020 Dec 07 12:00:00 AM","Kettle Cuisine","10,454","Ransomware","950","Business","Consumable","2,021","2021","500-999","1-99","0","65","65","false","34","31","false","113","1-99",
"2021 Mar 10 12:00:00 AM","2021 May 03 12:00:00 AM","Cyberattack","2020 Dec 01 12:00:00 AM","2021 Mar 08 12:00:00 AM","Divvy Up, Inc.","10,455","Malware","1,137","Business","Software","2,021","2021","1,000-9,999","1-99","0","99","99","false","97","2","false","54","1-99","FL"
"2021 Feb 03 12:00:00 AM","2021 May 04 12:00:00 AM","Cyberattack","2021 Jan 27 12:00:00 AM","2021 Feb 03 12:00:00 AM","Inventors Hall of Fame","10,456","Phishing","685","Non-Profit/Charity",,"2,021","2021","500-999","1-99","0","7","7","true","7",,"true","90","1-99",
"2021 Feb 19 12:00:00 AM","2021 May 05 12:00:00 AM","Unauthorized Access","2021 Feb 06 12:00:00 AM","2021 Feb 06 12:00:00 AM","NEC Networks dba CaptureRx","10,457",,"126,193","Health",,"2,021","2021","50,000-999,999","1-99","0","13","13","false","0","13","false","75","0",
"2021 Jan 20 12:00:00 AM","2021 May 05 12:00:00 AM","Cyberattack","2020 Aug 21 12:00:00 AM","2021 Jan 25 12:00:00 AM","Timberland Regional Library","10,458","Phishing","26,209","Government",,"2,021","2021","10,000-49,999","100-199","5","152","157","true","157",,"false","105","100-199",
"2021 Mar 22 12:00:00 AM","2021 May 07 12:00:00 AM","Cyberattack","2021 Mar 04 12:00:00 AM","2021 Mar 22 12:00:00 AM","JHT Holdings, Inc.","10,459","Ransomware","511","Business","Transportation","2,021","2021","500-999","1-99","0","18","18","true","18",,"true","46","1-99",
"2020 Dec 26 12:00:00 AM","2021 Mar 16 12:00:00 AM","Unauthorized Access",,"2020 Dec 26 12:00:00 AM","Infinity Insurance Company","10,426",,"606","Finance",,"2,021","2021","500-999","Unknown","0",,,"true",,,"true","80","Unknown",
"2021 Jan 24 12:00:00 AM","2021 Mar 15 12:00:00 AM","Cyberattack",,,"Flagstar Bank, FSB","10,425","Malware","61,006","Finance",,"2,021","2021","50,000-999,999","Unknown",,,,"false",,,"false","50","Unknown",
"2020 Nov 29 12:00:00 AM","2021 Mar 15 12:00:00 AM","Cyberattack",,,"American Health Care Academy","10,424","Malware","1,211","Health",,"2,021","2021","1,000-9,999","Unknown",,,,"false",,,"false","106","Unknown",
"2020 Jun 01 12:00:00 AM","2021 Mar 11 12:00:00 AM","Cyberattack",,,"Security Industry Specialists","10,423","Ransomware","2,264","Business","Other","2,021","2021","1,000-9,999","Unknown",,,,"false",,,"false","283","Unknown",
"2020 Dec 03 12:00:00 AM","2021 Mar 11 12:00:00 AM","Cyberattack","2020 Nov 08 12:00:00 AM","2020 Dec 03 12:00:00 AM","Perkins & Co","10,422","Ransomware","41,871","Finance",,"2,021","2021","10,000-49,999","1-99","0","25","25","true","25",,"true","98","1-99",
"2021 Mar 09 12:00:00 AM","2021 Mar 11 12:00:00 AM","Cyberattack",,,"Pan-American Life Insurance Group","10,421","Phishing","599","Finance",,"2,021","2021","500-999","Unknown",,,,"false",,,"false","2","Unknown",
"2021 Feb 04 12:00:00 AM","2021 Mar 10 12:00:00 AM","Cyberattack",,,"Public Utility District No. 1 of Skagit County","10,420","Ransomware","23,935","Government",,"2,021","2021","10,000-49,999","Unknown",,,,"false",,,"false","34","Unknown",
"2020 Nov 20 12:00:00 AM","2021 Mar 10 12:00:00 AM","Unauthorized Access","2020 Nov 07 12:00:00 AM","2020 Nov 08 12:00:00 AM","Mead Johnson & Company, LLC","10,419",,"2,828","Business","Consumable","2,021","2021","1,000-9,999","1-99","0","13","13","false","1","12","false","110","1-99",
"2021 Jan 19 12:00:00 AM","2021 Mar 05 12:00:00 AM","Cyberattack","2020 Dec 01 12:00:00 AM","2021 Jan 20 12:00:00 AM","Metromile Insurance Company","10,418","Malware","1,400","Finance",,"2,021","2021","1,000-9,999","1-99","1","49","50","true","50",,"false","45","1-99",
"2019 Oct 16 12:00:00 AM","2019 Nov 14 12:00:00 AM","Unauthorized Access","2019 Jul 09 12:00:00 AM","2019 Oct 09 12:00:00 AM","Green Roads of Florida, LLC","10,416",,"540","Business","Consumable","2,020","2020","500-999","1-99","0","99","99","false","92","7","false","29","1-99",
"2020 Oct 15 12:00:00 AM","2021 Apr 04 12:00:00 AM","Cyberattack","2020 Oct 06 12:00:00 AM","2020 Oct 15 12:00:00 AM","RXLTC, PLLC & Prescription Pharmacy, PLLC","10,415","Phishing","560","Health",,"2,021","2021","500-999","1-99","0","9","9","true","9",,"true","171","1-99",
"2021 Jan 29 12:00:00 AM","2021 Mar 05 12:00:00 AM","Cyberattack","2021 Jan 28 12:00:00 AM","2021 Jan 31 12:00:00 AM","American Armed Forces Mutual Aid Association","10,414","Unclear/unknown","4,318","Non-Profit/Charity",,"2,021","2021","1,000-9,999","1-99","2","1","3","true","3",,"false","35","1-99",
"2020 Nov 16 12:00:00 AM","2021 Mar 04 12:00:00 AM","Cyberattack",,,"Americold Realty Trust","10,413","Ransomware","3,337","Business","Real Estate","2,021","2021","1,000-9,999","Unknown",,,,"false",,,"false","108","Unknown",
"2021 Feb 09 12:00:00 AM","2021 Mar 02 12:00:00 AM","Cyberattack",,,"Northshore Utility District","10,412","Ransomware","4,900","Government",,"2,021","2021","1,000-9,999","Unknown",,,,"false",,,"false","21","Unknown",
"2020 Oct 20 12:00:00 AM","2021 Mar 02 12:00:00 AM","Cyberattack",,,"Cardinal Logistics Management Corp.","10,411","Ransomware","1,308","Business","Shipping","2,021","2021","1,000-9,999","Unknown",,,,"false",,,"false","133","Unknown",
"2021 Jan 28 12:00:00 AM","2021 Feb 27 12:00:00 AM","Cyberattack","2020 Jul 01 12:00:00 AM","2020 Oct 31 12:00:00 AM","Casemaker, LLC and Lawriter, LLC","10,410","Malware","1,690","Business","Legal","2,021","2021","1,000-9,999","200-299","0","211","211","false","122","89","false","30","100-199",
"2021 Feb 02 12:00:00 AM","2021 Feb 26 12:00:00 AM","Cyberattack",,,"BSN Sports, LLC","10,409","Malware","523","Business","Accessories","2,021","2021","500-999","Unknown",,,,"false",,,"false","24","Unknown",
"2021 Jan 04 12:00:00 AM","2021 Feb 23 12:00:00 AM","Cyberattack",,,"Washington Education Association & Seattle Education Association","10,408","Ransomware","17,415","Education",,"2,021","2021","10,000-49,999","Unknown",,,,"false",,,"false","50","Unknown",
"2021 Feb 11 12:00:00 AM","2021 Feb 23 12:00:00 AM","Cyberattack","2021 Feb 03 12:00:00 AM",,"Lakewood Water District","10,407","Ransomware","14,877","Government",,"2,021","2021","10,000-49,999","Unknown",,"8",,"false",,,"false","12","Unknown",
"2020 Dec 22 12:00:00 AM","2021 Feb 23 12:00:00 AM","Theft or Mistake","2020 Oct 12 12:00:00 AM","2020 Dec 16 12:00:00 AM","Humana","10,406",,"675","Health",,"2,021","2021","500-999","1-99","0","71","71","false","65","6","false","63","1-99",
"2021 Jan 23 12:00:00 AM","2021 Feb 19 12:00:00 AM","Cyberattack","2020 Dec 24 12:00:00 AM","2020 Dec 29 12:00:00 AM","The Kroger Co.","10,405","Malware","153,800","Business","Retail","2,021","2021","50,000-999,999","1-99","0","30","30","false","5","25","false","27","1-99",
"2021 Jan 14 12:00:00 AM","2021 Feb 17 12:00:00 AM","Cyberattack","2020 Dec 03 12:00:00 AM","2021 Jan 14 12:00:00 AM","Woodcreek Provider Services, LLC","10,402","Ransomware","25,917","Health",,"2,021","2021","10,000-49,999","1-99","0","42","42","true","42",,"true","34","1-99",
"2021 Jan 12 12:00:00 AM","2021 Feb 12 12:00:00 AM","Cyberattack",,,"Washington State Auditor's Office","10,401","Malware","1,420,520","Government",,"2,021","2021","1,000,000+","Unknown",,,,"false",,,"false","31","Unknown",
"2021 Jan 03 12:00:00 AM","2021 Feb 02 12:00:00 AM","Cyberattack","2021 Jan 03 12:00:00 AM",,"The Brotherhood's Relief & Compensation Fund","10,400","Ransomware","1,563","Non-Profit/Charity",,"2,021","2021","1,000-9,999","Unknown",,"0",,"false",,,"false","30","Unknown",
"2020 Dec 28 12:00:00 AM","2021 Jan 26 12:00:00 AM","Cyberattack","2020 Dec 28 12:00:00 AM","2020 Dec 28 12:00:00 AM","thyssenkrupp Materials","10,399","Ransomware","1,250","Business","Manufacturing","2,021","2021","1,000-9,999","0","0","0","0","true","0",,"true","29","0",
"2020 Aug 31 12:00:00 AM","2021 Jan 27 12:00:00 AM","Cyberattack","2020 Aug 28 12:00:00 AM","2020 Aug 29 12:00:00 AM","Absher Construction Company","10,398","Malware","1,527","Business","Construction","2,021","2021","1,000-9,999","1-99","0","3","3","false","1","2","false","149","1-99",
"2020 Jul 25 12:00:00 AM","2021 Jan 26 12:00:00 AM","Cyberattack","2020 Apr 05 12:00:00 AM","2020 Aug 06 12:00:00 AM","Puget Sound Educational Service District","10,397","Phishing","32,419","Education",,"2,021","2021","10,000-49,999","100-199","12","111","123","true","123",,"false","185","100-199",
"2020 Aug 17 12:00:00 AM","2021 Jan 26 12:00:00 AM","Cyberattack",,,"Bosley, Inc.","10,396","Ransomware","1,936","Business","Other","2,021","2021","1,000-9,999","Unknown",,,,"false",,,"false","162","Unknown",
"2020 Aug 10 12:00:00 AM","2021 Jan 25 12:00:00 AM","Cyberattack","2020 Aug 05 12:00:00 AM","2020 Aug 17 12:00:00 AM","Einstein Healthcare Network","10,395","Phishing","1,197","Health",,"2,021","2021","1,000-9,999","1-99","7","5","12","true","12",,"false","168","1-99",
"2020 Aug 01 12:00:00 AM","2021 Jan 25 12:00:00 AM","Cyberattack",,,"American Frame Corporation","10,394","Ransomware","954","Business","Retail","2,021","2021","500-999","Unknown",,,,"false",,,"false","177","Unknown",
"2020 Dec 14 12:00:00 AM","2021 Jan 21 12:00:00 AM","Cyberattack","2020 Nov 08 12:00:00 AM","2020 Nov 09 12:00:00 AM","Cardinal Financial Company","10,393","Unclear/unknown","925","Finance",,"2,021","2021","500-999","1-99","0","36","36","false","1","35","false","38","1-99",
"2020 Dec 22 12:00:00 AM","2021 Jan 19 12:00:00 AM","Cyberattack","2020 Feb 07 12:00:00 AM","2020 May 20 12:00:00 AM","Helen Keller International","10,392","Ransomware","534","Non-Profit/Charity",,"2,021","2021","500-999","300-399","0","319","319","false","103","216","false","28","100-199",
"2020 Oct 14 12:00:00 AM","2021 Jan 15 12:00:00 AM","Cyberattack",,,"Walla Walla County, WA","10,391","Unclear/unknown","577","Government",,"2,021","2021","500-999","Unknown",,,,"false",,,"false","93","Unknown",
"2020 Dec 10 12:00:00 AM","2021 Jan 13 12:00:00 AM","Cyberattack","2019 Dec 05 12:00:00 AM","2020 May 15 12:00:00 AM","Waters & Kraus LLP","10,390","Phishing","522","Business","Legal","2,021","2021","500-999","300-399","0","371","371","false","162","209","false","34","100-199",
"2020 Jul 16 12:00:00 AM","2021 Jan 13 12:00:00 AM","Cyberattack","2020 Feb 07 12:00:00 AM","2020 May 20 12:00:00 AM","North Park University","10,389","Ransomware","1,239","Education",,"2,021","2021","1,000-9,999","100-199","0","160","160","false","103","57","false","181","100-199",
"2020 Sep 07 12:00:00 AM","2021 Jan 12 12:00:00 AM","Cyberattack","2020 Aug 31 12:00:00 AM","2020 Sep 07 12:00:00 AM","National Board for Certified Counselors, Inc.","10,388","Malware","9,898","Non-Profit/Charity",,"2,021","2021","1,000-9,999","1-99","0","7","7","true","7",,"true","127","1-99",
"2020 Nov 12 12:00:00 AM","2021 Jan 11 12:00:00 AM","Cyberattack","2020 Nov 09 12:00:00 AM","2020 Nov 12 12:00:00 AM","Jefferson Healthcare","10,387","Phishing","2,496","Health",,"2,021","2021","1,000-9,999","1-99","0","3","3","true","3",,"true","60","1-99",
"2020 Dec 16 12:00:00 AM","2021 Jan 11 12:00:00 AM","Cyberattack","2020 Apr 01 12:00:00 AM","2020 Jun 30 12:00:00 AM","ALE Solutions, Inc.","10,386","Ransomware","736","Business","Other","2,021","2021","500-999","200-299","0","259","259","false","90","169","false","26","1-99",
"2020 Dec 04 12:00:00 AM","2021 Jan 08 12:00:00 AM","Cyberattack","2020 Aug 12 12:00:00 AM","2020 Sep 14 12:00:00 AM","US Fertility, LLC (Seattle Reproductive Medicine)","10,385","Ransomware","47,952","Health",,"2,021","2021","10,000-49,999","100-199","0","114","114","false","33","81","false","35","1-99",
"2020 Jul 16 12:00:00 AM","2021 Jan 08 12:00:00 AM","Cyberattack","2020 Jun 17 12:00:00 AM","2020 Jun 22 12:00:00 AM","North American Partners in Anesthesia","10,384","Phishing","505","Health",,"2,021","2021","500-999","1-99","0","29","29","false","5","24","false","176","1-99",
"2020 Dec 09 12:00:00 AM","2021 Jan 08 12:00:00 AM","Cyberattack","2020 Feb 07 12:00:00 AM","2020 May 20 12:00:00 AM","Convoy of Hope","10,383","Ransomware","1,017","Non-Profit/Charity",,"2,021","2021","1,000-9,999","300-399","0","306","306","false","103","203","false","30","100-199",
"2020 Sep 29 12:00:00 AM","2021 Jan 05 12:00:00 AM","Cyberattack","2020 Feb 07 12:00:00 AM","2020 May 20 12:00:00 AM","Grinnell College","10,382","Ransomware","2,465","Education",,"2,021","2021","1,000-9,999","200-299","0","235","235","false","103","132","false","98","100-199",
"2020 Dec 12 12:00:00 AM","2021 Jan 04 12:00:00 AM","Cyberattack","2020 Dec 12 12:00:00 AM","2020 Dec 26 12:00:00 AM","Peter Pan Seafoods, Inc.","10,381","Ransomware","1,661","Business","Consumable","2,021","2021","1,000-9,999","1-99","14","0","14","true","14",,"false","23","1-99",
"2020 Oct 20 12:00:00 AM","2020 Dec 31 12:00:00 AM","Cyberattack","2020 Oct 20 12:00:00 AM",,"Life Quotes, Inc.","10,380","Ransomware","626","Finance",,"2,021","2021","500-999","Unknown",,"0",,"false",,,"false","72","Unknown",
"2020 Jul 16 12:00:00 AM","2020 Dec 28 12:00:00 AM","Cyberattack","2020 Feb 07 12:00:00 AM","2020 May 20 12:00:00 AM","Pulmonary Hypertension Association, Inc.","10,379","Ransomware","722","Non-Profit/Charity",,"2,021","2021","500-999","100-199","0","160","160","false","103","57","false","165","100-199",
"2020 Dec 02 12:00:00 AM","2020 Dec 28 12:00:00 AM","Theft or Mistake","2020 Nov 30 12:00:00 AM",,"Prime Therapeutics","10,378",,"897","Health",,"2,021","2021","500-999","Unknown",,"2",,"false",,,"false","26","Unknown",
"2020 Nov 11 12:00:00 AM","2020 Dec 23 12:00:00 AM","Cyberattack",,,"Tree Top, Inc.","10,377","Ransomware","9,721","Business","Consumable","2,021","2021","1,000-9,999","Unknown",,,,"false",,,"false","42","Unknown",
"2020 Sep 29 12:00:00 AM","2020 Dec 23 12:00:00 AM","Cyberattack","2019 Oct 01 12:00:00 AM","2020 Aug 20 12:00:00 AM","Metabolic Maintenance Products, Inc.","10,376","Malware","709","Business","Consumable","2,021","2021","500-999","300-399","0","364","364","false","324","40","false","85","300-399",
"2020 Dec 02 12:00:00 AM","2020 Dec 23 12:00:00 AM","Cyberattack","2020 Feb 07 12:00:00 AM","2020 May 20 12:00:00 AM","Bucknell University","10,375","Ransomware","710","Education",,"2,021","2021","500-999","200-299","0","299","299","false","103","196","false","21","100-199",
"2020 Nov 23 12:00:00 AM","2020 Dec 22 12:00:00 AM","Cyberattack","2020 Feb 07 12:00:00 AM","2020 May 20 12:00:00 AM","Cedarville University","10,374","Ransomware","1,706","Education",,"2,021","2021","1,000-9,999","200-299","0","290","290","false","103","187","false","29","100-199",
"2020 Nov 12 12:00:00 AM","2020 Dec 18 12:00:00 AM","Cyberattack","2020 Mar 10 12:00:00 AM","2020 Nov 12 12:00:00 AM","Washington State Bar Association","10,373","Malware","4,051","Government",,"2,021","2021","1,000-9,999","200-299","0","247","247","true","247",,"true","36","200-299",
"2020 Sep 14 12:00:00 AM","2020 Dec 18 12:00:00 AM","Unauthorized Access","2019 Nov 11 12:00:00 AM","2019 Dec 09 12:00:00 AM","Benton County of Washington","10,372",,"820","Government",,"2,021","2021","500-999","300-399","0","308","308","false","28","280","false","95","1-99",
"2020 Nov 06 12:00:00 AM","2020 Dec 16 12:00:00 AM","Cyberattack","2018 May 13 12:00:00 AM","2020 Nov 24 12:00:00 AM","Paysafe Group Holdings Limited","10,371","Unclear/unknown","1,877","Business","Other","2,021","2021","1,000-9,999","500+","18","908","926","true","926",,"false","40","500+",
"2020 Jun 19 12:00:00 AM","2020 Dec 16 12:00:00 AM","Cyberattack","2020 Jun 17 12:00:00 AM","2020 Jun 22 12:00:00 AM","MEDNAX Services, Inc.","10,370","Phishing","29,861","Health",,"2,021","2021","10,000-49,999","1-99","3","2","5","true","5",,"false","180","1-99",
"2020 Sep 28 12:00:00 AM","2020 Dec 16 12:00:00 AM","Cyberattack","2020 Feb 07 12:00:00 AM","2020 May 20 12:00:00 AM","Kappa Delta Foundation","10,369","Ransomware","1,508","Non-Profit/Charity",,"2,021","2021","1,000-9,999","200-299","0","234","234","false","103","131","false","79","100-199",
"2020 Nov 12 12:00:00 AM","2020 Dec 11 12:00:00 AM","Cyberattack","2020 Feb 07 12:00:00 AM","2020 May 20 12:00:00 AM","Fairfield University","10,368","Ransomware","505","Education",,"2,021","2021","500-999","200-299","0","279","279","false","103","176","false","29","100-199",
"2020 Jul 16 12:00:00 AM","2020 Dec 10 12:00:00 AM","Cyberattack","2020 Feb 07 12:00:00 AM","2020 May 20 12:00:00 AM","Oklahoma State University Foundation","10,367","Ransomware","1,334","Non-Profit/Charity",,"2,021","2021","1,000-9,999","100-199","0","160","160","false","103","57","false","147","100-199",
"2020 May 01 12:00:00 AM","2020 Dec 09 12:00:00 AM","Cyberattack",,,"City University of Seattle","10,366","Unclear/unknown","1,097","Education",,"2,021","2021","1,000-9,999","Unknown",,,,"false",,,"false","222","Unknown",
"2020 Oct 25 12:00:00 AM","2020 Dec 04 12:00:00 AM","Cyberattack","2020 Sep 28 12:00:00 AM","2020 Oct 25 12:00:00 AM","USNR, LLC","10,365","Ransomware","1,368","Business","Manufacturing","2,021","2021","1,000-9,999","1-99","0","27","27","true","27",,"true","40","1-99",
"2020 Nov 11 12:00:00 AM","2020 Dec 01 12:00:00 AM","Cyberattack","2020 Nov 04 12:00:00 AM","2020 Nov 19 12:00:00 AM","Stride Inc.","10,364","Ransomware","742","Business","Other","2,021","2021","500-999","1-99","8","7","15","true","15",,"false","20","1-99",
"2020 Oct 14 12:00:00 AM","2020 Dec 01 12:00:00 AM","Cyberattack",,,"Matson Navigation Company","10,363","Unclear/unknown","2,991","Business","Shipping","2,021","2021","1,000-9,999","Unknown",,,,"false",,,"false","48","Unknown",
"2020 Oct 24 12:00:00 AM","2020 Nov 20 12:00:00 AM","Cyberattack","2020 Oct 21 12:00:00 AM","2020 Oct 25 12:00:00 AM","Senior Operations, LLC (Senior Aerospace AMT & Damar AeroSystems)","10,362","Ransomware","2,543","Business","Manufacturing","2,021","2021","1,000-9,999","1-99","1","3","4","true","4",,"false","27","1-99",
"2020 Aug 23 12:00:00 AM","2020 Nov 18 12:00:00 AM","Cyberattack","2020 Jul 11 12:00:00 AM","2020 Aug 23 12:00:00 AM","Windstream Holdings II, LLC","10,361","Unclear/unknown","643","Business","Telecommunications","2,021","2021","500-999","1-99","0","43","43","true","43",,"true","87","1-99",
"2020 Jul 24 12:00:00 AM","2020 Nov 13 12:00:00 AM","Cyberattack","2020 Feb 07 12:00:00 AM","2020 May 20 12:00:00 AM","Georgia Southern University","10,360","Ransomware","552","Education",,"2,021","2021","500-999","100-199","0","168","168","false","103","65","false","112","100-199",
"2020 May 01 12:00:00 AM","2020 Nov 10 12:00:00 AM","Unauthorized Access","2020 Mar 02 12:00:00 AM","2020 Mar 03 12:00:00 AM","Woodruff Sawyer & Co.","10,359",,"2,393","Finance",,"2,021","2021","1,000-9,999","1-99","0","60","60","false","1","59","false","193","1-99",
"2020 Aug 19 12:00:00 AM","2021 Feb 01 12:00:00 AM","Cyberattack","2020 Aug 06 12:00:00 AM",,"Gonzaga University","10,357","Phishing","8,041","Education",,"2,021","2021","1,000-9,999","Unknown",,"13",,"false",,,"false","166","Unknown",
"2020 Nov 29 12:00:00 AM","2021 Jan 29 12:00:00 AM","Cyberattack","2019 May 06 12:00:00 AM","2019 May 15 12:00:00 AM","Grays Harbor Community Hospital","10,356","Ransomware","4,984","Health",,"2,021","2021","1,000-9,999","500+","0","573","573","false","9","564","false","61","1-99",
"2020 Sep 16 12:00:00 AM","2020 Nov 05 12:00:00 AM","Cyberattack","2020 Feb 07 12:00:00 AM","2020 May 20 12:00:00 AM","Green America","10,355","Ransomware","1,127","Non-Profit/Charity",,"2,021","2021","1,000-9,999","200-299","0","222","222","false","103","119","false","50","100-199",
"2020 Jul 24 12:00:00 AM","2020 Nov 04 12:00:00 AM","Unauthorized Access",,,"Amtrak","10,354",,"1,208","Business","Transportation","2,021","2021","1,000-9,999","Unknown",,,,"false",,,"false","103","Unknown",
"2020 Aug 30 12:00:00 AM","2020 Oct 29 12:00:00 AM","Cyberattack",,,"MK Periodontics and Implants","10,353","Ransomware","8,000","Health",,"2,021","2021","1,000-9,999","Unknown",,,,"false",,,"false","60","Unknown",
"2020 Jul 16 12:00:00 AM","2020 Oct 29 12:00:00 AM","Cyberattack","2020 Feb 07 12:00:00 AM","2020 May 20 12:00:00 AM","Feed the Children","10,351","Ransomware","21,257","Non-Profit/Charity",,"2,021","2021","10,000-49,999","100-199","0","160","160","false","103","57","false","105","100-199",
"2020 Jul 06 12:00:00 AM","2020 Oct 28 12:00:00 AM","Cyberattack","2020 Jan 01 12:00:00 AM","2020 Jul 17 12:00:00 AM","JM Bullion, Inc.","10,350","Malware","882","Business","Retail","2,021","2021","500-999","100-199","11","187","198","true","198",,"false","114","100-199",
"2020 Jul 28 12:00:00 AM","2020 Oct 27 12:00:00 AM","Unauthorized Access","2020 Feb 21 12:00:00 AM","2020 Jul 28 12:00:00 AM","TrueFire, LLC","10,349",,"2,633","Business","Manufacturing","2,021","2021","1,000-9,999","100-199","0","158","158","true","158",,"true","91","100-199",
"2020 Aug 28 12:00:00 AM","2020 Oct 27 12:00:00 AM","Cyberattack","2020 Aug 09 12:00:00 AM","2020 Aug 09 12:00:00 AM","Luxottica of America Inc.","10,348","Unclear/unknown","12,166","Business","Accessories","2,021","2021","10,000-49,999","1-99","0","19","19","false","0","19","false","60","0",
"2020 May 31 12:00:00 AM","2020 Oct 27 12:00:00 AM","Cyberattack",,,"Ascend Clinical, LLC","10,347","Phishing","1,959","Health",,"2,021","2021","1,000-9,999","Unknown",,,,"false",,,"false","149","Unknown",
"2020 Sep 27 12:00:00 AM","2020 Oct 25 12:00:00 AM","Theft or Mistake","2020 Sep 27 12:00:00 AM",,"Hi-Line Ranch, Harris Farms, Cherry River Farms","10,346",,"852","Business","Other","2,021","2021","500-999","Unknown",,"0",,"false",,,"false","28","Unknown",
"2020 Sep 10 12:00:00 AM","2020 Oct 22 12:00:00 AM","Cyberattack","2020 Feb 07 12:00:00 AM","2020 May 20 12:00:00 AM","University of Nevada, Las Vegas Foundation","10,345","Ransomware","2,563","Non-Profit/Charity",,"2,021","2021","1,000-9,999","200-299","0","216","216","false","103","113","false","42","100-199",
"2020 Sep 24 12:00:00 AM","2020 Oct 21 12:00:00 AM","Cyberattack",,"2020 Sep 24 12:00:00 AM","Sam's Club","10,344","Other","771","Business","Retail","2,021","2021","500-999","Unknown","0",,,"true",,,"true","27","Unknown",
"2020 Jul 16 12:00:00 AM","2020 Oct 21 12:00:00 AM","Cyberattack","2020 Feb 07 12:00:00 AM","2020 May 20 12:00:00 AM","Carroll College","10,343","Ransomware","2,166","Education",,"2,021","2021","1,000-9,999","100-199","0","160","160","false","103","57","false","97","100-199",
"2020 Sep 18 12:00:00 AM","2020 Oct 16 12:00:00 AM","Theft or Mistake","2020 Sep 18 12:00:00 AM","2020 Sep 18 12:00:00 AM","Wyndham Capital Mortgage, Inc.","10,342",,"569","Finance",,"2,021","2021","500-999","0","0","0","0","true","0",,"true","28","0",
"2020 Aug 31 12:00:00 AM","2020 Oct 16 12:00:00 AM","Theft or Mistake","2020 Aug 29 12:00:00 AM","2020 Aug 30 12:00:00 AM","The Health & Wellness Clinic","10,341",,"889","Health",,"2,021","2021","500-999","1-99","0","2","2","false","1","1","false","46","1-99",
"2020 Sep 14 12:00:00 AM","2020 Oct 15 12:00:00 AM","Cyberattack","2020 Feb 07 12:00:00 AM","2020 May 20 12:00:00 AM","University of Nevada, Reno","10,340","Ransomware","3,361","Education",,"2,021","2021","1,000-9,999","200-299","0","220","220","false","103","117","false","31","100-199",
"2020 Jul 16 12:00:00 AM","2020 Oct 13 12:00:00 AM","Cyberattack","2020 Feb 07 12:00:00 AM","2020 May 20 12:00:00 AM","Forest Ridge School of the Sacred Heart","10,339","Ransomware","555","Education",,"2,021","2021","500-999","100-199","0","160","160","false","103","57","false","89","100-199",
"2020 Jul 01 12:00:00 AM","2020 Oct 12 12:00:00 AM","Cyberattack","2020 Jun 24 12:00:00 AM","2020 Jul 01 12:00:00 AM","EyeMed Vision Care LLC","10,338","Phishing","19,625","Health",,"2,021","2021","10,000-49,999","1-99","0","7","7","true","7",,"true","103","1-99",
"2020 Sep 14 12:00:00 AM","2020 Oct 12 12:00:00 AM","Cyberattack","2020 Feb 07 12:00:00 AM","2020 May 20 12:00:00 AM","ZERO - The End of Prostate Cancer","10,335","Ransomware","1,139","Non-Profit/Charity",,"2,021","2021","1,000-9,999","200-299","0","220","220","false","103","117","false","28","100-199",
"2020 Sep 24 12:00:00 AM","2020 Oct 12 12:00:00 AM","Cyberattack","2020 Sep 14 12:00:00 AM","2020 Sep 24 12:00:00 AM","Evergreen Public Schools","10,334","Unclear/unknown","3,585","Education",,"2,021","2021","1,000-9,999","1-99","0","10","10","true","10",,"true","18","1-99",
"2020 Sep 18 12:00:00 AM","2020 Oct 06 12:00:00 AM","Unauthorized Access",,,"Gymshark Limited","10,333",,"59,769","Business","Clothing","2,021","2021","50,000-999,999","Unknown",,,,"false",,,"false","18","Unknown",
"2020 Aug 28 12:00:00 AM","2020 Oct 02 12:00:00 AM","Cyberattack","2020 Feb 07 12:00:00 AM","2020 May 20 12:00:00 AM","Farm Sanctuary, Inc.","10,332","Ransomware","1,065","Non-Profit/Charity",,"2,021","2021","1,000-9,999","200-299","0","203","203","false","103","100","false","35","100-199",
,"2020 Oct 01 12:00:00 AM","Cyberattack","2020 Feb 07 12:00:00 AM","2020 May 20 12:00:00 AM","Gallaudet University","10,331","Ransomware","1,195","Education",,"2,021","2021","1,000-9,999","Unknown",,,,"false","103",,"false",,"100-199",
"2020 Sep 08 12:00:00 AM","2020 Sep 30 12:00:00 AM","Cyberattack","2020 Feb 07 12:00:00 AM","2020 May 20 12:00:00 AM","World Relief","10,330","Ransomware","734","Non-Profit/Charity",,"2,021","2021","500-999","200-299","0","214","214","false","103","111","false","22","100-199",
"2020 May 01 12:00:00 AM","2020 Sep 30 12:00:00 AM","Cyberattack",,,"Northwest Eye Surgeons, P.C. and Sight Partners LLC","10,329","Ransomware","6,809","Health",,"2,021","2021","1,000-9,999","Unknown",,,,"false",,,"false","152","Unknown",
"2020 Aug 31 12:00:00 AM","2020 Sep 30 12:00:00 AM","Cyberattack","2020 Feb 01 12:00:00 AM","2020 Aug 31 12:00:00 AM","Made in Oregon","10,328","Unclear/unknown","537","Business","Retail","2,021","2021","500-999","200-299","0","212","212","true","212",,"true","30","200-299",
"2020 Jul 10 12:00:00 AM","2020 Sep 29 12:00:00 AM","Unauthorized Access",,,"Spire Hospitality, LLC","10,327",,"516","Business","Hospitality","2,021","2021","500-999","Unknown",,,,"false",,,"false","81","Unknown",
"2020 Aug 20 12:00:00 AM","2020 Sep 29 12:00:00 AM","Cyberattack","2020 Mar 30 12:00:00 AM","2020 May 14 12:00:00 AM","CBD Industries, LLC","10,326","Malware","1,088","Business","Consumable","2,021","2021","1,000-9,999","100-199","0","143","143","false","45","98","false","40","1-99",
"2020 Jul 16 12:00:00 AM","2020 Sep 28 12:00:00 AM","Cyberattack","2020 Feb 07 12:00:00 AM","2020 May 20 12:00:00 AM","Mary's Place","10,324","Ransomware","10,000","Non-Profit/Charity",,"2,021","2021","10,000-49,999","100-199","0","160","160","false","103","57","false","74","100-199",
"2020 Aug 30 12:00:00 AM","2020 Sep 28 12:00:00 AM","Theft or Mistake","2020 Aug 30 12:00:00 AM",,"5th Avenue Theatre Association","10,323",,"3,468","Non-Profit/Charity",,"2,021","2021","1,000-9,999","Unknown",,"0",,"false",,,"false","29","Unknown",
"2020 Sep 17 12:00:00 AM","2020 Sep 25 12:00:00 AM","Cyberattack","2020 Jul 14 12:00:00 AM","2020 Jul 19 12:00:00 AM","Bayley Construction","10,321","Ransomware","938","Business","Construction","2,021","2021","500-999","1-99","0","65","65","false","5","60","false","8","1-99",
"2020 Jul 17 12:00:00 AM","2020 Sep 23 12:00:00 AM","Cyberattack","2020 Feb 07 12:00:00 AM","2020 May 20 12:00:00 AM","Point Loma Nazarene University","10,320","Ransomware","1,967","Education",,"2,021","2021","1,000-9,999","100-199","0","161","161","false","103","58","false","68","100-199",
"2020 Jul 30 12:00:00 AM","2020 Sep 18 12:00:00 AM","Theft or Mistake","2020 Jul 30 12:00:00 AM",,"U.S. Bank","10,319",,"1,292","Finance",,"2,021","2021","1,000-9,999","Unknown",,"0",,"false",,,"false","50","Unknown",
"2020 Aug 20 12:00:00 AM","2020 Sep 18 12:00:00 AM","Theft or Mistake","2020 Aug 20 12:00:00 AM",,"St. Hubert's Church","10,318",,"657","Non-Profit/Charity",,"2,021","2021","500-999","Unknown",,"0",,"false",,,"false","29","Unknown",
"2020 Jul 16 12:00:00 AM","2020 Sep 18 12:00:00 AM","Cyberattack","2020 Feb 07 12:00:00 AM","2020 May 20 12:00:00 AM","Minnesota State University Mankato Foundation","10,317","Ransomware","1,134","Non-Profit/Charity",,"2,021","2021","1,000-9,999","100-199","0","160","160","false","103","57","false","64","100-199",
"2020 Aug 20 12:00:00 AM","2020 Sep 18 12:00:00 AM","Cyberattack","2020 Feb 07 12:00:00 AM","2020 May 20 12:00:00 AM","Joslin Diabetes Center","10,316","Ransomware","1,212","Health",,"2,021","2021","1,000-9,999","100-199","0","195","195","false","103","92","false","29","100-199",
"2020 Jul 16 12:00:00 AM","2020 Sep 18 12:00:00 AM","Cyberattack","2020 Feb 07 12:00:00 AM","2020 May 20 12:00:00 AM","Homeward Pet Adoption Center","10,315","Ransomware","36,050","Non-Profit/Charity",,"2,021","2021","10,000-49,999","100-199","0","160","160","false","103","57","false","64","100-199",
"2020 Dec 21 12:00:00 AM","2021 Feb 10 12:00:00 AM","Cyberattack",,,"City of Ellensburg, Washington","10,314","Ransomware","8,523","Government",,"2,021","2021","1,000-9,999","Unknown",,,,"false",,,"false","51","Unknown",
"2020 Aug 21 12:00:00 AM","2020 Sep 18 12:00:00 AM","Cyberattack","2020 Apr 26 12:00:00 AM","2020 Aug 03 12:00:00 AM","FabFitFun, Inc.","10,313","Malware","11,094","Business","Retail","2,021","2021","10,000-49,999","100-199","0","117","117","false","99","18","false","28","1-99",
"2020 Jul 16 12:00:00 AM","2020 Sep 18 12:00:00 AM","Cyberattack","2020 Feb 07 12:00:00 AM","2020 May 20 12:00:00 AM","Ball State University Foundation","10,312","Ransomware","755","Non-Profit/Charity",,"2,021","2021","500-999","100-199","0","160","160","false","103","57","false","64","100-199",
"2020 Sep 09 12:00:00 AM","2020 Sep 17 12:00:00 AM","Cyberattack","2020 Feb 07 12:00:00 AM","2020 May 20 12:00:00 AM","Western Washington University Foundation","10,311","Ransomware","165,000","Education",,"2,021","2021","50,000-999,999","200-299","0","215","215","false","103","112","false","8","100-199",
,"2020 Sep 17 12:00:00 AM","Cyberattack","2020 Feb 07 12:00:00 AM","2020 May 20 12:00:00 AM","Tidewater Community College Education Foundation","10,310","Ransomware","1,029","Non-Profit/Charity",,"2,021","2021","1,000-9,999","Unknown",,,,"false","103",,"false",,"100-199",
"2020 Aug 14 12:00:00 AM","2020 Sep 17 12:00:00 AM","Cyberattack","2019 Jul 14 12:00:00 AM","2020 Jun 30 12:00:00 AM","Greenworks Tools","10,308","Malware","679","Business","Retail","2,021","2021","500-999","300-399","0","397","397","false","352","45","false","34","300-399",
,"2020 Sep 15 12:00:00 AM","Cyberattack","2020 Feb 07 12:00:00 AM","2020 May 20 12:00:00 AM","American Medical Association Foundation","10,307","Ransomware","1,369","Non-Profit/Charity",,"2,021","2021","1,000-9,999","Unknown",,,,"false","103",,"false",,"100-199",
,"2020 Sep 11 12:00:00 AM","Cyberattack","2020 Feb 07 12:00:00 AM","2020 May 20 12:00:00 AM","YouthCare","10,304","Ransomware","3,410","Non-Profit/Charity",,"2,021","2021","1,000-9,999","Unknown",,,,"false","103",,"false",,"100-199",
"2020 Jul 16 12:00:00 AM","2020 Sep 09 12:00:00 AM","Cyberattack","2020 Feb 07 12:00:00 AM","2020 May 20 12:00:00 AM","KidsQuest Children's Museum","10,303","Ransomware","57,024","Non-Profit/Charity",,"2,021","2021","50,000-999,999","100-199","0","160","160","false","103","57","false","55","100-199",
"2020 Aug 10 12:00:00 AM","2020 Sep 09 12:00:00 AM","Cyberattack","2020 Feb 07 12:00:00 AM","2020 May 20 12:00:00 AM","Inova Health System","10,302","Ransomware","2,470","Health",,"2,021","2021","1,000-9,999","100-199","0","185","185","false","103","82","false","30","100-199",
"2020 Jul 16 12:00:00 AM","2020 Sep 08 12:00:00 AM","Cyberattack","2020 Feb 07 12:00:00 AM","2020 May 20 12:00:00 AM","Pacific University Oregon","10,301","Ransomware","9,196","Education",,"2,021","2021","1,000-9,999","100-199","0","160","160","false","103","57","false","54","100-199",
"2020 Jul 16 12:00:00 AM","2020 Sep 08 12:00:00 AM","Cyberattack","2020 Feb 07 12:00:00 AM","2020 May 20 12:00:00 AM","Virginia Mason Medical Center","10,300","Ransomware","227,371","Health",,"2,021","2021","50,000-999,999","100-199","0","160","160","false","103","57","false","54","100-199",
"2020 Aug 11 12:00:00 AM","2020 Sep 08 12:00:00 AM","Cyberattack","2020 Feb 07 12:00:00 AM","2020 May 20 12:00:00 AM","The University of Notre Dame","10,299","Ransomware","3,209","Education",,"2,021","2021","1,000-9,999","100-199","0","186","186","false","103","83","false","28","100-199",
"2020 Aug 14 12:00:00 AM","2020 Sep 08 12:00:00 AM","Cyberattack","2020 Feb 07 12:00:00 AM","2020 May 20 12:00:00 AM","Saybrook University","10,298","Ransomware","935","Education",,"2,021","2021","500-999","100-199","0","189","189","false","103","86","false","25","100-199",
"2020 Jul 16 12:00:00 AM","2020 Sep 14 12:00:00 AM","Cyberattack","2020 Feb 07 12:00:00 AM","2020 May 20 12:00:00 AM","AARP, Inc. & AARP Foundation","10,297","Ransomware","248,615","Non-Profit/Charity",,"2,021","2021","50,000-999,999","100-199","0","160","160","false","103","57","false","60","100-199",
"2019 Nov 17 12:00:00 AM","2020 Sep 11 12:00:00 AM","Unauthorized Access","2019 Nov 07 12:00:00 AM","2020 Feb 03 12:00:00 AM","CorePower Yoga, LLC","10,296",,"618","Business","Fitness","2,021","2021","500-999","1-99","78","10","88","true","88",,"false","299","1-99",
"2020 Aug 11 12:00:00 AM","2020 Sep 08 12:00:00 AM","Cyberattack","2020 Feb 07 12:00:00 AM","2020 May 20 12:00:00 AM","NOLS","10,295","Ransomware","3,049","Non-Profit/Charity",,"2,021","2021","1,000-9,999","100-199","0","186","186","false","103","83","false","28","100-199",
"2020 Aug 11 12:00:00 AM","2020 Sep 08 12:00:00 AM","Cyberattack","2020 Feb 07 12:00:00 AM","2020 May 20 12:00:00 AM","Florida International University Foundation","10,294","Ransomware","922","Education",,"2,021","2021","500-999","100-199","0","186","186","false","103","83","false","28","100-199",
"2020 Jul 16 12:00:00 AM","2020 Sep 07 12:00:00 AM","Cyberattack","2020 Feb 07 12:00:00 AM","2020 May 20 12:00:00 AM","Operation Homefront","10,293","Ransomware","5,272","Non-Profit/Charity",,"2,021","2021","1,000-9,999","100-199","0","160","160","false","103","57","false","53","100-199",
"2020 Aug 05 12:00:00 AM","2020 Sep 04 12:00:00 AM","Cyberattack","2020 Feb 07 12:00:00 AM","2020 May 20 12:00:00 AM","Southern Adventist University","10,292","Ransomware","1,336","Education",,"2,021","2021","1,000-9,999","100-199","0","180","180","false","103","77","false","30","100-199",
"2020 Aug 27 12:00:00 AM","2020 Sep 04 12:00:00 AM","Cyberattack","2020 Feb 07 12:00:00 AM","2020 May 20 12:00:00 AM","Navy League of the United States","10,291","Ransomware","1,398","Non-Profit/Charity",,"2,021","2021","1,000-9,999","200-299","0","202","202","false","103","99","false","8","100-199",
"2020 Aug 14 12:00:00 AM","2020 Sep 04 12:00:00 AM","Cyberattack","2020 Feb 07 12:00:00 AM","2020 May 20 12:00:00 AM","Hydrocephalus Association","10,290","Ransomware","835","Non-Profit/Charity",,"2,021","2021","500-999","100-199","0","189","189","false","103","86","false","21","100-199",
"2020 Aug 05 12:00:00 AM","2020 Sep 04 12:00:00 AM","Cyberattack","2020 Feb 07 12:00:00 AM","2020 May 20 12:00:00 AM","Drake University","10,289","Ransomware","1,050","Education",,"2,021","2021","1,000-9,999","100-199","0","180","180","false","103","77","false","30","100-199",
"2020 Aug 05 12:00:00 AM","2020 Sep 04 12:00:00 AM","Cyberattack","2020 Feb 07 12:00:00 AM","2020 May 20 12:00:00 AM","Children's Home Society of Washington","10,288","Ransomware","564","Non-Profit/Charity",,"2,021","2021","500-999","100-199","0","180","180","false","103","77","false","30","100-199",
"2020 Jan 15 12:00:00 AM","2020 Sep 04 12:00:00 AM","Cyberattack","2020 Jan 05 12:00:00 AM","2020 Jan 08 12:00:00 AM","Artech, L.L.C.","10,287","Ransomware","1,664","Business","Human Resources","2,021","2021","1,000-9,999","1-99","0","10","10","false","3","7","false","233","1-99",
"2020 Jul 16 12:00:00 AM","2020 Sep 03 12:00:00 AM","Cyberattack","2020 Feb 07 12:00:00 AM","2020 May 20 12:00:00 AM","Polycystic Kidney Disease Foundation","10,286","Ransomware","8,052","Non-Profit/Charity",,"2,021","2021","1,000-9,999","100-199","0","160","160","false","103","57","false","49","100-199",
"2020 Aug 21 12:00:00 AM","2020 Sep 03 12:00:00 AM","Unauthorized Access","2020 Jul 10 12:00:00 AM","2020 Jul 10 12:00:00 AM","Osmose Utilities Services, Inc.","10,285",,"577","Business","Construction","2,021","2021","500-999","1-99","0","42","42","false","0","42","false","13","0",
"2020 Aug 19 12:00:00 AM","2020 Sep 03 12:00:00 AM","Cyberattack","2020 Feb 07 12:00:00 AM","2020 May 20 12:00:00 AM","Olympic College Foundation","10,284","Ransomware","25,583","Non-Profit/Charity",,"2,021","2021","10,000-49,999","100-199","0","194","194","false","103","91","false","15","100-199",
"2020 Jul 11 12:00:00 AM","2020 Sep 03 12:00:00 AM","Cyberattack","2020 Jun 19 12:00:00 AM","2020 Jul 11 12:00:00 AM","Live Auctioneers","10,283","Malware","38,523","Business","Other","2,021","2021","10,000-49,999","1-99","0","22","22","true","22",,"true","54","1-99",
"2020 Aug 05 12:00:00 AM","2020 Sep 02 12:00:00 AM","Cyberattack","2020 Apr 25 12:00:00 AM","2020 Aug 05 12:00:00 AM","Warner Music Group","10,282","Malware","3,368","Business","Entertainment","2,021","2021","1,000-9,999","100-199","0","102","102","true","102",,"true","28","100-199",
"2020 Jul 16 12:00:00 AM","2020 Sep 02 12:00:00 AM","Cyberattack","2020 Feb 07 12:00:00 AM","2020 May 20 12:00:00 AM","University of Rhode Island Foundation","10,281","Ransomware","500","Non-Profit/Charity",,"2,021","2021","500-999","100-199","0","160","160","false","103","57","false","48","100-199",
"2020 Aug 11 12:00:00 AM","2020 Sep 02 12:00:00 AM","Cyberattack","2020 Feb 07 12:00:00 AM","2020 May 20 12:00:00 AM","University of North Dakota Alumni Association and Foundation","10,280","Ransomware","2,687","Non-Profit/Charity",,"2,021","2021","1,000-9,999","100-199","0","186","186","false","103","83","false","22","100-199",
"2020 Aug 03 12:00:00 AM","2020 Sep 02 12:00:00 AM","Cyberattack","2020 May 27 12:00:00 AM","2020 Aug 03 12:00:00 AM","Nutranext","10,279","Malware","580","Business","Consumable","2,021","2021","500-999","1-99","0","68","68","true","68",,"true","30","1-99",
"2020 Jul 16 12:00:00 AM","2020 Sep 02 12:00:00 AM","Cyberattack","2020 Feb 07 12:00:00 AM","2020 May 20 12:00:00 AM","Hamline University","10,278","Ransomware","1,066","Education",,"2,021","2021","1,000-9,999","100-199","0","160","160","false","103","57","false","48","100-199",
"2020 Aug 18 12:00:00 AM","2020 Sep 15 12:00:00 AM","Cyberattack","2020 Feb 07 12:00:00 AM","2020 May 20 12:00:00 AM","American Heart Association","10,277","Ransomware","7,658","Non-Profit/Charity",,"2,021","2021","1,000-9,999","100-199","0","193","193","false","103","90","false","28","100-199",
"2020 Jul 16 12:00:00 AM","2020 Sep 14 12:00:00 AM","Cyberattack","2020 Feb 07 12:00:00 AM","2020 May 20 12:00:00 AM","Jewish Family Service","10,276","Ransomware","3,204","Non-Profit/Charity",,"2,021","2021","1,000-9,999","100-199","0","160","160","false","103","57","false","60","100-199",
"2020 Aug 07 12:00:00 AM","2020 Sep 14 12:00:00 AM","Cyberattack","2020 Feb 07 12:00:00 AM","2020 May 20 12:00:00 AM","Children's Cancer Association","10,275","Ransomware","1,752","Non-Profit/Charity",,"2,021","2021","1,000-9,999","100-199","0","182","182","false","103","79","false","38","100-199",
"2020 Jul 16 12:00:00 AM","2020 Sep 01 12:00:00 AM","Cyberattack","2020 Feb 07 12:00:00 AM","2020 May 20 12:00:00 AM","Guide Dogs for the Blind, Inc.","10,274","Ransomware","8,169","Non-Profit/Charity",,"2,021","2021","1,000-9,999","100-199","0","160","160","false","103","57","false","47","100-199",
"2020 Aug 06 12:00:00 AM","2020 Aug 31 12:00:00 AM","Cyberattack","2020 Feb 07 12:00:00 AM","2020 May 20 12:00:00 AM","The Open Window School","10,273","Ransomware","1,929","Education",,"2,021","2021","1,000-9,999","100-199","0","181","181","false","103","78","false","25","100-199",
"2020 Jul 16 12:00:00 AM","2020 Aug 31 12:00:00 AM","Cyberattack","2020 Feb 07 12:00:00 AM","2020 May 20 12:00:00 AM","Planned Parenthood Los Angeles","10,272","Ransomware","1,027","Non-Profit/Charity",,"2,021","2021","1,000-9,999","100-199","0","160","160","false","103","57","false","46","100-199",
"2020 May 19 12:00:00 AM","2020 Aug 31 12:00:00 AM","Cyberattack","2020 May 15 12:00:00 AM","2020 May 17 12:00:00 AM","Assured Imaging","10,271","Ransomware","37,702","Health",,"2,021","2021","10,000-49,999","1-99","0","4","4","false","2","2","false","104","1-99",
"2020 Jul 16 12:00:00 AM","2020 Aug 28 12:00:00 AM","Cyberattack","2020 Feb 07 12:00:00 AM","2020 May 20 12:00:00 AM","University of Alaska Foundation","10,269","Ransomware","6,586","Non-Profit/Charity",,"2,021","2021","1,000-9,999","100-199","0","160","160","false","103","57","false","43","100-199",
"2020 Jul 27 12:00:00 AM","2020 Aug 28 12:00:00 AM","Cyberattack","2019 Jun 01 12:00:00 AM","2020 Jun 17 12:00:00 AM","AliMed, Inc.","10,268","Malware","672","Business","Manufacturing","2,021","2021","500-999","400-499","0","422","422","false","382","40","false","32","300-399",
"2020 Jul 16 12:00:00 AM","2020 Aug 27 12:00:00 AM","Cyberattack","2020 Feb 07 12:00:00 AM","2020 May 20 12:00:00 AM","University of Puget Sound","10,267","Ransomware","1,429","Education",,"2,021","2021","1,000-9,999","100-199","0","160","160","false","103","57","false","42","100-199",
"2020 Jul 16 12:00:00 AM","2020 Aug 27 12:00:00 AM","Cyberattack","2020 Feb 07 12:00:00 AM","2020 May 20 12:00:00 AM","The Omicron Delta Kappa Society and Educational Foundation, Inc.","10,266","Ransomware","1,753","Non-Profit/Charity",,"2,021","2021","1,000-9,999","100-199","0","160","160","false","103","57","false","42","100-199",
"2020 Jul 27 12:00:00 AM","2020 Aug 26 12:00:00 AM","Cyberattack","2019 Oct 01 12:00:00 AM","2020 Apr 08 12:00:00 AM","Stericycle, Inc.","10,265","Malware","1,284","Business","Professional Services","2,021","2021","1,000-9,999","300-399","0","300","300","false","190","110","false","30","100-199",
"2020 Jan 12 12:00:00 AM","2020 Aug 25 12:00:00 AM","Cyberattack",,,"Westcor Land Title Insurance Company","10,264","Malware","979","Finance",,"2,021","2021","500-999","Unknown",,,,"false",,,"false","226","Unknown",
"2020 Jul 16 12:00:00 AM","2020 Aug 24 12:00:00 AM","Cyberattack","2020 Feb 07 12:00:00 AM","2020 May 20 12:00:00 AM","Southern New Hampshire University","10,263","Ransomware","1,826","Education",,"2,021","2021","1,000-9,999","100-199","0","160","160","false","103","57","false","39","100-199",
"2020 Jul 16 12:00:00 AM","2020 Aug 24 12:00:00 AM","Cyberattack","2020 Feb 07 12:00:00 AM","2020 May 20 12:00:00 AM","Planned Parenthood of the Great Northwest and the Hawaiian Islands","10,262","Ransomware","60,813","Non-Profit/Charity",,"2,021","2021","50,000-999,999","100-199","0","160","160","false","103","57","false","39","100-199",
"2020 Jul 16 12:00:00 AM","2020 Aug 21 12:00:00 AM","Cyberattack","2020 Feb 07 12:00:00 AM","2020 May 20 12:00:00 AM","West Virginia University Foundation","10,261","Ransomware","1,015","Non-Profit/Charity",,"2,021","2021","1,000-9,999","100-199","0","160","160","false","103","57","false","36","100-199",
"2020 Jul 16 12:00:00 AM","2020 Aug 21 12:00:00 AM","Cyberattack","2020 Feb 07 12:00:00 AM","2020 May 20 12:00:00 AM","National Parks Conservation Association","10,260","Ransomware","12,640","Non-Profit/Charity",,"2,021","2021","10,000-49,999","100-199","0","160","160","false","103","57","false","36","100-199",
"2020 Jul 16 12:00:00 AM","2020 Aug 21 12:00:00 AM","Cyberattack","2020 Feb 07 12:00:00 AM","2020 May 20 12:00:00 AM","MultiCare Health System","10,259","Ransomware","302,769","Health",,"2,021","2021","50,000-999,999","100-199","0","160","160","false","103","57","false","36","100-199",
"2020 Jul 16 12:00:00 AM","2020 Aug 21 12:00:00 AM","Cyberattack","2020 Feb 07 12:00:00 AM","2020 May 20 12:00:00 AM","Heifer Project International","10,257","Ransomware","120,041","Non-Profit/Charity",,"2,021","2021","50,000-999,999","100-199","0","160","160","false","103","57","false","36","100-199",
"2020 Apr 06 12:00:00 AM","2020 Aug 21 12:00:00 AM","Cyberattack","2020 Apr 06 12:00:00 AM","2020 Apr 06 12:00:00 AM","Cetera Financial Group, Inc.","10,256","Unclear/unknown","2,760","Finance",,"2,021","2021","1,000-9,999","0","0","0","0","true","0",,"true","137","0",
"2020 Jul 16 12:00:00 AM","2020 Aug 21 12:00:00 AM","Cyberattack","2020 Feb 07 12:00:00 AM","2020 May 20 12:00:00 AM","Boy Scouts of America","10,255","Ransomware","981,068","Non-Profit/Charity",,"2,021","2021","50,000-999,999","100-199","0","160","160","false","103","57","false","36","100-199",
"2020 Jul 16 12:00:00 AM","2020 Aug 20 12:00:00 AM","Cyberattack","2020 Feb 07 12:00:00 AM","2020 May 20 12:00:00 AM","UWM-Foundation","10,254","Ransomware","1,357","Non-Profit/Charity",,"2,021","2021","1,000-9,999","100-199","0","160","160","false","103","57","false","35","100-199",
"2020 Jul 01 12:00:00 AM","2020 Aug 20 12:00:00 AM","Unauthorized Access","2020 Jun 23 12:00:00 AM","2020 Jul 01 12:00:00 AM","Dave, Inc.","10,253",,"40,998","Business","Software","2,021","2021","10,000-49,999","1-99","0","8","8","true","8",,"true","50","1-99",
"2020 Jul 16 12:00:00 AM","2020 Aug 19 12:00:00 AM","Cyberattack","2020 Feb 07 12:00:00 AM","2020 May 20 12:00:00 AM","Ronald McDonald House Charities","10,252","Ransomware","911","Non-Profit/Charity",,"2,021","2021","500-999","100-199","0","160","160","false","103","57","false","34","100-199",
"2020 Jul 16 12:00:00 AM","2020 Aug 19 12:00:00 AM","Cyberattack","2020 Feb 07 12:00:00 AM","2020 May 20 12:00:00 AM","California Lutheran University","10,251","Ransomware","3,549","Education",,"2,021","2021","1,000-9,999","100-199","0","160","160","false","103","57","false","34","100-199",
"2020 Jul 13 12:00:00 AM","2020 Aug 19 12:00:00 AM","Cyberattack","2020 May 13 12:00:00 AM","2020 Jul 13 12:00:00 AM","American Payroll Association","10,250","Malware","548","Business","Other","2,021","2021","500-999","1-99","0","61","61","true","61",,"true","37","1-99",
"2020 Jul 16 12:00:00 AM","2020 Aug 18 12:00:00 AM","Cyberattack","2020 Feb 07 12:00:00 AM","2020 May 20 12:00:00 AM","University of South Carolina","10,249","Ransomware","1,165","Education",,"2,021","2021","1,000-9,999","100-199","0","160","160","false","103","57","false","33","100-199",
"2020 Jul 16 12:00:00 AM","2020 Aug 17 12:00:00 AM","Cyberattack","2020 Feb 07 12:00:00 AM","2020 May 20 12:00:00 AM","Washington State University Foundation","10,248","Ransomware","334,219","Non-Profit/Charity",,"2,021","2021","50,000-999,999","100-199","0","160","160","false","103","57","false","32","100-199",
"2020 Jul 17 12:00:00 AM","2020 Aug 17 12:00:00 AM","Cyberattack","2020 Feb 07 12:00:00 AM","2020 May 20 12:00:00 AM","Phi Kappa Psi Fraternity","10,247","Ransomware","677","Finance",,"2,021","2021","500-999","100-199","0","161","161","false","103","58","false","31","100-199",
"2020 May 20 12:00:00 AM","2020 Aug 17 12:00:00 AM","Cyberattack","2020 Jan 27 12:00:00 AM",,"Mammoth Media, Inc.","10,246","Unclear/unknown",,"Business","Software","2,021","2021","Unknown","Unknown",,"114",,"false",,,"false","89","Unknown",
"2020 Jul 16 12:00:00 AM","2020 Aug 17 12:00:00 AM","Cyberattack","2020 Feb 07 12:00:00 AM","2020 May 20 12:00:00 AM","Gonzaga Preparatory School","10,245","Ransomware","5,000","Education",,"2,021","2021","1,000-9,999","100-199","0","160","160","false","103","57","false","32","100-199",
"2020 Jul 16 12:00:00 AM","2020 Aug 17 12:00:00 AM","Cyberattack","2020 Feb 07 12:00:00 AM","2020 May 20 12:00:00 AM","Colby College","10,244","Ransomware","606","Education",,"2,021","2021","500-999","100-199","0","160","160","false","103","57","false","32","100-199",
"2020 Jul 16 12:00:00 AM","2020 Aug 16 12:00:00 AM","Cyberattack","2020 Feb 07 12:00:00 AM","2020 May 20 12:00:00 AM","Excelsior College","10,243","Ransomware","4,069","Education",,"2,021","2021","1,000-9,999","100-199","0","160","160","false","103","57","false","31","100-199",
"2020 Jul 16 12:00:00 AM","2020 Aug 14 12:00:00 AM","Cyberattack","2020 Feb 07 12:00:00 AM","2020 May 20 12:00:00 AM","University of Minnesota Foundation","10,241","Ransomware","6,460","Non-Profit/Charity",,"2,021","2021","1,000-9,999","100-199","0","160","160","false","103","57","false","29","100-199",
"2020 Jul 16 12:00:00 AM","2020 Aug 14 12:00:00 AM","Cyberattack","2020 Feb 07 12:00:00 AM","2020 May 20 12:00:00 AM","St. Joseph School","10,239","Ransomware","5,142","Education",,"2,021","2021","1,000-9,999","100-199","0","160","160","false","103","57","false","29","100-199",
"2020 Jul 16 12:00:00 AM","2020 Aug 14 12:00:00 AM","Cyberattack","2020 Feb 07 12:00:00 AM","2020 May 20 12:00:00 AM","ShelterBox USA","10,238","Ransomware","778","Non-Profit/Charity",,"2,021","2021","500-999","100-199","0","160","160","false","103","57","false","29","100-199",
"2020 Jul 16 12:00:00 AM","2020 Aug 14 12:00:00 AM","Cyberattack","2020 Feb 07 12:00:00 AM","2020 May 20 12:00:00 AM","Save the Children","10,237","Ransomware","47,465","Non-Profit/Charity",,"2,021","2021","10,000-49,999","100-199","0","160","160","false","103","57","false","29","100-199",
"2020 Jul 16 12:00:00 AM","2020 Aug 14 12:00:00 AM","Cyberattack","2020 Feb 07 12:00:00 AM","2020 May 20 12:00:00 AM","Portland Community College Foundation","10,236","Ransomware","17,908","Non-Profit/Charity",,"2,021","2021","10,000-49,999","100-199","0","160","160","false","103","57","false","29","100-199",
"2020 Jul 16 12:00:00 AM","2020 Aug 14 12:00:00 AM","Cyberattack","2020 Feb 07 12:00:00 AM","2020 May 20 12:00:00 AM","Planned Parenthood of the Columbia Willamette, Inc.","10,235","Ransomware","2,866","Non-Profit/Charity",,"2,021","2021","1,000-9,999","100-199","0","160","160","false","103","57","false","29","100-199",
"2020 Jul 16 12:00:00 AM","2020 Aug 14 12:00:00 AM","Cyberattack","2020 Feb 07 12:00:00 AM","2020 May 20 12:00:00 AM","Metropolitan State University Denver Foundation","10,234","Ransomware","1,235","Non-Profit/Charity",,"2,021","2021","1,000-9,999","100-199","0","160","160","false","103","57","false","29","100-199",
"2020 Jul 16 12:00:00 AM","2020 Aug 14 12:00:00 AM","Cyberattack","2020 Feb 07 12:00:00 AM","2020 May 20 12:00:00 AM","March of Dimes","10,233","Ransomware","446,097","Non-Profit/Charity",,"2,021","2021","50,000-999,999","100-199","0","160","160","false","103","57","false","29","100-199",
"2020 Jul 20 12:00:00 AM","2020 Aug 14 12:00:00 AM","Cyberattack","2019 Jul 15 12:00:00 AM","2020 Jul 10 12:00:00 AM","Filters Fast, LLC","10,232","Malware","6,584","Business","Retail","2,021","2021","1,000-9,999","300-399","0","371","371","false","361","10","false","25","300-399",
"2020 Jul 16 12:00:00 AM","2020 Aug 14 12:00:00 AM","Cyberattack","2020 Feb 07 12:00:00 AM","2020 May 20 12:00:00 AM","EMILY's List","10,231","Ransomware","9,325","Business","Other","2,021","2021","1,000-9,999","100-199","0","160","160","false","103","57","false","29","100-199",
"2020 Jul 16 12:00:00 AM","2020 Aug 14 12:00:00 AM","Cyberattack","2020 Feb 07 12:00:00 AM","2020 May 20 12:00:00 AM","Denver Dumb Friends League","10,230","Ransomware","655","Non-Profit/Charity",,"2,021","2021","500-999","100-199","0","160","160","false","103","57","false","29","100-199",
"2020 Jul 16 12:00:00 AM","2020 Aug 14 12:00:00 AM","Cyberattack","2020 Feb 07 12:00:00 AM","2020 May 20 12:00:00 AM","Confluence Health Foundation","10,229","Ransomware","1,132","Health",,"2,021","2021","1,000-9,999","100-199","0","160","160","false","103","57","false","29","100-199",
"2020 Jul 16 12:00:00 AM","2020 Aug 14 12:00:00 AM","Cyberattack","2020 Feb 07 12:00:00 AM","2020 May 20 12:00:00 AM","Boston University","10,228","Ransomware","7,067","Education",,"2,021","2021","1,000-9,999","100-199","0","160","160","false","103","57","false","29","100-199",
"2020 Jul 16 12:00:00 AM","2020 Aug 14 12:00:00 AM","Cyberattack","2020 Feb 07 12:00:00 AM","2020 May 20 12:00:00 AM","Bishop Blanchet High School","10,227","Ransomware","3,162","Education",,"2,021","2021","1,000-9,999","100-199","0","160","160","false","103","57","false","29","100-199",
"2020 Jul 16 12:00:00 AM","2020 Aug 14 12:00:00 AM","Cyberattack","2020 Feb 07 12:00:00 AM","2020 May 20 12:00:00 AM","Assumption St. Bridget School","10,226","Ransomware","769","Education",,"2,021","2021","500-999","100-199","0","160","160","false","103","57","false","29","100-199",
"2020 Jul 16 12:00:00 AM","2020 Aug 14 12:00:00 AM","Cyberattack","2020 Feb 07 12:00:00 AM","2020 May 20 12:00:00 AM","American Civil Liberties Union, Inc.","10,225","Ransomware","86,269","Non-Profit/Charity",,"2,021","2021","50,000-999,999","100-199","0","160","160","false","103","57","false","29","100-199",
"2020 Jul 16 12:00:00 AM","2020 Aug 13 12:00:00 AM","Cyberattack","2020 Feb 07 12:00:00 AM","2020 May 20 12:00:00 AM","Hearing, Speech & Deaf Center","10,224","Ransomware","8,441","Non-Profit/Charity",,"2,021","2021","1,000-9,999","100-199","0","160","160","false","103","57","false","28","100-199",
"2020 Jul 16 12:00:00 AM","2020 Aug 12 12:00:00 AM","Cyberattack","2020 Feb 07 12:00:00 AM","2020 May 20 12:00:00 AM","The University of Florida","10,223","Ransomware","5,075","Education",,"2,021","2021","1,000-9,999","100-199","0","160","160","false","103","57","false","27","100-199",
"2020 Jul 16 12:00:00 AM","2020 Aug 11 12:00:00 AM","Cyberattack","2020 Feb 07 12:00:00 AM","2020 May 20 12:00:00 AM","The Evergreen State College Foundation","10,222","Ransomware","40,549","Non-Profit/Charity",,"2,021","2021","10,000-49,999","100-199","0","160","160","false","103","57","false","26","100-199",
"2020 Jul 16 12:00:00 AM","2020 Aug 12 12:00:00 AM","Cyberattack","2020 Feb 07 12:00:00 AM","2020 May 20 12:00:00 AM","Northeastern University","10,219","Ransomware","2,602","Education",,"2,021","2021","1,000-9,999","100-199","0","160","160","false","103","57","false","27","100-199",
"2020 Jul 16 12:00:00 AM","2020 Aug 12 12:00:00 AM","Cyberattack","2020 Feb 07 12:00:00 AM","2020 May 20 12:00:00 AM","Mt. Baker Planned Parenthood","10,218","Ransomware","2,367","Non-Profit/Charity",,"2,021","2021","1,000-9,999","100-199","0","160","160","false","103","57","false","27","100-199",
"2020 Jul 16 12:00:00 AM","2020 Aug 10 12:00:00 AM","Cyberattack","2020 Feb 07 12:00:00 AM","2020 May 20 12:00:00 AM","Wisconsin Evangelical Lutheran Synod","10,216","Ransomware","867","Non-Profit/Charity",,"2,021","2021","500-999","100-199","0","160","160","false","103","57","false","25","100-199",
"2020 Jul 16 12:00:00 AM","2020 Aug 10 12:00:00 AM","Cyberattack","2020 Feb 07 12:00:00 AM","2020 May 20 12:00:00 AM","Heritage University","10,215","Ransomware","7,803","Education",,"2,021","2021","1,000-9,999","100-199","0","160","160","false","103","57","false","25","100-199",
"2020 May 16 12:00:00 AM","2020 Aug 10 12:00:00 AM","Cyberattack","2020 May 16 12:00:00 AM","2020 May 16 12:00:00 AM","Dynasplint Systems, Inc.","10,214","Ransomware","1,364","Business","Manufacturing","2,021","2021","1,000-9,999","0","0","0","0","true","0",,"true","86","0",
"2020 Jul 16 12:00:00 AM","2020 Aug 09 12:00:00 AM","Cyberattack","2020 Feb 07 12:00:00 AM","2020 May 20 12:00:00 AM","Planned Parenthood of the Rocky Mountains","10,213","Ransomware","526","Health",,"2,021","2021","500-999","100-199","0","160","160","false","103","57","false","24","100-199",
"2020 Jul 16 12:00:00 AM","2020 Aug 07 12:00:00 AM","Cyberattack","2020 Feb 07 12:00:00 AM","2020 May 20 12:00:00 AM","Pacific Northwest University of Health Sciences","10,212","Ransomware","1,122","Education",,"2,021","2021","1,000-9,999","100-199","0","160","160","false","103","57","false","22","100-199",
"2020 Jul 16 12:00:00 AM","2020 Aug 05 12:00:00 AM","Cyberattack","2020 Feb 07 12:00:00 AM","2020 May 20 12:00:00 AM","Cancer Research Institute","10,211","Ransomware","1,312","Non-Profit/Charity",,"2,021","2021","1,000-9,999","100-199","0","160","160","false","103","57","false","20","100-199",
"2020 Apr 28 12:00:00 AM","2020 Aug 04 12:00:00 AM","Unauthorized Access",,,"Scholarship America, Inc.","10,210",,"2,620","Non-Profit/Charity",,"2,021","2021","1,000-9,999","Unknown",,,,"false",,,"false","98","Unknown",
"2020 Jul 02 12:00:00 AM","2020 Aug 03 12:00:00 AM","Cyberattack","2019 Nov 22 12:00:00 AM","2020 Feb 12 12:00:00 AM","Würkforce, Inc.","10,209","Unclear/unknown","527","Business","Other","2,021","2021","500-999","200-299","0","223","223","false","82","141","false","32","1-99",
"2020 Jul 16 12:00:00 AM","2020 Aug 03 12:00:00 AM","Cyberattack","2020 Feb 07 12:00:00 AM","2020 May 20 12:00:00 AM","Americares Foundation, Inc.","10,208","Ransomware","2,444","Non-Profit/Charity",,"2,021","2021","1,000-9,999","100-199","0","160","160","false","103","57","false","18","100-199",
"2020 Jul 16 12:00:00 AM","2020 Jul 31 12:00:00 AM","Cyberattack","2020 Feb 07 12:00:00 AM","2020 May 20 12:00:00 AM","George W. Bush Presidential Center","10,207","Ransomware","6,797","Non-Profit/Charity",,"2,021","2021","1,000-9,999","100-199","0","160","160","false","103","57","false","15","100-199",
"2020 Jul 16 12:00:00 AM","2020 Jul 31 12:00:00 AM","Cyberattack","2020 Feb 07 12:00:00 AM","2020 May 20 12:00:00 AM","Auburn University","10,206","Ransomware","1,294","Education",,"2,021","2021","1,000-9,999","100-199","0","160","160","false","103","57","false","15","100-199",
"2020 Jan 05 12:00:00 AM","2020 Jul 28 12:00:00 AM","Theft or Mistake","2016 Jan 18 12:00:00 AM","2020 Jan 08 12:00:00 AM","Front Rush, LLC","10,205",,"1,982","Business","Other","2,021","2021","1,000-9,999","500+","3","1,448","1,451","true","1,451",,"false","205","500+",
"2020 Jul 16 12:00:00 AM","2020 Jul 28 12:00:00 AM","Cyberattack","2020 Feb 07 12:00:00 AM","2020 May 20 12:00:00 AM","French American School of Puget Sound","10,204","Ransomware","3,172","Education",,"2,021","2021","1,000-9,999","100-199","0","160","160","false","103","57","false","12","100-199",
"2020 Jun 01 12:00:00 AM","2020 Jul 27 12:00:00 AM","Cyberattack",,,"CK-12 Foundation","10,203","Unclear/unknown","5,017","Non-Profit/Charity",,"2,021","2021","1,000-9,999","Unknown",,,,"false",,,"false","56","Unknown",
"2020 Jun 25 12:00:00 AM","2020 Jul 24 12:00:00 AM","Unauthorized Access","2019 Jul 26 12:00:00 AM","2019 Nov 18 12:00:00 AM","Ply Gem Residential Solutions","10,202",,"2,841","Business","Home","2,021","2021","1,000-9,999","300-399","0","335","335","false","115","220","false","29","100-199",
"2019 Sep 18 12:00:00 AM","2020 Jul 24 12:00:00 AM","Theft or Mistake","2019 Sep 18 12:00:00 AM","2019 Sep 18 12:00:00 AM","Entercom Communications Corp.","10,201",,"2,730","Business","Entertainment","2,021","2021","1,000-9,999","0","0","0","0","true","0",,"true","310","0",
"2020 Jun 26 12:00:00 AM","2020 Jul 24 12:00:00 AM","Cyberattack",,,"City of Redmond","10,200","Unclear/unknown","2,851","Government",,"2,021","2021","1,000-9,999","Unknown",,,,"false",,,"false","28","Unknown",
"2020 Aug 10 12:00:00 AM","2020 Aug 24 12:00:00 AM","Unauthorized Access",,,"Arbiter Sports","10,199",,"16,465","Business","Software","2,021","2021","10,000-49,999","Unknown",,,,"false",,,"false","14","Unknown","UT"
"2020 Sep 07 12:00:00 AM","2020 Dec 30 12:00:00 AM","Cyberattack","2018 Jul 01 12:00:00 AM",,"Zoetop Business Co. Ltd.","10,195","Unclear/unknown","148,785","Business","Clothing","2,021","2021","50,000-999,999","Unknown",,"799",,"false",,,"false","114","Unknown",
"2020 Jun 29 12:00:00 AM","2020 Dec 30 12:00:00 AM","Cyberattack","2020 Jun 04 12:00:00 AM","2020 Jul 10 12:00:00 AM","International Union of Bricklayers and Allied Craftworkers","10,193","Phishing","1,053","Non-Profit/Charity",,"2,021","2021","1,000-9,999","1-99","11","25","36","true","36",,"false","184","1-99","DC"
"2020 Jul 16 12:00:00 AM","2020 Sep 14 12:00:00 AM","Cyberattack","2019 Sep 24 12:00:00 AM","2019 Nov 14 12:00:00 AM","Baylor Genetics","10,192","Phishing","804","Health",,"2,021","2021","500-999","200-299","0","296","296","false","51","245","false","60","1-99",
"2020 Aug 15 12:00:00 AM","2021 Jan 14 12:00:00 AM","Cyberattack",,,"National Western Life Insurance Company","10,176","Malware","15,556","Finance",,"2,021","2021","10,000-49,999","Unknown",,,,"false",,,"false","152","Unknown","TX"
"2021 Mar 10 12:00:00 AM","2021 May 03 12:00:00 AM","Cyberattack","2020 Dec 01 12:00:00 AM","2021 Mar 08 12:00:00 AM","Divvy Up, Inc.","10,174","Malware","1,012","Business","Retail","2,021","2021","1,000-9,999","1-99","0","99","99","false","97","2","false","54","1-99","FL"
"2020 Oct 08 12:00:00 AM","2021 Jul 23 12:00:00 AM","Cyberattack","2018 Apr 05 12:00:00 AM","2021 Mar 27 12:00:00 AM","Savory Spice","10,172","Malware","2,785","Business","Retail","2,021","2021","1,000-9,999","500+","170","917","1,087","true","1,087",,"false","288","500+","CO"
"2018 Feb 25 12:00:00 AM","2018 Mar 27 12:00:00 AM","Cyberattack","2018 Feb 25 12:00:00 AM","2018 Feb 25 12:00:00 AM","Manduka","9,775","Malware","1,634","Business","Fitness","2,018","2018","1,000-9,999","0","0","0","0","true","0",,"true","30","0",
"2018 Mar 01 12:00:00 AM","2018 Mar 20 12:00:00 AM","Cyberattack","2017 Oct 01 12:00:00 AM","2017 Dec 22 12:00:00 AM","Orbitz","9,773","Unclear/unknown","5,013","Business","Hospitality","2,018","2018","1,000-9,999","100-199","0","151","151","false","82","69","false","19","1-99",
,"2018 Mar 19 12:00:00 AM","Cyberattack","2017 May 15 12:00:00 AM","2018 Jan 30 12:00:00 AM","Bronson Nutritionals, LLC","9,772","Malware","774","Business","Consumable","2,018","2018","500-999","Unknown",,,,"false","260",,"false",,"200-299",
"2018 Feb 15 12:00:00 AM","2018 Mar 15 12:00:00 AM","Theft or Mistake",,,"Parker Staffing Services, LLC","9,771",,,"Business","Human Resources","2,018","2018","Unknown","Unknown",,,,"false",,,"false","28","Unknown",
"2017 Aug 01 12:00:00 AM","2018 Mar 08 12:00:00 AM","Cyberattack",,,"ABM Industries Incorporated","9,770","Phishing","1,100","Business","Professional Services","2,018","2018","1,000-9,999","Unknown",,,,"false",,,"false","219","Unknown",
"2018 Feb 14 12:00:00 AM","2018 Mar 02 12:00:00 AM","Cyberattack","2016 Jun 01 12:00:00 AM","2017 Nov 30 12:00:00 AM","Preferred Hotels & Resorts","9,769","Malware","21,687","Business","Hospitality","2,018","2018","10,000-49,999","500+","0","623","623","false","547","76","false","16","500+",
"2017 Nov 02 12:00:00 AM","2018 Feb 27 12:00:00 AM","Unauthorized Access","2017 Aug 14 12:00:00 AM","2017 Aug 18 12:00:00 AM","FastHealth Corporation","9,768",,"2,876","Health",,"2,018","2018","1,000-9,999","1-99","0","80","80","false","4","76","false","117","1-99",
"2018 Jan 10 12:00:00 AM","2018 Feb 23 12:00:00 AM","Unauthorized Access","2017 Jan 20 12:00:00 AM","2018 Jan 29 12:00:00 AM","North 40 Outfitters","9,767",,"2,671","Business","Retail","2,018","2018","1,000-9,999","300-399","19","355","374","true","374",,"false","44","300-399",
"2017 Dec 22 12:00:00 AM","2018 Feb 05 12:00:00 AM","Theft or Mistake","2017 Dec 22 12:00:00 AM","2017 Dec 22 12:00:00 AM","PAR Electrical Contractors, Inc.","9,766",,"768","Business","Construction","2,018","2018","500-999","0","0","0","0","true","0",,"true","45","0",
"2018 Jan 31 12:00:00 AM","2018 Feb 01 12:00:00 AM","Cyberattack","2018 Jan 30 12:00:00 AM","2018 Jan 30 12:00:00 AM","North Beach School District","9,765","Phishing",,"Education",,"2,018","2018","Unknown","1-99","0","1","1","false","0","1","false","1","0",
"2017 Nov 30 12:00:00 AM","2018 Jan 25 12:00:00 AM","Theft or Mistake","2017 Nov 30 12:00:00 AM","2017 Nov 30 12:00:00 AM","Zachary E. Adkins DDS","9,764",,,"Health",,"2,018","2018","Unknown","0","0","0","0","true","0",,"true","56","0",
"2017 Sep 13 12:00:00 AM","2018 Jan 12 12:00:00 AM","Cyberattack","2017 Jun 09 12:00:00 AM","2017 Oct 02 12:00:00 AM","Guarenteed Rate, Inc.","9,762","Phishing","2,545","Finance",,"2,018","2018","1,000-9,999","100-199","19","96","115","true","115",,"false","121","100-199",
"2017 Dec 22 12:00:00 AM","2018 Jan 11 12:00:00 AM","Cyberattack","2017 Jun 08 12:00:00 AM","2017 Dec 22 12:00:00 AM","Deli Management, Inc. (Jason's Deli)","9,761","Malware",,"Business","Hospitality","2,018","2018","Unknown","100-199","0","197","197","true","197",,"true","20","100-199",
"2017 Nov 29 12:00:00 AM","2018 Jan 10 12:00:00 AM","Unauthorized Access",,,"talentReef, Inc.","9,760",,"604","Business","Human Resources","2,018","2018","500-999","Unknown",,,,"false",,,"false","42","Unknown",
"2017 Dec 05 12:00:00 AM","2018 Jan 02 12:00:00 AM","Unauthorized Access","2017 Dec 02 12:00:00 AM","2017 Dec 02 12:00:00 AM","Multnomah Athletic Club","9,759",,"661","Business","Fitness","2,018","2018","500-999","1-99","0","3","3","false","0","3","false","28","0",
"2017 Oct 01 12:00:00 AM","2017 Dec 28 12:00:00 AM","Cyberattack","2017 Apr 03 12:00:00 AM","2017 Nov 18 12:00:00 AM","Forever 21, Inc.","9,758","Malware",,"Business","Clothing","2,018","2018","Unknown","200-299","48","181","229","true","229",,"false","88","200-299",
"2017 Nov 10 12:00:00 AM","2017 Dec 22 12:00:00 AM","Unauthorized Access",,,"TIO Networks USA, Inc.","9,757",,"1,962","Finance",,"2,018","2018","1,000-9,999","Unknown",,,,"false",,,"false","42","Unknown",
"2017 Dec 11 12:00:00 AM","2017 Dec 22 12:00:00 AM","Unauthorized Access","2017 Apr 25 12:00:00 AM",,"LiveGlam, Inc.","9,756",,"600","Business","Cosmetic","2,018","2018","500-999","Unknown",,"230",,"false",,,"false","11","Unknown",
"2017 Oct 06 12:00:00 AM","2017 Dec 11 12:00:00 AM","Cyberattack","2015 Jul 01 12:00:00 AM","2017 Oct 06 12:00:00 AM","Combat Brands, LLC","9,755","Malware","956","Business","Fitness","2,018","2018","500-999","500+","0","828","828","true","828",,"true","66","500+",
"2017 Sep 06 12:00:00 AM","2017 Dec 01 12:00:00 AM","Unauthorized Access","2016 Jun 15 12:00:00 AM","2017 Nov 06 12:00:00 AM","JAM Paper & Envelope","9,754",,"590","Business","Manufacturing","2,018","2018","500-999","500+","61","448","509","true","509",,"false","86","500+",
,"2017 Nov 27 12:00:00 AM","Cyberattack","2016 Oct 26 12:00:00 AM","2017 Oct 19 12:00:00 AM","Bulletproof 360, Inc.","9,753","Malware","4,077","Business","Consumable","2,018","2018","1,000-9,999","Unknown",,,,"false","358",,"false",,"300-399",
"2016 Nov 15 12:00:00 AM","2017 Nov 21 12:00:00 AM","Cyberattack","2016 Oct 13 12:00:00 AM","2016 Nov 15 12:00:00 AM","Uber Technologies, Inc.","9,752","Unclear/unknown","10,888","Business","Transportation","2,018","2018","10,000-49,999","1-99","0","33","33","true","33",,"true","371","1-99",
"2017 Sep 20 12:00:00 AM","2017 Nov 15 12:00:00 AM","Theft or Mistake","2017 Sep 20 12:00:00 AM","2017 Sep 20 12:00:00 AM","Western State Hospital","9,750",,"515","Health",,"2,018","2018","500-999","0","0","0","0","true","0",,"true","56","0",
"2017 Sep 07 12:00:00 AM","2017 Nov 03 12:00:00 AM","Cyberattack","2017 Sep 07 12:00:00 AM","2017 Sep 07 12:00:00 AM","Tween Brands, Inc.","9,748","Other","2,477","Business","Clothing","2,018","2018","1,000-9,999","0","0","0","0","true","0",,"true","57","0",
"2017 Sep 27 12:00:00 AM","2017 Oct 30 12:00:00 AM","Unauthorized Access","2017 Sep 27 12:00:00 AM","2017 Sep 27 12:00:00 AM","HumanGood","9,747",,"642","Non-Profit/Charity",,"2,018","2018","500-999","0","0","0","0","true","0",,"true","33","0",
"2017 Sep 23 12:00:00 AM","2017 Oct 20 12:00:00 AM","Cyberattack","2017 Mar 10 12:00:00 AM","2017 Sep 28 12:00:00 AM","Whole Foods Market Services, Inc.","9,746","Malware",,"Business","Retail","2,018","2018","Unknown","200-299","5","197","202","true","202",,"false","27","200-299",
"2017 Oct 05 12:00:00 AM","2017 Oct 16 12:00:00 AM","Unauthorized Access","2017 Oct 01 12:00:00 AM","2017 Oct 02 12:00:00 AM","Pizza Hut, LLC","9,745",,"1,896","Business","Hospitality","2,018","2018","1,000-9,999","1-99","0","4","4","false","1","3","false","11","1-99",
"2017 Aug 11 12:00:00 AM","2017 Oct 06 12:00:00 AM","Cyberattack","2017 Apr 25 12:00:00 AM","2017 Aug 29 12:00:00 AM","Tommie Copper Inc.","9,744","Malware","695","Business","Clothing","2,018","2018","500-999","100-199","18","108","126","true","126",,"false","56","100-199",
"2017 Sep 13 12:00:00 AM","2017 Oct 06 12:00:00 AM","Cyberattack","2017 May 27 12:00:00 AM","2017 Jul 12 12:00:00 AM","Provo Craft & Novelty, Inc.","9,743","Unclear/unknown","773","Business","Manufacturing","2,018","2018","500-999","100-199","0","109","109","false","46","63","false","23","1-99",
"2017 Sep 06 12:00:00 AM","2017 Oct 06 12:00:00 AM","Cyberattack","2017 Jul 31 12:00:00 AM","2017 Aug 28 12:00:00 AM","Catholic United Financial","9,742","Malware","704","Finance",,"2,018","2018","500-999","1-99","0","37","37","false","28","9","false","30","1-99",
"2017 Aug 30 12:00:00 AM","2017 Oct 03 12:00:00 AM","Unauthorized Access",,,"FlexShopper, LLC","9,740",,"2,396","Business","Retail","2,018","2018","1,000-9,999","Unknown",,,,"false",,,"false","34","Unknown",
"2017 Jul 26 12:00:00 AM","2017 Sep 29 12:00:00 AM","Unauthorized Access",,,"The Online Traffic School","9,739",,"2,404","Business","Transportation","2,018","2018","1,000-9,999","Unknown",,,,"false",,,"false","65","Unknown",
"2017 Jun 01 12:00:00 AM","2017 Sep 29 12:00:00 AM","Unauthorized Access","2017 Jun 01 12:00:00 AM","2017 Jun 01 12:00:00 AM","BSI Financial Services","9,738",,"580","Finance",,"2,018","2018","500-999","0","0","0","0","true","0",,"true","120","0",
"2017 Aug 23 12:00:00 AM","2017 Sep 18 12:00:00 AM","Theft or Mistake","2017 Aug 23 12:00:00 AM","2017 Aug 23 12:00:00 AM","W.W. Grainger, Inc.","9,737",,"725","Business","Manufacturing","2,018","2018","500-999","0","0","0","0","true","0",,"true","26","0",
"2017 Jul 29 12:00:00 AM","2017 Sep 07 12:00:00 AM","Cyberattack","2017 May 16 12:00:00 AM","2017 Jul 31 12:00:00 AM","Equifax, Inc.","9,735","Other","3,243,664","Finance",,"2,018","2018","1,000,000+","1-99","2","74","76","true","76",,"false","40","1-99",
"2017 Jul 18 12:00:00 AM","2017 Aug 31 12:00:00 AM","Theft or Mistake",,,"Timberland Bank","9,734",,"5,688","Finance",,"2,018","2018","1,000-9,999","Unknown",,,,"false",,,"false","44","Unknown",
"2017 Aug 15 12:00:00 AM","2017 Aug 24 12:00:00 AM","Theft or Mistake","2016 Dec 01 12:00:00 AM","2016 Dec 01 12:00:00 AM","Green River Community College","9,733",,"3,399","Education",,"2,018","2018","1,000-9,999","200-299","0","257","257","false","0","257","false","9","0",
"2017 Jun 26 12:00:00 AM","2017 Aug 14 12:00:00 AM","Cyberattack",,,"TRUEbenefits LLC","9,732","Phishing","12,327","Business","Human Resources","2,018","2018","10,000-49,999","Unknown",,,,"false",,,"false","49","Unknown",
"2017 Jun 06 12:00:00 AM","2017 Aug 03 12:00:00 AM","Unauthorized Access","2016 Aug 10 12:00:00 AM","2017 Mar 09 12:00:00 AM","Silver Cloud Inns & Hotels","9,731",,"1,382","Business","Hospitality","2,018","2018","1,000-9,999","300-399","0","300","300","false","211","89","false","58","200-299",
"2017 Jun 06 12:00:00 AM","2017 Jul 28 12:00:00 AM","Unauthorized Access","2016 Aug 10 12:00:00 AM","2017 Mar 09 12:00:00 AM","Noble House Hotels & Resorts","9,730",,"523","Business","Hospitality","2,018","2018","500-999","300-399","0","300","300","false","211","89","false","52","200-299",
"2017 May 02 12:00:00 AM","2017 Jul 26 12:00:00 AM","Cyberattack",,,"Steel Technologies LLC (Hydro Flask Brand)","9,729","Other","1,780","Business","Manufacturing","2,018","2018","1,000-9,999","Unknown",,,,"false",,,"false","85","Unknown",
"2017 Jun 26 12:00:00 AM","2017 Jul 26 12:00:00 AM","Cyberattack","2016 Dec 21 12:00:00 AM","2017 Apr 11 12:00:00 AM","Al J. Schneider Company (Galt House Hotel)","9,728","Skimmers","791","Business","Hospitality","2,018","2018","500-999","100-199","0","187","187","false","111","76","false","30","100-199",
"2017 Jun 25 12:00:00 AM","2017 Jul 18 12:00:00 AM","Unauthorized Access","2017 May 06 12:00:00 AM","2017 May 10 12:00:00 AM","Keller Williams Realty, Inc.","9,725",,"9,425","Business","Real Estate","2,017","2017","1,000-9,999","1-99","0","50","50","false","4","46","false","23","1-99",
"2017 Jun 08 12:00:00 AM","2017 Jul 21 12:00:00 AM","Cyberattack",,,"Value Eyecare Network","9,724","Malware","2,696","Business","Accessories","2,017","2017","1,000-9,999","Unknown",,,,"false",,,"false","43","Unknown",
"2017 Jun 06 12:00:00 AM","2017 Aug 03 12:00:00 AM","Cyberattack","2016 Aug 10 12:00:00 AM","2017 Mar 09 12:00:00 AM","Two Roads Hospitality, LLC","9,723","Malware","5,401","Business","Hospitality","2,018","2018","1,000-9,999","300-399","0","300","300","false","211","89","false","58","200-299",
"2017 Jun 13 12:00:00 AM","2017 Jul 10 12:00:00 AM","Cyberattack","2017 Jun 13 12:00:00 AM","2017 Jun 21 12:00:00 AM","Pacific Science Center","9,720","Phishing","605","Business","Entertainment","2,017","2017","500-999","1-99","8","0","8","true","8",,"false","27","1-99",
"2017 Jun 06 12:00:00 AM","2017 Jul 06 12:00:00 AM","Cyberattack","2016 Aug 10 12:00:00 AM","2017 Mar 09 12:00:00 AM","Four Seasons Hotels Limited","9,719","Unclear/unknown","636","Business","Hospitality","2,017","2017","500-999","300-399","0","300","300","false","211","89","false","30","200-299",
"2017 Jun 06 12:00:00 AM","2017 Jul 05 12:00:00 AM","Cyberattack","2016 Aug 29 12:00:00 AM","2017 Mar 09 12:00:00 AM","Loews Hotels & Co. ","9,718","Malware","912","Business","Hospitality","2,017","2017","500-999","200-299","0","281","281","false","192","89","false","29","100-199",
"2017 Jun 06 12:00:00 AM","2017 Jun 30 12:00:00 AM","Unauthorized Access","2016 Aug 10 12:00:00 AM","2017 Mar 09 12:00:00 AM","Preferred Hotel Group","9,717",,"2,370","Business","Hospitality","2,017","2017","1,000-9,999","300-399","0","300","300","false","211","89","false","24","200-299",
"2017 Mar 14 12:00:00 AM","2017 Jun 22 12:00:00 AM","Unauthorized Access",,,"Caliber Home Loans","9,716",,"20,437","Finance",,"2,017","2017","10,000-49,999","Unknown",,,,"false",,,"false","100","Unknown",
"2017 Mar 22 12:00:00 AM","2017 Jun 22 12:00:00 AM","Cyberattack","2017 Mar 02 12:00:00 AM","2017 Jun 15 12:00:00 AM","GOLFTEC","9,715","Skimmers","653","Business","Other","2,017","2017","500-999","100-199","85","20","105","true","105",,"false","92","100-199",
"2017 May 17 12:00:00 AM","2017 Jun 20 12:00:00 AM","Cyberattack","2016 Nov 01 12:00:00 AM","2017 Mar 30 12:00:00 AM","Home Point Financial Corporation","9,714","Phishing","815","Finance",,"2,017","2017","500-999","100-199","0","197","197","false","149","48","false","34","100-199",
"2017 Apr 26 12:00:00 AM","2017 Jun 08 12:00:00 AM","Theft or Mistake",,,"Washington State University","9,712",,"769,088","Education",,"2,017","2017","50,000-999,999","Unknown",,,,"false",,,"false","43","Unknown",
"2017 Apr 18 12:00:00 AM","2017 Jun 05 12:00:00 AM","Unauthorized Access","2016 Aug 10 12:00:00 AM","2017 Feb 09 12:00:00 AM","GameStop, Inc.","9,710",,"27,956","Business","Retail","2,017","2017","10,000-49,999","200-299","0","251","251","false","183","68","false","48","100-199",
"2017 May 26 12:00:00 AM","2017 May 26 12:00:00 AM","Unauthorized Access","2013 Oct 23 12:00:00 AM","2017 Mar 31 12:00:00 AM","Kennewick Public Hospital District, dba Trios Health","9,708",,"942","Health",,"2,017","2017","500-999","500+","0","1,311","1,311","false","1,255","56","false","0","500+",
"2017 Feb 06 12:00:00 AM","2017 May 24 12:00:00 AM","Cyberattack","2016 Feb 26 12:00:00 AM","2016 Dec 05 12:00:00 AM","Incipio, LLC","9,707","Unclear/unknown","1,650","Business","Accessories","2,017","2017","1,000-9,999","300-399","0","346","346","false","283","63","false","107","200-299",
"2017 May 09 12:00:00 AM","2017 May 19 12:00:00 AM","Theft or Mistake","2017 May 09 12:00:00 AM","2017 May 09 12:00:00 AM","Zillow","9,706",,"1,086","Business","Real Estate","2,017","2017","1,000-9,999","0","0","0","0","true","0",,"true","10","0",
,"2017 May 17 12:00:00 AM","Cyberattack","2017 Jan 30 12:00:00 AM","2017 Apr 11 12:00:00 AM","Rite Aid Online Store, Inc.","9,705","Malware","657","Business","Retail","2,017","2017","500-999","Unknown",,,,"false","71",,"false",,"1-99",
"2017 Apr 03 12:00:00 AM","2017 May 16 12:00:00 AM","Cyberattack",,,"Nicopure Labs, LLC","9,704","Malware","541","Business","Consumable","2,017","2017","500-999","Unknown",,,,"false",,,"false","43","Unknown",
"2017 Apr 24 12:00:00 AM","2017 May 15 12:00:00 AM","Cyberattack","2016 Jan 04 12:00:00 AM","2017 Mar 29 12:00:00 AM","TALX Corporation","9,703","Other","1,467","Finance",,"2,017","2017","1,000-9,999","400-499","0","476","476","false","450","26","false","21","400-499",
"2017 Feb 23 12:00:00 AM","2017 May 15 12:00:00 AM","Cyberattack","2016 Dec 20 12:00:00 AM","2017 Mar 03 12:00:00 AM","Kuru Footwear","9,702","Malware","513","Business","Clothing","2,017","2017","500-999","1-99","8","65","73","true","73",,"false","81","1-99",
"2017 Apr 17 12:00:00 AM","2017 May 12 12:00:00 AM","Cyberattack","2016 Nov 14 12:00:00 AM","2017 Apr 17 12:00:00 AM","Indigo Wild","9,701","Malware","501","Business","Retail","2,017","2017","500-999","100-199","0","154","154","true","154",,"true","25","100-199",
"2017 Apr 24 12:00:00 AM","2017 May 12 12:00:00 AM","Cyberattack","2016 Apr 04 12:00:00 AM","2017 Mar 01 12:00:00 AM","Brooks Brothers","9,700","Skimmers",,"Business","Clothing","2,017","2017","Unknown","300-399","0","385","385","false","331","54","false","18","300-399",
"2016 Aug 10 12:00:00 AM","2017 May 09 12:00:00 AM","Cyberattack","2016 Aug 10 12:00:00 AM","2016 Aug 10 12:00:00 AM","Seattle Indian Health Board","9,699","Other","4,579","Health",,"2,017","2017","1,000-9,999","0","0","0","0","true","0",,"true","272","0",
"2017 Mar 17 12:00:00 AM","2017 Apr 25 12:00:00 AM","Theft or Mistake",,,"Seattle Housing Authority","9,696",,"1,500","Government",,"2,017","2017","1,000-9,999","Unknown",,,,"false",,,"false","39","Unknown",
"2017 Jan 26 12:00:00 AM","2017 Apr 18 12:00:00 AM","Cyberattack","2017 Jan 23 12:00:00 AM","2017 Feb 22 12:00:00 AM","Pacific Lutheran University","9,694","Phishing","813","Education",,"2,017","2017","500-999","1-99","27","3","30","true","30",,"false","82","1-99",
,"2017 Apr 14 12:00:00 AM","Cyberattack","2016 Sep 29 12:00:00 AM","2016 Dec 29 12:00:00 AM","Six Continents Hotels","9,693","Malware","13,825","Business","Hospitality","2,017","2017","10,000-49,999","Unknown",,,,"false","91",,"false",,"1-99",
"2017 Mar 24 12:00:00 AM","2017 Apr 12 12:00:00 AM","Cyberattack","2016 Oct 01 12:00:00 AM","2017 Jan 01 12:00:00 AM","ILKB, LLC","9,692","Other","1,140","Business","Fitness","2,017","2017","1,000-9,999","100-199","0","174","174","false","92","82","false","19","1-99",
"2017 Feb 11 12:00:00 AM","2017 Apr 09 12:00:00 AM","Cyberattack","2017 Jan 30 12:00:00 AM","2017 Jan 30 12:00:00 AM","Lake Kennedy McCulluch CPAs PS","9,691","Other","1,688","Finance",,"2,017","2017","1,000-9,999","1-99","0","12","12","false","0","12","false","57","0",
"2017 Feb 06 12:00:00 AM","2017 Apr 04 12:00:00 AM","Cyberattack","2016 Feb 26 12:00:00 AM","2016 Dec 05 12:00:00 AM","Tempur-Pedic","9,690","Malware","7,366","Business","Manufacturing","2,017","2017","1,000-9,999","300-399","0","346","346","false","283","63","false","57","200-299",
"2017 Feb 10 12:00:00 AM","2017 Mar 27 12:00:00 AM","Cyberattack",,,"Easy Breathe, Inc.","9,689","Unclear/unknown","2,034","Business","Other","2,017","2017","1,000-9,999","Unknown",,,,"false",,,"false","45","Unknown",
"2017 Feb 03 12:00:00 AM","2017 Mar 17 12:00:00 AM","Cyberattack","2016 Oct 20 12:00:00 AM","2016 Oct 20 12:00:00 AM","People for People","9,688","Other","821","Non-Profit/Charity",,"2,017","2017","500-999","100-199","0","106","106","false","0","106","false","42","0",
"2017 Feb 13 12:00:00 AM","2017 Mar 16 12:00:00 AM","Unauthorized Access","2017 Feb 11 12:00:00 AM","2017 Feb 13 12:00:00 AM","Northwest Christian Schools, Inc.","9,687",,"526","Education",,"2,017","2017","500-999","1-99","0","2","2","true","2",,"true","31","1-99",
"2017 Feb 06 12:00:00 AM","2017 Mar 10 12:00:00 AM","Unauthorized Access","2016 Feb 26 12:00:00 AM","2016 Dec 05 12:00:00 AM","Bambeco Inc.","9,686",,"2,176","Business","Home","2,017","2017","1,000-9,999","300-399","0","346","346","false","283","63","false","32","200-299",
"2017 Feb 06 12:00:00 AM","2017 Mar 08 12:00:00 AM","Cyberattack","2016 Feb 26 12:00:00 AM","2016 Dec 05 12:00:00 AM","Atlantic Cigar","9,685","Malware","803","Business","Retail","2,017","2017","500-999","300-399","0","346","346","false","283","63","false","30","200-299",
"2017 Feb 06 12:00:00 AM","2017 Mar 08 12:00:00 AM","Cyberattack","2016 Dec 14 12:00:00 AM","2017 Feb 06 12:00:00 AM","prAna","9,684","Malware","18,172","Business","Clothing","2,017","2017","10,000-49,999","1-99","0","54","54","true","54",,"true","30","1-99",
"2017 Feb 22 12:00:00 AM","2017 Mar 07 12:00:00 AM","Unauthorized Access","2017 Feb 22 12:00:00 AM","2017 Feb 22 12:00:00 AM","Russell Investments","9,683",,"1,291","Finance",,"2,017","2017","1,000-9,999","0","0","0","0","true","0",,"true","13","0",
"2017 Feb 06 12:00:00 AM","2017 Mar 06 12:00:00 AM","Cyberattack","2016 Feb 26 12:00:00 AM","2016 Dec 05 12:00:00 AM","West Music Company","9,682","Malware","1,495","Business","Retail","2,017","2017","1,000-9,999","300-399","0","346","346","false","283","63","false","28","200-299",
"2017 Feb 06 12:00:00 AM","2017 Feb 25 12:00:00 AM","Cyberattack","2016 Feb 26 12:00:00 AM","2016 Dec 05 12:00:00 AM","Movie Mars, Inc.","9,681","Malware","524","Business","Retail","2,017","2017","500-999","300-399","0","346","346","false","283","63","false","19","200-299",
"2017 Feb 06 12:00:00 AM","2017 Feb 25 12:00:00 AM","Cyberattack","2016 Feb 26 12:00:00 AM","2016 Dec 05 12:00:00 AM","Century, LCC","9,680","Malware","639","Business","Retail","2,017","2017","500-999","300-399","0","346","346","false","283","63","false","19","200-299",
"2017 Feb 06 12:00:00 AM","2017 Feb 25 12:00:00 AM","Cyberattack","2016 Feb 26 12:00:00 AM","2016 Dec 05 12:00:00 AM","Plow and Hearth, LLC","9,679","Malware","1,274","Business","Home","2,017","2017","1,000-9,999","300-399","0","346","346","false","283","63","false","19","200-299",
"2017 Feb 06 12:00:00 AM","2017 Feb 25 12:00:00 AM","Cyberattack","2016 Feb 26 12:00:00 AM","2016 Dec 05 12:00:00 AM","Vapour Organic Beauty, LLC","9,678","Malware","847","Business","Cosmetic","2,017","2017","500-999","300-399","0","346","346","false","283","63","false","19","200-299",
"2017 Feb 06 12:00:00 AM","2017 Feb 25 12:00:00 AM","Cyberattack","2016 Feb 26 12:00:00 AM","2016 Dec 05 12:00:00 AM","Blue Mercury, Inc.","9,677","Malware","778","Business","Cosmetic","2,017","2017","500-999","300-399","0","346","346","false","283","63","false","19","200-299",
"2017 Feb 06 12:00:00 AM","2017 Feb 25 12:00:00 AM","Cyberattack","2016 Feb 26 12:00:00 AM","2016 Dec 05 12:00:00 AM","Nutrex Hawaii, Inc.","9,676","Malware","725","Business","Consumable","2,017","2017","500-999","300-399","0","346","346","false","283","63","false","19","200-299",
"2017 Feb 06 12:00:00 AM","2017 Feb 25 12:00:00 AM","Cyberattack","2016 Feb 26 12:00:00 AM","2016 Dec 05 12:00:00 AM","Alpha Industries","9,675","Malware","1,013","Business","Clothing","2,017","2017","1,000-9,999","300-399","0","346","346","false","283","63","false","19","200-299",
"2017 Feb 06 12:00:00 AM","2017 Feb 25 12:00:00 AM","Cyberattack","2016 Feb 26 12:00:00 AM","2016 Dec 05 12:00:00 AM","New England Biolabs, Inc.","9,674","Malware","746","Business","Biotech","2,017","2017","500-999","300-399","0","346","346","false","283","63","false","19","200-299",
"2017 Jan 12 12:00:00 AM","2017 Feb 24 12:00:00 AM","Theft or Mistake","2017 Jan 12 12:00:00 AM",,"Pasco Rentals, Inc.","9,672",,"6,300","Business","Other","2,017","2017","1,000-9,999","Unknown",,"0",,"false",,,"false","43","Unknown",
"2017 Jan 05 12:00:00 AM","2017 Feb 24 12:00:00 AM","Cyberattack","2015 Jul 30 12:00:00 AM","2016 Dec 14 12:00:00 AM","Roberts Hawaii","9,671","Malware","1,178","Business","Transportation","2,017","2017","1,000-9,999","500+","0","525","525","false","503","22","false","50","500+",
"2017 Feb 06 12:00:00 AM","2017 Feb 24 12:00:00 AM","Cyberattack","2016 Feb 26 12:00:00 AM","2016 Dec 05 12:00:00 AM","Mrs Prindables","9,669","Malware","784","Business","Consumable","2,017","2017","500-999","300-399","0","346","346","false","283","63","false","18","200-299",
"2017 Feb 06 12:00:00 AM","2017 Feb 23 12:00:00 AM","Cyberattack","2013 Jun 01 12:00:00 AM","2016 Dec 31 12:00:00 AM","Abbott Nutrition","9,668","Malware","1,819","Business","Consumable","2,017","2017","1,000-9,999","500+","0","1,346","1,346","false","1,309","37","false","17","500+",
"2016 Nov 16 12:00:00 AM","2017 Feb 22 12:00:00 AM","Cyberattack","2016 Apr 24 12:00:00 AM","2016 Dec 14 12:00:00 AM","Intex Recreation Corp.","9,667","Malware","1,547","Business","Manufacturing","2,017","2017","1,000-9,999","200-299","28","206","234","true","234",,"false","98","200-299",
"2017 Feb 06 12:00:00 AM","2017 Feb 22 12:00:00 AM","Unauthorized Access","2017 Feb 03 12:00:00 AM","2017 Feb 06 12:00:00 AM","InterMountain Management, LLC","9,666",,"558","Business","Hospitality","2,017","2017","500-999","1-99","0","3","3","true","3",,"true","16","1-99",
"2017 Jan 09 12:00:00 AM","2017 Feb 08 12:00:00 AM","Unauthorized Access","2016 Nov 21 12:00:00 AM","2016 Nov 21 12:00:00 AM","The Boeing Company","9,665",,"7,288","Business","Manufacturing","2,017","2017","1,000-9,999","1-99","0","49","49","false","0","49","false","30","0",
"2016 Dec 23 12:00:00 AM","2017 Feb 03 12:00:00 AM","Unauthorized Access","2016 Nov 16 12:00:00 AM","2016 Nov 16 12:00:00 AM","Conover Capital Management, LLC and Conover Securities Corporation","9,664",,"1,197","Finance",,"2,017","2017","1,000-9,999","1-99","0","37","37","false","0","37","false","42","0",
"2015 Dec 23 12:00:00 AM","2017 Jan 18 12:00:00 AM","Cyberattack",,,"CoPilot Provider Support Services, Inc.","9,662","Other","1,522","Health",,"2,017","2017","1,000-9,999","Unknown",,,,"false",,,"false","392","Unknown",
"2016 Nov 28 12:00:00 AM","2017 Jan 12 12:00:00 AM","Cyberattack","2016 May 02 12:00:00 AM","2016 Nov 22 12:00:00 AM","Spiraledge, Inc.","9,661","Malware","9,700","Business","Retail","2,017","2017","1,000-9,999","200-299","0","210","210","false","204","6","false","45","200-299",
"2016 Nov 30 12:00:00 AM","2016 Dec 21 12:00:00 AM","Unauthorized Access","2016 Jan 16 12:00:00 AM",,"Community Health Plan of Washington","9,660",,"353,388","Health",,"2,017","2017","50,000-999,999","Unknown",,"319",,"false",,,"false","21","Unknown",
,"2016 Dec 20 12:00:00 AM","Unauthorized Access",,,"Western Union Financial Services","9,659",,"2,470","Finance",,"2,017","2017","1,000-9,999","Unknown",,,,"false",,,"false",,"Unknown",
"2016 Oct 18 12:00:00 AM","2016 Nov 30 12:00:00 AM","Theft or Mistake","2016 Oct 18 12:00:00 AM","2016 Oct 18 12:00:00 AM","CHI Franciscan Health- Hospice Tacoma","9,658",,"1,223","Health",,"2,017","2017","1,000-9,999","0","0","0","0","true","0",,"true","43","0",
"2016 Oct 27 12:00:00 AM","2016 Nov 22 12:00:00 AM","Cyberattack","2015 Nov 09 12:00:00 AM","2016 Oct 24 12:00:00 AM","The Madison Square Garden Company","9,657","Malware",,"Business","Entertainment","2,017","2017","Unknown","300-399","0","353","353","false","350","3","false","26","300-399",
"2016 Oct 21 12:00:00 AM","2016 Nov 21 12:00:00 AM","Cyberattack","2016 Mar 09 12:00:00 AM","2016 Oct 22 12:00:00 AM","Island Hotel Company Limited","9,656","Malware",,"Business","Hospitality","2,017","2017","Unknown","200-299","1","226","227","true","227",,"false","31","200-299",
,"2016 Nov 18 12:00:00 AM","Unauthorized Access","2016 Nov 13 12:00:00 AM",,"Michigan State University","9,655",,,"Education",,"2,017","2017","Unknown","Unknown",,,,"false",,,"false",,"Unknown",
"2016 Nov 04 12:00:00 AM","2016 Nov 18 12:00:00 AM","Cyberattack","2015 Oct 03 12:00:00 AM","2016 Oct 09 12:00:00 AM","Springfield Armory","9,654","Malware","512","Business","Other","2,017","2017","500-999","300-399","0","398","398","false","372","26","false","14","300-399",
"2016 Mar 17 12:00:00 AM","2016 Nov 11 12:00:00 AM","Cyberattack",,,"Charles Schwab","9,653","Other","975","Finance",,"2,017","2017","500-999","Unknown",,,,"false",,,"false","239","Unknown",
"2016 Jul 14 12:00:00 AM","2016 Nov 09 12:00:00 AM","Cyberattack",,,"UFCW Local 655 Food Employers Pension Plan","9,652","Ransomware","556","Finance",,"2,017","2017","500-999","Unknown",,,,"false",,,"false","118","Unknown",
,"2016 Nov 09 12:00:00 AM","Cyberattack","2016 Sep 07 12:00:00 AM","2016 Oct 24 12:00:00 AM","Eileen Fisher Inc.","9,651","Malware","755","Business","Clothing","2,017","2017","500-999","Unknown",,,,"false","47",,"false",,"1-99",
"2016 Oct 07 12:00:00 AM","2016 Nov 04 12:00:00 AM","Cyberattack",,,"Rebecca Minkoff LLC","9,650","Unclear/unknown","549","Business","Retail","2,017","2017","500-999","Unknown",,,,"false",,,"false","28","Unknown",
"2016 Sep 30 12:00:00 AM","2016 Oct 19 12:00:00 AM","Cyberattack","2016 May 29 12:00:00 AM","2016 Jul 22 12:00:00 AM","Eastwood Company","9,649","Malware","633","Business","Other","2,017","2017","500-999","100-199","0","124","124","false","54","70","false","19","1-99",
"2016 Sep 12 12:00:00 AM","2016 Sep 30 12:00:00 AM","Unauthorized Access","2016 Sep 12 12:00:00 AM","2016 Sep 12 12:00:00 AM","Vaupell","9,647",,"1,198","Business","Manufacturing","2,017","2017","1,000-9,999","0","0","0","0","true","0",,"true","18","0",
"2016 Sep 06 12:00:00 AM","2016 Sep 23 12:00:00 AM","Theft or Mistake","2016 Aug 31 12:00:00 AM","2016 Sep 02 12:00:00 AM","Group Health Cooperative","9,646",,"651","Health",,"2,017","2017","500-999","1-99","0","6","6","false","2","4","false","17","1-99",
"2016 Aug 23 12:00:00 AM","2016 Sep 19 12:00:00 AM","Theft or Mistake",,,"Ascensus, Inc.","9,645",,"1,505","Finance",,"2,017","2017","1,000-9,999","Unknown",,,,"false",,,"false","27","Unknown",
"2016 Aug 22 12:00:00 AM","2016 Sep 19 12:00:00 AM","Unauthorized Access",,,"ACTIVEOutdoors","9,644",,"1,449,645","Government",,"2,017","2017","1,000,000+","Unknown",,,,"false",,,"false","28","Unknown",
"2016 Aug 19 12:00:00 AM","2016 Sep 02 12:00:00 AM","Cyberattack","2016 Apr 25 12:00:00 AM",,"Noble House Hotels","9,643","Skimmers","1,463","Business","Hospitality","2,017","2017","1,000-9,999","Unknown",,"116",,"false",,,"false","14","Unknown",
"2016 Jul 22 12:00:00 AM","2016 Aug 31 12:00:00 AM","Theft or Mistake","2016 Apr 21 12:00:00 AM","2016 Jun 13 12:00:00 AM","Highline Medical Center","9,642",,"12,724","Health",,"2,017","2017","10,000-49,999","1-99","0","92","92","false","53","39","false","40","1-99",
"2016 Jul 15 12:00:00 AM","2016 Aug 31 12:00:00 AM","Cyberattack","2016 Feb 16 12:00:00 AM","2016 Jul 07 12:00:00 AM","Kimpton Hotels & Restaurants","9,641","Malware","5,428","Business","Hospitality","2,017","2017","1,000-9,999","100-199","0","150","150","false","142","8","false","47","100-199",
"2016 Aug 18 12:00:00 AM","2016 Aug 30 12:00:00 AM","Unauthorized Access","2016 Jul 16 12:00:00 AM","2016 Aug 18 12:00:00 AM","Presnell Gage, PLLC","9,640",,"2,613","Finance",,"2,017","2017","1,000-9,999","1-99","0","33","33","true","33",,"true","12","1-99",
"2016 Jun 30 12:00:00 AM","2016 Aug 22 12:00:00 AM","Cyberattack","2015 Oct 21 12:00:00 AM","2016 Apr 07 12:00:00 AM","KontrolFreek","9,639","Malware","625","Business","Other","2,017","2017","500-999","200-299","0","253","253","false","169","84","false","53","100-199",
"2016 Jul 15 12:00:00 AM","2016 Aug 18 12:00:00 AM","Cyberattack","2016 Jan 02 12:00:00 AM","2016 Jul 17 12:00:00 AM","Eddie Bauer","9,638","Malware","73,508","Business","Clothing","2,017","2017","50,000-999,999","100-199","2","195","197","true","197",,"false","34","100-199",
"2016 Jun 13 12:00:00 AM","2016 Aug 12 12:00:00 AM","Unauthorized Access","2016 Mar 30 12:00:00 AM",,"Valley Anesthesiology Consultants, Inc.","9,637",,"611","Health",,"2,017","2017","500-999","Unknown",,"75",,"false",,,"false","60","Unknown",
"2016 Jul 13 12:00:00 AM","2016 Aug 03 12:00:00 AM","Cyberattack","2016 Jun 17 12:00:00 AM",,"Banner Health","9,635","Malware","7,916","Health",,"2,017","2017","1,000-9,999","Unknown",,"26",,"false",,,"false","21","Unknown",
"2016 Jun 08 12:00:00 AM","2016 Jul 19 12:00:00 AM","Cyberattack","2016 Apr 21 12:00:00 AM","2016 Jun 13 12:00:00 AM","San Antonio Shoemakers","9,634","Malware","511","Business","Retail","2,016","2016","500-999","1-99","5","48","53","true","53",,"false","41","1-99",
"2016 Jul 19 12:00:00 AM","2016 Jul 19 12:00:00 AM","Cyberattack","2016 Mar 01 12:00:00 AM","2016 Jul 31 12:00:00 AM","CiCi Enterprises","9,633","Malware",,"Business","Hospitality","2,016","2016","Unknown","100-199","12","140","152","true","152",,"false","0","100-199",
"2016 Jun 08 12:00:00 AM","2016 Jul 16 12:00:00 AM","Unauthorized Access","2015 Apr 01 12:00:00 AM",,"NLU Products, LLC","9,632",,"2,527","Business","Retail","2,016","2016","1,000-9,999","Unknown",,"434",,"false",,,"false","38","Unknown",
"2016 May 01 12:00:00 AM","2016 Jul 06 12:00:00 AM","Cyberattack","2015 Dec 02 12:00:00 AM","2016 Jun 08 12:00:00 AM","Wendy's","9,630","Malware",,"Business","Hospitality","2,016","2016","Unknown","100-199","38","151","189","true","189",,"false","66","100-199",
"2016 May 17 12:00:00 AM","2016 Jun 28 12:00:00 AM","Cyberattack","2016 Jan 31 12:00:00 AM","2016 Jun 02 12:00:00 AM","Noodles & Company","9,629","Malware",,"Business","Hospitality","2,016","2016","Unknown","100-199","16","107","123","true","123",,"false","42","100-199",
"2016 May 13 12:00:00 AM","2016 Jun 27 12:00:00 AM","Cyberattack","2015 Oct 27 12:00:00 AM","2016 Mar 21 12:00:00 AM","Hard Rock Hotel & Casino Las Vegas","9,628","Malware",,"Business","Hospitality","2,016","2016","Unknown","100-199","0","199","199","false","146","53","false","45","100-199",
"2014 Sep 17 12:00:00 AM","2016 Jun 16 12:00:00 AM","Unauthorized Access","2014 May 13 12:00:00 AM","2014 May 13 12:00:00 AM","Uber Technologies","9,627",,"1,355","Business","Transportation","2,016","2016","1,000-9,999","100-199","0","127","127","false","0","127","false","638","0",
"2016 Jun 01 12:00:00 AM","2016 Jun 13 12:00:00 AM","Theft or Mistake","2016 May 27 12:00:00 AM","2016 Jun 01 12:00:00 AM","The Tax Shack","9,626",,"1,000","Finance",,"2,016","2016","1,000-9,999","1-99","0","5","5","true","5",,"true","12","1-99",
"2015 Sep 29 12:00:00 AM","2016 Jun 10 12:00:00 AM","Unauthorized Access","2014 Feb 19 12:00:00 AM","2015 Aug 06 12:00:00 AM","Grand Sierra Resort","9,625",,"1,061","Business","Hospitality","2,016","2016","1,000-9,999","500+","0","587","587","false","533","54","false","255","500+",
"2016 Jan 30 12:00:00 AM","2016 Jun 06 12:00:00 AM","Cyberattack",,"2016 Jan 30 12:00:00 AM","Empathia, Inc.","9,623","Malware","602","Business","Professional Services","2,016","2016","500-999","Unknown","0",,,"true",,,"true","128","Unknown",
,"2016 May 11 12:00:00 AM","Unauthorized Access","2016 Apr 12 12:00:00 AM",,"Olympia School District","9,622",,"2,145","Government",,"2,016","2016","1,000-9,999","Unknown",,,,"false",,,"false",,"Unknown",
,"2016 May 10 12:00:00 AM","Unauthorized Access",,,"LendUp Processing Center","9,621",,"708","Finance",,"2,016","2016","500-999","Unknown",,,,"false",,,"false",,"Unknown",
"2016 Apr 04 12:00:00 AM","2016 Apr 27 12:00:00 AM","Unauthorized Access",,,"AIM Inc.","9,617",,"1,639","Business","Retail","2,016","2016","1,000-9,999","Unknown",,,,"false",,,"false","23","Unknown",
,"2016 Apr 18 12:00:00 AM","Unauthorized Access","2016 Mar 01 12:00:00 AM",,"doTERRA International LLC","9,616",,"41,485","Business","Consumable","2,016","2016","10,000-49,999","Unknown",,,,"false",,,"false",,"Unknown",
,"2016 Apr 11 12:00:00 AM","Cyberattack","2014 Jan 22 12:00:00 AM","2016 Feb 08 12:00:00 AM","Schwaab, Inc.","9,615","Malware","2,162","Business","Retail","2,016","2016","1,000-9,999","Unknown",,,,"false","747",,"false",,"500+",
"2016 Mar 07 12:00:00 AM","2016 Mar 15 12:00:00 AM","Cyberattack","2016 Mar 07 12:00:00 AM","2016 Mar 07 12:00:00 AM","Advance Auto Parts","9,614","Phishing","544","Business","Retail","2,016","2016","500-999","0","0","0","0","true","0",,"true","8","0",
,"2016 Mar 14 12:00:00 AM","Cyberattack","2011 Dec 01 12:00:00 AM","2016 Jan 26 12:00:00 AM","Bailey's, Inc.","9,613","Malware","8,844","Business","Retail","2,016","2016","1,000-9,999","Unknown",,,,"false","1,517",,"false",,"500+",
"2016 Mar 02 12:00:00 AM","2016 Mar 07 12:00:00 AM","Unauthorized Access","2016 Mar 02 12:00:00 AM",,"Turner Construction Company","9,612",,"566","Business","Construction","2,016","2016","500-999","Unknown",,"0",,"false",,,"false","5","Unknown",
"2015 Nov 13 12:00:00 AM","2016 Mar 04 12:00:00 AM","Unauthorized Access","2015 Oct 03 12:00:00 AM",,"21st Century Oncology","9,611",,"2,802","Health",,"2,016","2016","1,000-9,999","Unknown",,"41",,"false",,,"false","112","Unknown",
"2015 Dec 16 12:00:00 AM","2016 Feb 09 12:00:00 AM","Unauthorized Access","2013 Nov 15 12:00:00 AM","2015 Dec 24 12:00:00 AM","Health Care Authority","9,610",,"91,187","Government",,"2,016","2016","50,000-999,999","500+","8","761","769","true","769",,"false","55","500+",
,"2016 Feb 04 12:00:00 AM","Unauthorized Access","2015 Oct 03 12:00:00 AM","2015 Dec 18 12:00:00 AM","Gyft, Inc.","9,609",,"9,042","Business","Retail","2,016","2016","1,000-9,999","Unknown",,,,"false","76",,"false",,"1-99",
"2015 Dec 03 12:00:00 AM","2016 Jan 29 12:00:00 AM","Cyberattack","2014 May 04 12:00:00 AM","2015 Dec 03 12:00:00 AM","Landry's, Inc.","9,608","Skimmers",,"Business","Hospitality","2,016","2016","Unknown","500+","0","578","578","true","578",,"true","57","500+",
,"2016 Jan 22 12:00:00 AM","Cyberattack",,,"Starwood Hotels and Resorts","9,607","Malware",,"Business","Hospitality","2,016","2016","Unknown","Unknown",,,,"false",,,"false",,"Unknown",
"2015 Nov 24 12:00:00 AM","2016 Jan 14 12:00:00 AM","Cyberattack","2015 Aug 13 12:00:00 AM","2015 Dec 08 12:00:00 AM","Hyatt Hotels Corporation","9,605","Malware","15","Business","Hospitality","2,016","2016","< 500","100-199","14","103","117","true","117",,"false","51","100-199",
"2015 Dec 10 12:00:00 AM","2016 Jan 13 12:00:00 AM","Unauthorized Access","2015 Dec 07 12:00:00 AM","2015 Dec 08 12:00:00 AM","HSBC Bank USA","9,604",,"5,270","Finance",,"2,016","2016","1,000-9,999","1-99","0","3","3","false","1","2","false","34","1-99",
"2015 Dec 07 12:00:00 AM","2015 Dec 23 12:00:00 AM","Theft or Mistake","2015 Nov 09 12:00:00 AM",,"Matson Navigation Company, Inc. and Horizon Lines","9,602",,"2,185","Business","Shipping","2,016","2016","1,000-9,999","Unknown",,"28",,"false",,,"false","16","Unknown",
"2015 Aug 04 12:00:00 AM","2015 Dec 18 12:00:00 AM","Unauthorized Access","2014 Jul 15 12:00:00 AM","2014 Aug 05 12:00:00 AM","Yapstone, Inc.","9,601",,"5,264","Business","Web Services","2,016","2016","1,000-9,999","300-399","0","385","385","false","21","364","false","136","1-99",
,"2015 Nov 30 12:00:00 AM","Cyberattack","2015 Jan 22 12:00:00 AM","2015 Jul 20 12:00:00 AM","Muji","9,599","Malware","664","Business","Retail","2,016","2016","500-999","Unknown",,,,"false","179",,"false",,"100-199",
"2015 Feb 10 12:00:00 AM","2015 Nov 24 12:00:00 AM","Cyberattack",,,"Hilton Worldwide, Inc.","9,598","Malware",,"Business","Hospitality","2,016","2016","Unknown","Unknown",,,,"false",,,"false","287","Unknown",
,"2015 Nov 13 12:00:00 AM","Cyberattack","2014 Dec 29 12:00:00 AM","2015 Aug 11 12:00:00 AM","Noble House Hotels and Resorts","9,597","Malware","4,555","Business","Hospitality","2,016","2016","1,000-9,999","Unknown",,,,"false","225",,"false",,"200-299",
"2015 Oct 09 12:00:00 AM","2015 Oct 28 12:00:00 AM","Cyberattack","2015 Apr 19 12:00:00 AM","2015 Sep 30 12:00:00 AM","Digital Theatre, LLC","9,595","Malware","3,230","Business","Entertainment","2,016","2016","1,000-9,999","100-199","0","173","173","false","164","9","false","19","100-199",
"2015 Jun 18 12:00:00 AM","2015 Oct 13 12:00:00 AM","Cyberattack","2015 Mar 24 12:00:00 AM","2015 May 20 12:00:00 AM","Service Systems Associates, Inc.","9,594","Malware",,"Business","Hospitality","2,016","2016","Unknown","1-99","0","86","86","false","57","29","false","117","1-99",
"2015 Sep 21 12:00:00 AM","2015 Oct 01 12:00:00 AM","Unauthorized Access","2015 Sep 15 12:00:00 AM",,"T-Mobile USA/Experian","9,591",,"328,889","Business","Telecommunications","2,016","2016","50,000-999,999","Unknown",,"6",,"false",,,"false","10","Unknown",
,"2015 Sep 29 12:00:00 AM","Unauthorized Access","2014 Aug 20 12:00:00 AM","2015 Jul 14 12:00:00 AM","Rite Aid Corporation","9,589",,"2,721","Business","Retail","2,016","2016","1,000-9,999","Unknown",,,,"false","328",,"false",,"300-399",
"2015 Aug 23 12:00:00 AM","2015 Sep 26 12:00:00 AM","Theft or Mistake","2015 Aug 23 12:00:00 AM",,"Sterbick & Associates, P.S.","9,588",,"500","Business","Legal","2,016","2016","500-999","Unknown",,"0",,"false",,,"false","34","Unknown",
"2015 Jul 17 12:00:00 AM","2015 Sep 22 12:00:00 AM","Unauthorized Access","2014 Jun 19 12:00:00 AM","2015 Jul 15 12:00:00 AM","Costco","9,587",,"29,425","Business","Retail","2,016","2016","10,000-49,999","300-399","0","393","393","false","391","2","false","67","300-399",
"2015 Aug 05 12:00:00 AM","2015 Sep 09 12:00:00 AM","Cyberattack","2013 Dec 23 12:00:00 AM",,"The Lifetime Healthcare Companies","9,585","Unclear/unknown",,"Health",,"2,016","2016","Unknown","Unknown",,"590",,"false",,,"false","35","Unknown",
"2015 Aug 13 12:00:00 AM","2015 Aug 18 12:00:00 AM","Cyberattack",,,"Web.com Group","9,583","Unclear/unknown","1,595","Business","Web Services","2,016","2016","1,000-9,999","Unknown",,,,"false",,,"false","5","Unknown",
"2015 May 30 12:00:00 AM","2015 Aug 11 12:00:00 AM","Theft or Mistake","2015 May 29 12:00:00 AM","2015 May 29 12:00:00 AM","Sterling BackCheck","9,582",,"1,419","Business","Human Resources","2,016","2016","1,000-9,999","1-99","0","1","1","false","0","1","false","73","0",
"2018 May 11 12:00:00 AM","2018 Jul 12 12:00:00 AM","Cyberattack","2018 May 11 12:00:00 AM",,"Overlake Arthritis and Osteoporosis Center","9,581","Malware","627","Health",,"2,018","2018","500-999","Unknown",,"0",,"false",,,"false","62","Unknown",
"2018 Apr 11 12:00:00 AM","2018 Jul 06 12:00:00 AM","Cyberattack",,,"International Mission Board","9,579","Unclear/unknown","992","Non-Profit/Charity",,"2,018","2018","500-999","Unknown",,,,"false",,,"false","86","Unknown",
"2018 Jun 11 12:00:00 AM","2018 Jul 01 12:00:00 AM","Cyberattack","2018 Apr 26 12:00:00 AM","2018 Jun 12 12:00:00 AM","Macy's, Inc.","9,578","Unclear/unknown","3,564","Business","Retail","2,018","2018","1,000-9,999","1-99","1","46","47","true","47",,"false","20","1-99",
"2018 Jun 20 12:00:00 AM","2018 Jun 29 12:00:00 AM","Unauthorized Access",,,"Northwest University","9,577",,"1,434","Education",,"2,018","2018","1,000-9,999","Unknown",,,,"false",,,"false","9","Unknown",
"2018 May 01 12:00:00 AM","2018 Jun 23 12:00:00 AM","Cyberattack","2018 May 01 12:00:00 AM","2018 May 01 12:00:00 AM","Terteling Company, Inc.","9,576","Phishing","941","Business","Construction","2,018","2018","500-999","0","0","0","0","true","0",,"true","53","0",
"2018 May 11 12:00:00 AM","2018 May 18 12:00:00 AM","Cyberattack","2018 Mar 01 12:00:00 AM","2018 Apr 01 12:00:00 AM","Brinker International (Chilis)","9,574","Malware",,"Business","Hospitality","2,018","2018","Unknown","1-99","0","71","71","false","31","40","false","7","1-99",
"2018 Apr 05 12:00:00 AM","2018 May 17 12:00:00 AM","Cyberattack","2017 Nov 25 12:00:00 AM","2017 Nov 25 12:00:00 AM","Corporation Service Company","9,573","Unclear/unknown","4,631","Business","Legal","2,018","2018","1,000-9,999","100-199","0","131","131","false","0","131","false","42","0",
"2018 Apr 12 12:00:00 AM","2018 May 09 12:00:00 AM","Unauthorized Access",,,"TaskRabbit, Inc.","9,572",,"77,618","Business","Home","2,018","2018","50,000-999,999","Unknown",,,,"false",,,"false","27","Unknown",
"2018 Apr 21 12:00:00 AM","2018 May 09 12:00:00 AM","Theft or Mistake",,,"H&R Block","9,571",,"2,655","Finance",,"2,018","2018","1,000-9,999","Unknown",,,,"false",,,"false","18","Unknown",
"2018 Feb 01 12:00:00 AM","2018 May 08 12:00:00 AM","Theft or Mistake","2017 Dec 31 12:00:00 AM","2018 Jan 31 12:00:00 AM","Global University","9,570",,"5,679","Education",,"2,018","2018","1,000-9,999","1-99","0","32","32","false","31","1","false","96","1-99",
"2018 Mar 19 12:00:00 AM","2018 May 03 12:00:00 AM","Cyberattack","2017 Oct 01 12:00:00 AM","2017 Dec 22 12:00:00 AM","Alaska Airlines","9,569","Unclear/unknown","1,442","Business","Transportation","2,018","2018","1,000-9,999","100-199","0","169","169","false","82","87","false","45","1-99",
"2018 Feb 16 12:00:00 AM","2018 Apr 30 12:00:00 AM","Cyberattack","2017 Nov 29 12:00:00 AM","2018 Feb 16 12:00:00 AM","Rail Europe North America","9,567","Unclear/unknown","687","Business","Transportation","2,018","2018","500-999","1-99","0","79","79","true","79",,"true","73","1-99",
"2018 Mar 29 12:00:00 AM","2018 Apr 26 12:00:00 AM","Cyberattack","2017 Jul 01 12:00:00 AM","2018 Mar 31 12:00:00 AM","Hudson's Bay Company","9,566","Malware",,"Business","Retail","2,018","2018","Unknown","200-299","2","271","273","true","273",,"false","28","200-299",
"2018 Mar 15 12:00:00 AM","2018 Apr 24 12:00:00 AM","Cyberattack","2017 Sep 27 12:00:00 AM","2017 Oct 12 12:00:00 AM","Sears Holdings","9,565","Malware","2,373","Business","Retail","2,018","2018","1,000-9,999","100-199","0","169","169","false","15","154","false","40","1-99",
"2018 Mar 14 12:00:00 AM","2018 Apr 13 12:00:00 AM","Unauthorized Access",,,"Inogen Inc.","9,563",,"518","Health",,"2,018","2018","500-999","Unknown",,,,"false",,,"false","30","Unknown",
"2018 Mar 28 12:00:00 AM","2018 Apr 13 12:00:00 AM","Cyberattack","2017 Sep 26 12:00:00 AM","2017 Oct 12 12:00:00 AM","Best Buy Co, Inc.","9,562","Malware","8,390","Business","Retail","2,018","2018","1,000-9,999","100-199","0","183","183","false","16","167","false","16","1-99",
"2018 Mar 28 12:00:00 AM","2018 Apr 11 12:00:00 AM","Cyberattack","2017 Sep 26 12:00:00 AM","2017 Oct 12 12:00:00 AM","Delta Airlines","9,561","Malware","24,563","Business","Software","2,018","2018","10,000-49,999","100-199","0","183","183","false","16","167","false","14","1-99",
"2021 Apr 04 12:00:00 AM","2021 May 05 12:00:00 AM","Unauthorized Access","2021 Apr 04 12:00:00 AM","2021 Apr 04 12:00:00 AM","SEIU 775 Benefits Group","10,460",,"124,760","Non-Profit/Charity",,"2,021","2021","50,000-999,999","0","0","0","0","true","0",,"true","31","0",
"2020 Aug 13 12:00:00 AM","2021 May 07 12:00:00 AM","Theft or Mistake",,,"Telmate, LLC","10,462",,"4,257","Business","Telecommunications","2,021","2021","1,000-9,999","Unknown",,,,"false",,,"false","267","Unknown",
"2020 Dec 13 12:00:00 AM","2021 May 10 12:00:00 AM","Cyberattack","2020 Dec 13 12:00:00 AM","2020 Dec 13 12:00:00 AM","Aspen Education Group, Inc.","10,463","Malware","1,958","Business","Other","2,021","2021","1,000-9,999","0","0","0","0","true","0",,"true","148","0",
"2021 Jan 28 12:00:00 AM","2021 May 10 12:00:00 AM","Cyberattack","2020 Nov 01 12:00:00 AM","2021 Feb 01 12:00:00 AM","Cougar Den, Inc.","10,464","Phishing","757","Business","Other","2,021","2021","500-999","1-99","4","88","92","true","92",,"false","102","1-99",
"2021 Mar 18 12:00:00 AM","2021 May 13 12:00:00 AM","Cyberattack","2021 Feb 06 12:00:00 AM","2021 Mar 19 12:00:00 AM","American Family Mutual Insurance Company, S.I.","10,465","Other","5,246","Finance",,"2,021","2021","1,000-9,999","1-99","1","40","41","true","41",,"false","56","1-99",
"2021 Feb 16 12:00:00 AM","2021 May 19 12:00:00 AM","Unauthorized Access","2021 Jan 21 12:00:00 AM","2021 Feb 05 12:00:00 AM","Rehoboth McKinley Christian Health Care Services","10,467",,"1,186","Health",,"2,021","2021","1,000-9,999","1-99","0","26","26","false","15","11","false","92","1-99",
"2021 Apr 15 12:00:00 AM","2021 May 21 12:00:00 AM","Cyberattack",,,"Defender Industries, Inc.","10,468","Malware","1,208","Business","Retail","2,021","2021","1,000-9,999","Unknown",,,,"false",,,"false","36","Unknown",
"2021 Apr 25 12:00:00 AM","2021 May 25 12:00:00 AM","Cyberattack","2021 Jan 07 12:00:00 AM","2021 Apr 04 12:00:00 AM","Infinity Insurance Company","10,469","Other","639","Finance",,"2,021","2021","500-999","100-199","0","108","108","false","87","21","false","30","1-99",
"2021 Jan 15 12:00:00 AM","2021 May 25 12:00:00 AM","Cyberattack","2019 Nov 01 12:00:00 AM","2020 Sep 03 12:00:00 AM","Sugarfina USA, LLC","10,470","Malware","1,019","Business","Consumable","2,021","2021","1,000-9,999","400-499","0","441","441","false","307","134","false","130","300-399",
"2020 Dec 16 12:00:00 AM","2021 May 27 12:00:00 AM","Cyberattack","2020 May 25 12:00:00 AM","2020 Dec 16 12:00:00 AM","Accucom Corporation","10,471","Malware","6,829","Business","Professional Services","2,021","2021","1,000-9,999","200-299","0","205","205","true","205",,"true","162","200-299",
"2021 Jan 11 12:00:00 AM","2021 May 28 12:00:00 AM","Cyberattack","2021 Jan 11 12:00:00 AM","2021 Jan 11 12:00:00 AM","20/20 Eye Care Network, Inc.","10,472","Unclear/unknown","690","Health",,"2,021","2021","500-999","0","0","0","0","true","0",,"true","137","0",
"2021 Jan 21 12:00:00 AM","2021 May 28 12:00:00 AM","Unauthorized Access","2021 Jan 21 12:00:00 AM","2021 Jan 23 12:00:00 AM","USA Waste-Management Resources, LLC","10,473",,"6,225","Business","Cleaning","2,021","2021","1,000-9,999","1-99","2","0","2","true","2",,"false","127","1-99",
"2021 Jun 09 12:00:00 AM","2021 Jul 06 12:00:00 AM","Theft or Mistake","2021 Jun 09 12:00:00 AM",,"UniBank","10,475",,"11,276","Finance",,"2,021","2021","10,000-49,999","Unknown",,"0",,"false",,,"false","27","Unknown",
"2021 Mar 21 12:00:00 AM","2021 Jul 08 12:00:00 AM","Cyberattack","2021 Mar 05 12:00:00 AM","2021 Mar 21 12:00:00 AM","CNA Financial Corporation","10,476","Ransomware","823","Finance",,"2,021","2021","500-999","1-99","0","16","16","true","16",,"true","109","1-99",
"2021 Mar 01 12:00:00 AM","2021 Jun 02 12:00:00 AM","Cyberattack","2021 Mar 01 12:00:00 AM","2021 Mar 01 12:00:00 AM","Asarco, LLC","10,478","Ransomware","670","Business","Other","2,021","2021","500-999","0","0","0","0","true","0",,"true","93","0",
"2021 Apr 25 12:00:00 AM","2021 Jun 03 12:00:00 AM","Cyberattack","2021 Mar 22 12:00:00 AM","2021 Apr 21 12:00:00 AM","Supplemental Income 401(k) Plan","10,479","Phishing","1,085","Finance",,"2,021","2021","1,000-9,999","1-99","0","34","34","false","30","4","false","39","1-99",
"2021 May 07 12:00:00 AM","2021 Jun 04 12:00:00 AM","Theft or Mistake","2021 May 07 12:00:00 AM",,"Pediatrix Cardiology of Washington, P.C. d/b/a NorthWest Congenital Heart Care","10,480",,"1,136","Health",,"2,021","2021","1,000-9,999","Unknown",,"0",,"false",,,"false","28","Unknown",
"2021 May 20 12:00:00 AM","2021 Jun 16 12:00:00 AM","Cyberattack","2020 Feb 07 12:00:00 AM","2020 May 20 12:00:00 AM","Buffalo State College Foundation","10,484","Ransomware","536","Non-Profit/Charity",,"2,021","2021","500-999","400-499","0","468","468","false","103","365","false","27","100-199",
"2021 Apr 07 12:00:00 AM","2021 Jun 18 12:00:00 AM","Cyberattack","2020 Aug 16 12:00:00 AM","2021 Apr 29 12:00:00 AM","Herff Jones, LLC","10,485","Malware","17,316","Business","Retail","2,021","2021","10,000-49,999","200-299","22","234","256","true","256",,"false","72","200-299",
"2021 May 19 12:00:00 AM","2021 Jun 18 12:00:00 AM","Unauthorized Access","2021 May 17 12:00:00 AM","2021 May 19 12:00:00 AM","Maximus, Inc.","10,486",,"2,560","Business","Professional Services","2,021","2021","1,000-9,999","1-99","0","2","2","true","2",,"true","30","1-99",
"2021 Feb 12 12:00:00 AM","2021 Jun 22 12:00:00 AM","Cyberattack",,,"Royal Caribbean Group","10,488","Phishing","502","Business","Hospitality","2,021","2021","500-999","Unknown",,,,"false",,,"false","130","Unknown",
"2021 May 03 12:00:00 AM","2021 Jun 23 12:00:00 AM","Cyberattack","2020 May 21 12:00:00 AM","2021 May 03 12:00:00 AM","Asset Marketing Services, LLC d/b/a GovMint.com","10,489","Malware","1,332","Business","Retail","2,021","2021","1,000-9,999","300-399","0","347","347","true","347",,"true","51","300-399",
"2021 Jun 04 12:00:00 AM","2021 Jun 24 12:00:00 AM","Cyberattack",,,"Washington State Department of Labor & Industries","10,490","Unclear/unknown","16,466","Government",,"2,021","2021","10,000-49,999","Unknown",,,,"false",,,"false","20","Unknown",
"2021 Apr 26 12:00:00 AM","2021 Jun 28 12:00:00 AM","Cyberattack","2021 Apr 25 12:00:00 AM",,"Ankle and Foot Physicians and Surgeons, PLLC","10,491","Ransomware","4,996","Health",,"2,021","2021","1,000-9,999","Unknown",,"1",,"false",,,"false","63","Unknown",
"2021 Apr 26 12:00:00 AM","2021 Jun 30 12:00:00 AM","Cyberattack","2021 Apr 22 12:00:00 AM","2021 Apr 30 12:00:00 AM","Marsh McLennan","10,492","Other","2,550","Finance",,"2,021","2021","1,000-9,999","1-99","4","4","8","true","8",,"false","65","1-99",
"2021 Jan 01 12:00:00 AM","2021 Jul 01 12:00:00 AM","Cyberattack",,"2021 Jan 16 12:00:00 AM","Nevada Restaurant Services, Inc.","10,493","Malware","3,241","Business","Professional Services","2,021","2021","1,000-9,999","Unknown","15",,,"true",,,"false","181","Unknown",
"2021 May 20 12:00:00 AM","2021 Jul 02 12:00:00 AM","Cyberattack",,,"Morgan Stanley","10,494","Malware","2,080","Finance",,"2,021","2021","1,000-9,999","Unknown",,,,"false",,,"false","43","Unknown",
"2020 Oct 12 12:00:00 AM","2021 Jul 02 12:00:00 AM","Cyberattack","2020 Oct 08 12:00:00 AM","2020 Oct 13 12:00:00 AM","The Paradies Shops, LLC","10,495","Ransomware","657","Business","Hospitality","2,021","2021","500-999","1-99","1","4","5","true","5",,"false","263","1-99",
"2021 Apr 26 12:00:00 AM","2021 Jul 09 12:00:00 AM","Cyberattack","2021 Mar 08 12:00:00 AM","2021 Apr 26 12:00:00 AM","CSI Financial Services, LLC","10,496","Phishing","4,255","Finance",,"2,021","2021","1,000-9,999","1-99","0","49","49","true","49",,"true","74","1-99",
"2020 Sep 26 12:00:00 AM","2021 Jul 13 12:00:00 AM","Cyberattack","2020 Jun 03 12:00:00 AM","2020 Sep 26 12:00:00 AM","Arthur J. Gallagher & Co.","10,497","Ransomware","72,378","Finance",,"2,021","2021","50,000-999,999","100-199","0","115","115","true","115",,"true","290","100-199",
"2017 Jun 06 12:00:00 AM","2017 Oct 16 12:00:00 AM","Cyberattack","2017 Mar 10 12:00:00 AM","2017 Jun 07 12:00:00 AM","Capital One Merchants (Spark Pay Online)","10,498","Malware","1,352","Business","Web Services","2,018","2018","1,000-9,999","1-99","1","88","89","true","89",,"false","132","1-99",
"2017 Jul 07 12:00:00 AM","2017 Oct 12 12:00:00 AM","Cyberattack","2017 Mar 18 12:00:00 AM","2017 Jul 02 12:00:00 AM","Hyatt Hotels Corporation","10,499","Skimmers","640","Business","Hospitality","2,018","2018","500-999","100-199","0","111","111","false","106","5","false","97","100-199",
"2019 May 15 12:00:00 AM","2019 Jul 24 12:00:00 AM","Cyberattack","2019 Mar 21 12:00:00 AM",,"Laboratory Medicine Consultants, LTD","10,500","Unclear/unknown","684","Health",,"2,020","2020","500-999","Unknown",,"55",,"false",,,"false","70","Unknown",
"2019 May 26 12:00:00 AM","2019 Jul 26 12:00:00 AM","Cyberattack","2018 Sep 23 12:00:00 AM","2019 Jul 16 12:00:00 AM","Sark Technologies LLC","10,501","Malware","762","Business","Software","2,020","2020","500-999","200-299","51","245","296","true","296",,"false","61","200-299",
"2019 Mar 12 12:00:00 AM","2019 Jul 27 12:00:00 AM","Cyberattack","2019 Mar 12 12:00:00 AM","2019 May 29 12:00:00 AM","Community Psychiatric Clinic","10,502","Other","6,600","Health",,"2,020","2020","1,000-9,999","1-99","78","0","78","true","78",,"false","137","1-99",
"2019 Jun 25 12:00:00 AM","2019 Jul 29 12:00:00 AM","Cyberattack","2019 Mar 24 12:00:00 AM","2019 Jun 27 12:00:00 AM","Trusted Tours & Attractions, LLC","10,503","Malware","706","Business","Entertainment","2,020","2020","500-999","1-99","2","93","95","true","95",,"false","34","1-99",
"2019 Jun 15 12:00:00 AM","2019 Aug 14 12:00:00 AM","Cyberattack","2019 Jun 15 12:00:00 AM",,"Grays Harbor Community Hospital","10,504","Ransomware","88,000","Health",,"2,020","2020","50,000-999,999","Unknown",,"0",,"false",,,"false","60","Unknown",
"2019 Jul 26 12:00:00 AM","2019 Aug 16 12:00:00 AM","Theft or Mistake","2019 Jul 25 12:00:00 AM",,"Regence","10,505",,"642","Health",,"2,020","2020","500-999","Unknown",,"1",,"false",,,"false","21","Unknown",
"2019 Mar 18 12:00:00 AM","2019 Aug 26 12:00:00 AM","Cyberattack","2018 Feb 01 12:00:00 AM","2018 Oct 10 12:00:00 AM","Creation Entertainment, Inc.","10,506","Malware","2,467","Business","Entertainment","2,020","2020","1,000-9,999","400-499","0","410","410","false","251","159","false","161","200-299",
"2019 Aug 06 12:00:00 AM","2019 Sep 04 12:00:00 AM","Unauthorized Access","2019 Feb 19 12:00:00 AM","2019 Feb 19 12:00:00 AM","CafePress, Inc.","10,507",,"5,863","Business","Accessories","2,020","2020","1,000-9,999","100-199","0","168","168","false","0","168","false","29","0",
"2019 Apr 23 12:00:00 AM","2019 Sep 12 12:00:00 AM","Cyberattack","2019 Apr 22 12:00:00 AM","2019 Apr 23 12:00:00 AM","Peoples Injury Network Northwest","10,508","Ransomware","12,502","Health",,"2,020","2020","10,000-49,999","1-99","0","1","1","true","1",,"true","142","1-99",
"2019 Aug 02 12:00:00 AM","2019 Sep 13 12:00:00 AM","Cyberattack","2018 Oct 01 12:00:00 AM","2019 Jul 02 12:00:00 AM","Amateur Athletic Union","10,509","Malware","12,200","Non-Profit/Charity",,"2,020","2020","10,000-49,999","300-399","0","305","305","false","274","31","false","42","200-299",
"2019 Jul 24 12:00:00 AM","2019 Sep 24 12:00:00 AM","Cyberattack",,"2019 Jul 24 12:00:00 AM","Majoris Health Systems, Inc.","10,510","Malware","516","Health",,"2,020","2020","500-999","Unknown","0",,,"true",,,"true","62","Unknown",
"2019 Sep 05 12:00:00 AM","2019 Sep 26 12:00:00 AM","Unauthorized Access","2019 May 04 12:00:00 AM","2019 May 04 12:00:00 AM","DoorDash Inc","10,511",,"2,243","Business","Transportation","2,020","2020","1,000-9,999","100-199","0","124","124","false","0","124","false","21","0",
"2019 Apr 16 12:00:00 AM","2019 Oct 10 12:00:00 AM","Cyberattack","2019 Mar 11 12:00:00 AM","2019 May 07 12:00:00 AM","Calibre CPA Group","10,513","Unclear/unknown","983","Finance",,"2,020","2020","500-999","1-99","21","36","57","true","57",,"false","177","1-99",
"2019 Jun 01 12:00:00 AM","2019 Oct 15 12:00:00 AM","Cyberattack","2018 Sep 01 12:00:00 AM","2019 Sep 28 12:00:00 AM","Eye Buy Direct, Inc.","10,514","Unclear/unknown","17,031","Business","Retail","2,020","2020","10,000-49,999","300-399","119","273","392","true","392",,"false","136","300-399",
"2019 Sep 11 12:00:00 AM","2019 Oct 16 12:00:00 AM","Cyberattack",,,"Neutraceutical Wellness, Inc","10,515","Unclear/unknown","518","Business","Cosmetic","2,020","2020","500-999","Unknown",,,,"false",,,"false","35","Unknown",
"2019 Aug 21 12:00:00 AM","2019 Nov 08 12:00:00 AM","Cyberattack","2019 Apr 15 12:00:00 AM","2019 Oct 25 12:00:00 AM","First Aid Beauty Limited","10,516","Malware","663","Business","Cosmetic","2,020","2020","500-999","100-199","65","128","193","true","193",,"false","79","100-199",
"2019 Oct 15 12:00:00 AM","2019 Nov 14 12:00:00 AM","Cyberattack","2019 Oct 07 12:00:00 AM","2019 Oct 15 12:00:00 AM","Macy's Inc.","10,517","Malware","3,810","Business","Retail","2,020","2020","1,000-9,999","1-99","0","8","8","true","8",,"true","30","1-99",
"2019 Oct 24 12:00:00 AM","2019 Nov 15 12:00:00 AM","Cyberattack","2019 Aug 27 12:00:00 AM","2019 Oct 28 12:00:00 AM","City of Lacey","10,518","Malware","6,209","Government",,"2,020","2020","1,000-9,999","1-99","4","58","62","true","62",,"false","22","1-99",
"2019 Oct 18 12:00:00 AM","2019 Nov 26 12:00:00 AM","Cyberattack","2019 Oct 11 12:00:00 AM","2019 Oct 22 12:00:00 AM","The UPS Store, Inc.","10,521","Phishing","506","Business","Shipping","2,020","2020","500-999","1-99","4","7","11","true","11",,"false","39","1-99",
"2019 Nov 12 12:00:00 AM","2019 Nov 29 12:00:00 AM","Theft or Mistake","2015 Jun 01 12:00:00 AM","2019 Nov 12 12:00:00 AM","Choice Hotels International Inc.","10,523",,"1,684","Business","Hospitality","2,020","2020","1,000-9,999","500+","0","1,625","1,625","true","1,625",,"true","17","500+",
"2019 Aug 19 12:00:00 AM","2019 Dec 19 12:00:00 AM","Cyberattack","2019 Aug 16 12:00:00 AM","2019 Aug 21 12:00:00 AM","Vimly Benefits Solution","10,525","Phishing","91,807","Business","Software","2,020","2020","50,000-999,999","1-99","2","3","5","true","5",,"false","122","1-99",
"2019 Nov 22 12:00:00 AM","2019 Dec 31 12:00:00 AM","Cyberattack","2019 Jan 18 12:00:00 AM","2019 Oct 17 12:00:00 AM","Landry's Inc.","10,526","Malware",,"Business","Hospitality","2,020","2020","Unknown","300-399","0","308","308","false","272","36","false","39","200-299",
"2019 Dec 03 12:00:00 AM","2019 Dec 31 12:00:00 AM","Cyberattack","2019 Nov 08 12:00:00 AM","2019 Dec 05 12:00:00 AM","Evolucion Innovations Inc. (evo.com)","10,527","Malware","4,899","Business","Retail","2,020","2020","1,000-9,999","1-99","2","25","27","true","27",,"false","28","1-99",
"2019 Dec 05 12:00:00 AM","2020 Jan 15 12:00:00 AM","Cyberattack","2019 Sep 16 12:00:00 AM","2019 Nov 11 12:00:00 AM","Hanna Andersson, LLC","10,528","Malware","8,816","Business","Clothing","2,020","2020","1,000-9,999","1-99","0","80","80","false","56","24","false","41","1-99",
"2019 Dec 18 12:00:00 AM","2020 Jan 20 12:00:00 AM","Cyberattack","2019 Sep 29 12:00:00 AM","2020 Jan 13 12:00:00 AM","The UPS Store, Inc.","10,530","Phishing","963","Business","Shipping","2,020","2020","500-999","100-199","26","80","106","true","106",,"false","33","100-199",
"2019 Dec 26 12:00:00 AM","2020 Jan 24 12:00:00 AM","Cyberattack","2019 Dec 26 12:00:00 AM","2019 Dec 26 12:00:00 AM","Oostra Rouw & Associates, Inc. (ORA, Inc.)","10,531","Ransomware","2,376","Finance",,"2,020","2020","1,000-9,999","0","0","0","0","true","0",,"true","29","0",
"2019 Aug 24 12:00:00 AM","2020 Feb 14 12:00:00 AM","Cyberattack","2019 Jul 09 12:00:00 AM","2019 Aug 24 12:00:00 AM","Aveanna Healthcare","10,532","Unclear/unknown","2,444","Health",,"2,020","2020","1,000-9,999","1-99","0","46","46","true","46",,"true","174","1-99",
"2019 Sep 01 12:00:00 AM","2020 Feb 14 12:00:00 AM","Cyberattack","2019 Aug 19 12:00:00 AM","2019 Sep 20 12:00:00 AM","Smile Surfers","10,533","Unclear/unknown","532","Health",,"2,020","2020","500-999","1-99","19","13","32","true","32",,"false","166","1-99",
"2019 Oct 28 12:00:00 AM","2020 Feb 25 12:00:00 AM","Unauthorized Access","2019 Oct 24 12:00:00 AM","2019 Oct 28 12:00:00 AM","AFTRA Retirement Fund","10,534",,"8,803","Non-Profit/Charity",,"2,020","2020","1,000-9,999","1-99","0","4","4","true","4",,"true","120","1-99",
"2020 Jan 27 12:00:00 AM","2020 Feb 27 12:00:00 AM","Cyberattack",,,"Railworks Corporation","10,535","Ransomware","1,286","Business","Construction","2,020","2020","1,000-9,999","Unknown",,,,"false",,,"false","31","Unknown",
"2019 May 31 12:00:00 AM","2020 Mar 02 12:00:00 AM","Unauthorized Access","2019 Apr 11 12:00:00 AM","2019 Jul 23 12:00:00 AM","Carnival Corporation & PLC","10,536",,"11,346","Business","Transportation","2,020","2020","10,000-49,999","100-199","53","50","103","true","103",,"false","276","100-199",
"2019 Dec 05 12:00:00 AM","2020 Mar 10 12:00:00 AM","Unauthorized Access","2019 Dec 03 12:00:00 AM","2019 Dec 05 12:00:00 AM","Wichita State University","10,538",,"2,649","Education",,"2,020","2020","1,000-9,999","1-99","0","2","2","true","2",,"true","96","1-99",
"2019 Jul 09 12:00:00 AM","2020 Mar 16 12:00:00 AM","Unauthorized Access",,,"Avalon Health Care Management, Inc.","10,539",,"1,861","Health",,"2,020","2020","1,000-9,999","Unknown",,,,"false",,,"false","251","Unknown",
"2020 Jan 22 12:00:00 AM","2020 Apr 17 12:00:00 AM","Cyberattack","2020 Jan 22 12:00:00 AM","2020 Jan 24 12:00:00 AM","Ambry Genetics Corporation","10,544","Phishing","2,152","Health",,"2,020","2020","1,000-9,999","1-99","2","0","2","true","2",,"false","86","1-99",
"2020 Jan 01 12:00:00 AM","2020 Apr 20 12:00:00 AM","Cyberattack","2019 Mar 07 12:00:00 AM","2020 Feb 13 12:00:00 AM","Kandy Pens, Inc.","10,545","Malware","1,112","Business","Retail","2,020","2020","1,000-9,999","300-399","43","300","343","true","343",,"false","110","300-399",
"2019 Oct 08 12:00:00 AM","2020 Apr 20 12:00:00 AM","Cyberattack","2019 Sep 07 12:00:00 AM","2019 Oct 08 12:00:00 AM","Volusion, LLC","10,546","Malware","14,111","Business","Web Services","2,020","2020","10,000-49,999","1-99","0","31","31","true","31",,"true","195","1-99",
"2020 Jan 06 12:00:00 AM","2020 May 07 12:00:00 AM","Theft or Mistake","2019 Nov 23 12:00:00 AM","2020 Jan 06 12:00:00 AM","Principal Financial Services, Inc.","10,547",,"583","Finance",,"2,020","2020","500-999","1-99","0","44","44","true","44",,"true","122","1-99",
"2020 Mar 26 12:00:00 AM","2020 May 07 12:00:00 AM","Unauthorized Access","2019 Dec 03 12:00:00 AM",,"Atria Wealth Solutions","10,548",,"574","Finance",,"2,020","2020","500-999","Unknown",,"114",,"false",,,"false","42","Unknown",
"2020 Apr 11 12:00:00 AM","2020 May 11 12:00:00 AM","Cyberattack","2020 Apr 06 12:00:00 AM","2020 Apr 12 12:00:00 AM","Magellan Health Inc.","10,549","Ransomware","5,119","Health",,"2,020","2020","1,000-9,999","1-99","1","5","6","true","6",,"false","30","1-99",
"2020 Feb 24 12:00:00 AM","2020 May 21 12:00:00 AM","Unauthorized Access",,,"Capital Accounting & Tax","10,550",,"1,277","Finance",,"2,020","2020","1,000-9,999","Unknown",,,,"false",,,"false","87","Unknown",
"2020 May 15 12:00:00 AM","2020 May 22 12:00:00 AM","Cyberattack",,,"Mathway, LLC","10,551","Unclear/unknown",,"Business","Other","2,020","2020","Unknown","Unknown",,,,"false",,,"false","7","Unknown",
"2020 Apr 28 12:00:00 AM","2020 May 27 12:00:00 AM","Unauthorized Access","2019 Oct 30 12:00:00 AM","2020 Jan 14 12:00:00 AM","Car Wash Partners, Inc.","10,552",,"805","Business","Cleaning","2,020","2020","500-999","100-199","0","181","181","false","76","105","false","29","1-99",
"2020 May 15 12:00:00 AM","2020 May 27 12:00:00 AM","Unauthorized Access","2020 May 06 12:00:00 AM",,"Minted, LLC","10,553",,"68,900","Business","Retail","2,020","2020","50,000-999,999","Unknown",,"9",,"false",,,"false","12","Unknown",
"2020 Jan 15 12:00:00 AM","2020 May 29 12:00:00 AM","Unauthorized Access","2019 Dec 18 12:00:00 AM","2019 Dec 18 12:00:00 AM","Swedish Health Services","10,554",,"12,573","Health",,"2,020","2020","10,000-49,999","1-99","0","28","28","false","0","28","false","135","0",
"2018 Dec 26 12:00:00 AM","2020 Jun 03 12:00:00 AM","Cyberattack","2016 Nov 11 12:00:00 AM","2017 Feb 16 12:00:00 AM","Bombas LLC","10,555","Malware","2,313","Business","Clothing","2,020","2020","1,000-9,999","500+","0","775","775","false","97","678","false","525","1-99",
"2020 May 11 12:00:00 AM","2020 Jun 10 12:00:00 AM","Unauthorized Access","2020 Jan 12 12:00:00 AM","2020 Jan 12 12:00:00 AM","Zoosk, Inc.","10,556",,"115,158","Business","Software","2,020","2020","50,000-999,999","100-199","0","120","120","false","0","120","false","30","0",
"2018 Oct 30 12:00:00 AM","2018 Nov 30 12:00:00 AM","Cyberattack","2014 Aug 15 12:00:00 AM","2018 Sep 15 12:00:00 AM","Ontario Inc.","10,558","Unclear/unknown","540","Business","Retail","2,019","2019","500-999","500+","0","1,537","1,537","false","1,492","45","false","31","500+",
"2019 Mar 04 12:00:00 AM","2019 Apr 05 12:00:00 AM","Cyberattack","2018 Oct 29 12:00:00 AM","2019 Mar 04 12:00:00 AM","AeroGrow International Inc.","10,559","Malware","667","Business","Manufacturing","2,019","2019","500-999","100-199","0","126","126","true","126",,"true","32","100-199",
"2019 Mar 13 12:00:00 AM","2019 Apr 15 12:00:00 AM","Cyberattack","2019 Mar 13 12:00:00 AM","2019 Mar 13 12:00:00 AM","Housing Authority of Thurston County","10,560","Ransomware","25,357","Non-Profit/Charity",,"2,019","2019","10,000-49,999","0","0","0","0","true","0",,"true","33","0",
"2020 Apr 17 12:00:00 AM","2020 Jun 16 12:00:00 AM","Unauthorized Access","2019 May 01 12:00:00 AM","2019 Nov 30 12:00:00 AM","Providence Health Plan","10,561",,"3,324","Health",,"2,020","2020","1,000-9,999","300-399","0","352","352","false","213","139","false","60","200-299","OR"
"2020 May 14 12:00:00 AM","2020 Jun 25 12:00:00 AM","Unauthorized Access","2020 May 14 12:00:00 AM","2020 May 14 12:00:00 AM","BlockFi, Inc.","10,563",,"696","Business","Cryptocurrency","2,020","2020","500-999","0","0","0","0","true","0",,"true","42","0",
"2020 Jun 06 12:00:00 AM","2020 Jul 06 12:00:00 AM","Unauthorized Access","2020 Jun 06 12:00:00 AM","2020 Jun 06 12:00:00 AM","AARP.org","10,564",,"1,456","Non-Profit/Charity",,"2,020","2020","1,000-9,999","0","0","0","0","true","0",,"true","30","0",
"2020 May 20 12:00:00 AM","2020 Jul 07 12:00:00 AM","Cyberattack",,,"Federal Home Loan Mortgage Corporation (Freddie Mac)","10,565","Ransomware","596","Government",,"2,020","2020","500-999","Unknown",,,,"false",,,"false","48","Unknown",
"2020 Jun 11 12:00:00 AM","2020 Jul 08 12:00:00 AM","Cyberattack","2020 Apr 07 12:00:00 AM","2020 Jun 12 12:00:00 AM","Claire's Stores, Inc.","10,566","Malware","1,166","Business","Retail","2,020","2020","1,000-9,999","1-99","1","65","66","true","66",,"false","27","1-99",
"2020 Apr 01 12:00:00 AM","2020 Jul 09 12:00:00 AM","Cyberattack","2020 Apr 01 12:00:00 AM","2020 Jun 30 12:00:00 AM","Boeing Emlpoyees' Credit Union","10,567","Skimmers","4,883","Finance",,"2,020","2020","1,000-9,999","1-99","90","0","90","true","90",,"false","99","1-99",
"2020 Jun 10 12:00:00 AM","2020 Jul 09 12:00:00 AM","Cyberattack","2020 May 24 12:00:00 AM","2020 Jun 08 12:00:00 AM","Collabera, Inc.","10,568","Ransomware",,"Business","Professional Services","2,020","2020","Unknown","1-99","0","17","17","false","15","2","false","29","1-99",
"2020 Jun 09 12:00:00 AM","2020 Jul 10 12:00:00 AM","Unauthorized Access","2020 Jun 06 12:00:00 AM","2020 Jun 10 12:00:00 AM","Fetch Rewards, Inc.","10,569",,"128,598","Business","Retail","2,020","2020","50,000-999,999","1-99","1","3","4","true","4",,"false","31","1-99",
,"2020 Jul 10 12:00:00 AM","Unauthorized Access",,,"Morgan Stanley","10,570",,"401,246","Finance",,"2,020","2020","50,000-999,999","Unknown",,,,"false",,,"false",,"Unknown",
,"2020 Jul 14 12:00:00 AM","Cyberattack","2017 Feb 16 12:00:00 AM","2020 May 20 12:00:00 AM","Merani Hospitality, Inc.","10,571","Skimmers",,"Business","Hospitality","2,020","2020","Unknown","Unknown",,,,"false","1,189",,"false",,"500+",
"2020 Jun 16 12:00:00 AM","2020 Jul 16 12:00:00 AM","Unauthorized Access","2020 May 28 12:00:00 AM","2020 Jun 02 12:00:00 AM","Gonzales, Gonzales, & Gonzales Immigration Law Offices","10,572",,"1,098","Business","Legal","2,020","2020","1,000-9,999","1-99","0","19","19","false","5","14","false","30","1-99",
"2020 May 01 12:00:00 AM","2020 Jul 21 12:00:00 AM","Cyberattack","2020 Feb 11 12:00:00 AM",,"City Ministries","10,573","Phishing","533","Non-Profit/Charity",,"2,020","2020","500-999","Unknown",,"80",,"false",,,"false","81","Unknown",
"2018 Jun 16 12:00:00 AM","2018 Jul 27 12:00:00 AM","Cyberattack","2008 Apr 01 12:00:00 AM","2009 Jan 01 12:00:00 AM","Yale University","10,575","Unclear/unknown","1,742","Education",,"2,019","2019","1,000-9,999","500+","0","3,728","3,728","false","275","3,453","false","41","200-299",
"2018 Jun 14 12:00:00 AM","2018 Aug 03 12:00:00 AM","Cyberattack","2018 Mar 28 12:00:00 AM","2018 Apr 13 12:00:00 AM","Colorado Bankers Life Insurance Company","10,576","Phishing","956","Finance",,"2,019","2019","500-999","1-99","0","78","78","false","16","62","false","50","1-99",
"2018 Aug 16 12:00:00 AM","2018 Aug 22 12:00:00 AM","Cyberattack","2017 Nov 03 12:00:00 AM","2018 Jan 02 12:00:00 AM","Cheddar's Scratch Kitchen","10,577","Unclear/unknown",,"Business","Hospitality","2,019","2019","Unknown","200-299","0","286","286","false","60","226","false","6","1-99",
"2018 Jun 01 12:00:00 AM","2018 Aug 29 12:00:00 AM","Cyberattack","2016 Jun 01 12:00:00 AM","2018 Jul 09 12:00:00 AM","LILLEbaby","10,578","Malware","1,557","Business","Accessories","2,019","2019","1,000-9,999","500+","38","730","768","true","768",,"false","89","500+",
"2018 Jun 12 12:00:00 AM","2018 Sep 12 12:00:00 AM","Unauthorized Access",,"2018 Jun 12 12:00:00 AM","Skagit Bancorp Inc.","10,579",,"519","Finance",,"2,019","2019","500-999","Unknown","0",,,"true",,,"true","92","Unknown",
"2018 May 22 12:00:00 AM","2018 Oct 05 12:00:00 AM","Unauthorized Access","2018 May 22 12:00:00 AM",,"Rebound Orthopedics & Neurosurgery","10,580",,"1,607","Health",,"2,019","2019","1,000-9,999","Unknown",,"0",,"false",,,"false","136","Unknown","WA"
"2018 Jun 13 12:00:00 AM","2018 Oct 18 12:00:00 AM","Cyberattack","2018 Jun 05 12:00:00 AM","2018 Jun 13 12:00:00 AM","Renaissance Philanthropic Solutions Group","10,582","Phishing","609","Business","Professional Services","2,019","2019","500-999","1-99","0","8","8","true","8",,"true","127","1-99",
"2018 Sep 12 12:00:00 AM","2018 Oct 22 12:00:00 AM","Cyberattack","2018 Aug 26 12:00:00 AM","2018 Aug 29 12:00:00 AM","Challenger Sports Inc.","10,583","Unclear/unknown","516","Business","Clothing","2,019","2019","500-999","1-99","0","17","17","false","3","14","false","40","1-99",
"2018 Oct 01 12:00:00 AM","2018 Oct 25 12:00:00 AM","Cyberattack","2017 Jul 07 12:00:00 AM","2018 Oct 02 12:00:00 AM","GS1 US Inc.","10,584","Unclear/unknown","2,384","Non-Profit/Charity",,"2,019","2019","1,000-9,999","400-499","1","451","452","true","452",,"false","24","400-499",
"2018 Oct 09 12:00:00 AM","2018 Nov 05 12:00:00 AM","Theft or Mistake","2018 Oct 09 12:00:00 AM","2018 Oct 09 12:00:00 AM","Nordstrom Inc.","10,587",,"13,442","Business","Retail","2,019","2019","10,000-49,999","0","0","0","0","true","0",,"true","27","0",
"2018 Sep 25 12:00:00 AM","2018 Nov 06 12:00:00 AM","Cyberattack","2018 May 27 12:00:00 AM","2018 Aug 13 12:00:00 AM","Southwest Washington Regional Surgery Center, LLC","10,588","Phishing","1,690","Health",,"2,019","2019","1,000-9,999","100-199","0","121","121","false","78","43","false","42","1-99",
"2018 Aug 01 12:00:00 AM","2018 Nov 07 12:00:00 AM","Unauthorized Access","2017 Dec 06 12:00:00 AM","2018 Feb 25 12:00:00 AM","Unified Trust Company, N.A.","10,589",,"1,196","Finance",,"2,019","2019","1,000-9,999","200-299","0","238","238","false","81","157","false","98","1-99",
"2018 Sep 20 12:00:00 AM","2018 Nov 09 12:00:00 AM","Cyberattack","2017 Dec 06 12:00:00 AM","2018 Jun 27 12:00:00 AM","Thesy LLC","10,590","Malware","5,907","Business","Retail","2,019","2019","1,000-9,999","200-299","0","288","288","false","203","85","false","50","200-299",
"2018 Aug 06 12:00:00 AM","2018 Nov 12 12:00:00 AM","Cyberattack","2017 Dec 28 12:00:00 AM","2018 Jul 09 12:00:00 AM","Title Nine Sports, Inc.","10,591","Malware","4,837","Business","Clothing","2,019","2019","1,000-9,999","200-299","0","221","221","false","193","28","false","98","100-199",
"2018 Sep 27 12:00:00 AM","2018 Nov 12 12:00:00 AM","Unauthorized Access",,,"Collier Heggerness & Bronk CPA's PS Inc.","10,592",,"2,194","Business","Professional Services","2,019","2019","1,000-9,999","Unknown",,,,"false",,,"false","46","Unknown",
"2018 Aug 06 12:00:00 AM","2018 Nov 13 12:00:00 AM","Cyberattack","2017 Dec 28 12:00:00 AM","2018 Jul 09 12:00:00 AM","Stein Mart Inc.","10,593","Malware","680","Business","Retail","2,019","2019","500-999","200-299","0","221","221","false","193","28","false","99","100-199",
"2018 Sep 17 12:00:00 AM","2018 Nov 13 12:00:00 AM","Unauthorized Access","2018 May 11 12:00:00 AM","2018 Jul 06 12:00:00 AM","Pharmacy Times Office of Continuing Professional Education, LLC","10,594",,"797","Education",,"2,019","2019","500-999","100-199","0","129","129","false","56","73","false","57","1-99",
"2018 Sep 18 12:00:00 AM","2018 Nov 15 12:00:00 AM","Cyberattack","2018 Aug 13 12:00:00 AM","2018 Sep 19 12:00:00 AM","Newegg Inc.","10,595","Malware","5,931","Business","Retail","2,019","2019","1,000-9,999","1-99","1","36","37","true","37",,"false","58","1-99",
"2018 Oct 05 12:00:00 AM","2018 Nov 15 12:00:00 AM","Cyberattack","2018 Sep 04 12:00:00 AM","2018 Oct 05 12:00:00 AM","HealthEquity Inc.","10,596","Phishing","27,175","Health",,"2,019","2019","10,000-49,999","1-99","0","31","31","true","31",,"true","41","1-99",
"2018 Nov 05 12:00:00 AM","2018 Nov 16 12:00:00 AM","Cyberattack","2018 Oct 01 12:00:00 AM","2018 Oct 31 12:00:00 AM","Washington State Employees Credit Union","10,597","Skimmers","2,560","Finance",,"2,019","2019","1,000-9,999","1-99","0","35","35","false","30","5","false","11","1-99",
"2018 Nov 01 12:00:00 AM","2018 Nov 16 12:00:00 AM","Cyberattack","2018 Nov 01 12:00:00 AM","2018 Nov 01 12:00:00 AM","LPL Financial LLC","10,598","Unclear/unknown","8,127","Finance",,"2,019","2019","1,000-9,999","0","0","0","0","true","0",,"true","15","0",
"2018 Nov 08 12:00:00 AM","2018 Nov 19 12:00:00 AM","Cyberattack","2017 Dec 28 12:00:00 AM","2018 Jul 09 12:00:00 AM","Francesca's Services Corporation","10,599","Malware","1,148","Business","Retail","2,019","2019","1,000-9,999","300-399","0","315","315","false","193","122","false","11","100-199",
"2018 Sep 05 12:00:00 AM","2018 Nov 21 12:00:00 AM","Cyberattack","2018 Aug 21 12:00:00 AM","2018 Sep 05 12:00:00 AM","British Airways PLC","10,600","Malware","1,588","Business","Transportation","2,019","2019","1,000-9,999","1-99","0","15","15","true","15",,"true","77","1-99",
"2018 Aug 22 12:00:00 AM","2018 Nov 27 12:00:00 AM","Cyberattack","2017 Aug 01 12:00:00 AM","2018 Sep 30 12:00:00 AM","Burgerville LLC","10,601","Malware",,"Business","Hospitality","2,019","2019","Unknown","400-499","39","386","425","true","425",,"false","97","400-499",
"2018 Oct 14 12:00:00 AM","2018 Nov 27 12:00:00 AM","Theft or Mistake","2018 Oct 14 12:00:00 AM","2018 Oct 14 12:00:00 AM","Washington State Patrol","10,602",,"1,171","Government",,"2,019","2019","1,000-9,999","0","0","0","0","true","0",,"true","44","0",
"2018 Aug 10 12:00:00 AM","2018 Dec 05 12:00:00 AM","Cyberattack","2018 Feb 05 12:00:00 AM","2018 Aug 21 12:00:00 AM","San Diego Hardware","10,604","Malware","604","Business","Home","2,019","2019","500-999","100-199","11","186","197","true","197",,"false","117","100-199",
"2018 May 02 12:00:00 AM","2018 Dec 07 12:00:00 AM","Cyberattack",,,"Titan Manufacturing and Distributing Inc.","10,605","Malware","1,838","Business","Manufacturing","2,019","2019","1,000-9,999","Unknown",,,,"false",,,"false","219","Unknown",
"2018 Dec 20 12:00:00 AM","2018 Dec 26 12:00:00 AM","Cyberattack","2018 Aug 05 12:00:00 AM","2018 Nov 16 12:00:00 AM","Bel USA LLC","10,606","Malware","1,553","Business","Retail","2,019","2019","1,000-9,999","100-199","0","137","137","false","103","34","false","6","100-199",
"2018 Sep 14 12:00:00 AM","2018 Dec 31 12:00:00 AM","Cyberattack","2018 Jun 07 12:00:00 AM","2018 Sep 24 12:00:00 AM","Aimbridge Hospitality Holdings LLC","10,607","Phishing","647","Business","Hospitality","2,019","2019","500-999","100-199","10","99","109","true","109",,"false","108","100-199",
"2018 Aug 17 12:00:00 AM","2019 Jan 09 12:00:00 AM","Cyberattack","2017 Aug 15 12:00:00 AM","2019 Jan 04 12:00:00 AM","A&A Global Imports Inc.","10,609","Malware","2,783","Business","Manufacturing","2,019","2019","1,000-9,999","500+","140","367","507","true","507",,"false","145","500+",
"2018 Dec 19 12:00:00 AM","2019 Jan 18 12:00:00 AM","Cyberattack","2018 Jul 19 12:00:00 AM","2018 Dec 12 12:00:00 AM","Pharmaca Integrative Pharmacy, LLC","10,611","Malware",,"Business","Cosmetic","2,019","2019","Unknown","100-199","0","153","153","false","146","7","false","30","100-199",
"2018 Dec 20 12:00:00 AM","2019 Jan 30 12:00:00 AM","Unauthorized Access","2018 Nov 01 12:00:00 AM","2018 Nov 15 12:00:00 AM","Image-I-Nation Technologies Inc.","10,612",,"3,695","Business","Software","2,019","2019","1,000-9,999","1-99","0","49","49","false","14","35","false","41","1-99",
"2019 Jan 25 12:00:00 AM","2019 Feb 12 12:00:00 AM","Cyberattack","2018 Feb 01 12:00:00 AM","2019 Jan 01 12:00:00 AM","Stanwich Mortgage Loan Trust","10,613","Unclear/unknown","702","Finance",,"2,019","2019","500-999","300-399","0","358","358","false","334","24","false","18","300-399",
"2018 Dec 14 12:00:00 AM","2019 Feb 14 12:00:00 AM","Cyberattack","2018 Feb 02 12:00:00 AM","2018 Nov 20 12:00:00 AM","North 40 Outfitters","10,614","Unclear/unknown","2,632","Business","Retail","2,019","2019","1,000-9,999","300-399","0","315","315","false","291","24","false","62","200-299",
"2019 Jan 07 12:00:00 AM","2019 Feb 22 12:00:00 AM","Theft or Mistake","2019 Jan 07 12:00:00 AM","2019 Jan 07 12:00:00 AM","Seattle Housing Authority","10,616",,"720","Non-Profit/Charity",,"2,019","2019","500-999","0","0","0","0","true","0",,"true","46","0",
"2019 Jan 09 12:00:00 AM","2019 Mar 07 12:00:00 AM","Cyberattack","2019 Jan 09 12:00:00 AM",,"Columbia Surgical Specialists","10,617","Ransomware","131,260","Health",,"2,019","2019","50,000-999,999","Unknown",,"0",,"false",,,"false","57","Unknown",
"2018 Jun 14 12:00:00 AM","2019 Mar 12 12:00:00 AM","Cyberattack","2018 Jan 08 12:00:00 AM","2018 Aug 07 12:00:00 AM","ABM Industries Incorporated","10,618","Phishing","846","Business","Other","2,019","2019","500-999","200-299","54","157","211","true","211",,"false","271","200-299",
"2018 Dec 14 12:00:00 AM","2019 Mar 15 12:00:00 AM","Cyberattack","2018 Dec 07 12:00:00 AM","2018 Dec 07 12:00:00 AM","flexPath Strategies LLC","10,619","Phishing","1,398","Business","Professional Services","2,019","2019","1,000-9,999","1-99","0","7","7","false","0","7","false","91","0",
"2019 Feb 17 12:00:00 AM","2019 Apr 02 12:00:00 AM","Unauthorized Access","2018 Dec 01 12:00:00 AM","2018 Dec 31 12:00:00 AM","New Bit Ventures Ltd. (Coinmama.com)","10,621",,"1,221","Business","Cryptocurrency","2,019","2019","1,000-9,999","1-99","0","78","78","false","30","48","false","44","1-99",
"2019 Feb 20 12:00:00 AM","2019 Apr 05 12:00:00 AM","Cyberattack",,,"Archbright","10,622","Phishing","1,568","Business","Human Resources","2,019","2019","1,000-9,999","Unknown",,,,"false",,,"false","44","Unknown",
"2018 Aug 21 12:00:00 AM","2019 Apr 03 12:00:00 AM","Unauthorized Access","2018 May 08 12:00:00 AM","2018 May 08 12:00:00 AM","Jobscience Inc.","10,624",,"1,787","Business","Software","2,019","2019","1,000-9,999","100-199","0","105","105","false","0","105","false","225","0",
"2019 Mar 28 12:00:00 AM","2019 Apr 23 12:00:00 AM","Theft or Mistake","2019 Mar 26 12:00:00 AM","2019 Mar 26 12:00:00 AM","Seattle University","10,626",,"2,064","Education",,"2,019","2019","1,000-9,999","1-99","0","2","2","false","0","2","false","26","0",
"2019 Apr 03 12:00:00 AM","2019 Apr 26 12:00:00 AM","Cyberattack","2018 Jul 04 12:00:00 AM","2019 Feb 16 12:00:00 AM","Lancaster Archery Supply, Inc.","10,627","Unclear/unknown","1,151","Business","Fitness","2,019","2019","1,000-9,999","200-299","0","273","273","false","227","46","false","23","200-299",
"2018 Aug 06 12:00:00 AM","2019 Apr 26 12:00:00 AM","Unauthorized Access",,,"Port of Seattle","10,628",,"3,357","Government",,"2,019","2019","1,000-9,999","Unknown",,,,"false",,,"false","263","Unknown",
"2019 May 07 12:00:00 AM","2019 May 09 12:00:00 AM","Cyberattack","2019 Feb 12 12:00:00 AM","2019 Mar 26 12:00:00 AM","Sage Advisors LLC","10,629","Phishing","1,026","Business","Professional Services","2,019","2019","1,000-9,999","1-99","0","84","84","false","42","42","false","2","1-99",
"2018 Dec 11 12:00:00 AM","2019 May 10 12:00:00 AM","Unauthorized Access",,"2018 Dec 11 12:00:00 AM","Oklahoma Department of Securities","10,630",,"2,793","Government",,"2,019","2019","1,000-9,999","Unknown","0",,,"true",,,"true","150","Unknown",
"2019 May 14 12:00:00 AM","2019 May 21 12:00:00 AM","Cyberattack","2019 May 14 12:00:00 AM","2019 May 14 12:00:00 AM","Service Linen Supply","10,631","Unclear/unknown","1,210","Business","Cleaning","2,019","2019","1,000-9,999","0","0","0","0","true","0",,"true","7","0",
"2019 Apr 02 12:00:00 AM","2019 May 22 12:00:00 AM","Cyberattack","2018 Dec 14 12:00:00 AM","2019 Mar 22 12:00:00 AM","Georgia Institute of Technology","10,632","Other","8,577","Education",,"2,019","2019","1,000-9,999","100-199","0","109","109","false","98","11","false","50","1-99",
"2019 Apr 25 12:00:00 AM","2019 May 24 12:00:00 AM","Unauthorized Access","2019 Jan 03 12:00:00 AM","2019 Jan 03 12:00:00 AM","National Wildlife Federation","10,633",,"1,564","Non-Profit/Charity",,"2,019","2019","1,000-9,999","100-199","0","112","112","false","0","112","false","29","0",
"2019 Mar 26 12:00:00 AM","2019 May 24 12:00:00 AM","Cyberattack","2017 Dec 29 12:00:00 AM","2019 Mar 13 12:00:00 AM","Drury Hotels Company, LLC","10,634","Unclear/unknown",,"Business","Hospitality","2,019","2019","Unknown","400-499","0","452","452","false","439","13","false","59","400-499",
"2019 Apr 16 12:00:00 AM","2019 May 28 12:00:00 AM","Cyberattack","2019 Apr 01 12:00:00 AM","2019 Apr 01 12:00:00 AM","Mediant Communications Inc.","10,635","Other","6,306","Business","Telecommunications","2,019","2019","1,000-9,999","1-99","0","15","15","false","0","15","false","42","0",
"2019 Mar 20 12:00:00 AM","2019 Jun 03 12:00:00 AM","Cyberattack","2018 Aug 01 12:00:00 AM","2019 Mar 30 12:00:00 AM","Retrieval Masters Creditors Bureau Inc.","10,636","Unclear/unknown","33,480","Business","Professional Services","2,019","2019","10,000-49,999","200-299","10","231","241","true","241",,"false","75","200-299",
"2019 Apr 26 12:00:00 AM","2019 Jun 03 12:00:00 AM","Theft or Mistake",,,"Washington Department of Health","10,637",,"1,336","Government",,"2,019","2019","1,000-9,999","Unknown",,,,"false",,,"false","38","Unknown",
"2019 May 21 12:00:00 AM","2019 Jun 06 12:00:00 AM","Unauthorized Access",,"2019 Apr 03 12:00:00 AM","Acrisure LLC","10,638",,"1,295","Business","Human Resources","2,019","2019","1,000-9,999","Unknown","0",,,"false",,"48","false","16","Unknown",
"2019 Apr 24 12:00:00 AM","2019 Jun 07 12:00:00 AM","Cyberattack","2018 Nov 01 12:00:00 AM","2019 Apr 29 12:00:00 AM","Princess Polly Group Pty Ltd","10,639","Unclear/unknown","2,290","Business","Clothing","2,019","2019","1,000-9,999","100-199","5","174","179","true","179",,"false","44","100-199",
"2019 May 02 12:00:00 AM","2019 Jun 07 12:00:00 AM","Cyberattack","2016 Sep 27 12:00:00 AM","2019 Mar 16 12:00:00 AM","Darwin's Natural Pet Products","10,640","Unclear/unknown","1,787","Business","Consumable","2,019","2019","1,000-9,999","500+","0","947","947","false","900","47","false","36","500+",
"2019 Apr 24 12:00:00 AM","2019 Jun 21 12:00:00 AM","Cyberattack","2010 Aug 25 12:00:00 AM",,"Dominion Dental Services Inc.","10,641","Unclear/unknown","34,455","Health",,"2,019","2019","10,000-49,999","Unknown",,"3,164",,"false",,,"false","58","Unknown",
"2019 Jun 03 12:00:00 AM","2019 Jul 02 12:00:00 AM","Cyberattack",,,"Backcountry Edge","10,642","Unclear/unknown","566","Business","Retail","2,019","2019","500-999","Unknown",,,,"false",,,"false","29","Unknown",
"2019 Jun 24 12:00:00 AM","2019 Jul 03 12:00:00 AM","Cyberattack","2019 Jun 14 12:00:00 AM","2019 Jun 17 12:00:00 AM","Riggs Wealth Management","10,643","Phishing","1,205","Finance",,"2,019","2019","1,000-9,999","1-99","0","10","10","false","3","7","false","9","1-99",
"2019 May 14 12:00:00 AM","2019 Jul 13 12:00:00 AM","Cyberattack","2018 Aug 01 12:00:00 AM","2019 Mar 30 12:00:00 AM","Laboratory Corporation of America Holdings (LabCorp)","10,645","Unclear/unknown","18,330","Health",,"2,019","2019","10,000-49,999","200-299","0","286","286","false","241","45","false","60","200-299",
"2019 May 06 12:00:00 AM","2019 Jul 15 12:00:00 AM","Cyberattack","2019 May 03 12:00:00 AM","2019 May 06 12:00:00 AM","Northwood Inc.","10,646","Phishing","1,185","Health",,"2,019","2019","1,000-9,999","1-99","0","3","3","true","3",,"true","70","1-99",
"2019 May 15 12:00:00 AM","2019 Jul 15 12:00:00 AM","Cyberattack","2019 Mar 21 12:00:00 AM",,"Clinical Pathology Laboratories, Inc.","10,647","Malware","1,155","Health",,"2,019","2019","1,000-9,999","Unknown",,"55",,"false",,,"false","61","Unknown",
"2018 May 22 12:00:00 AM","2018 Jul 13 12:00:00 AM","Cyberattack","2018 Apr 20 12:00:00 AM","2018 May 22 12:00:00 AM","ComplyRight, Inc.","10,648","Unclear/unknown","29,322","Business","Human Resources","2,018","2018","10,000-49,999","1-99","0","32","32","true","32",,"true","52","1-99",
"2019 Aug 28 12:00:00 AM","2019 Sep 09 12:00:00 AM","Cyberattack","2019 Apr 01 12:00:00 AM",,"The Union Labor Life Insurance Company","10,656","Phishing","615","Finance","Other","2,020","2020","500-999","Unknown",,"149",,"false",,,"false","12","Unknown","MD"
"2020 Aug 07 12:00:00 AM","2020 Oct 02 12:00:00 AM","Cyberattack","2020 Feb 26 12:00:00 AM","2020 Jul 21 12:00:00 AM","PupBox","10,682","Malware","1,046","Business","Retail","2,021","2021","1,000-9,999","100-199","0","163","163","false","146","17","false","56","100-199","CA"
"2021 Jun 14 12:00:00 AM","2021 Jul 14 12:00:00 AM","Cyberattack","2021 Feb 22 12:00:00 AM","2021 Jun 14 12:00:00 AM","Resort Data Processing, Inc.","10,696","Malware","1,669","Business","Software","2,021","2021","1,000-9,999","100-199","0","112","112","true","112",,"true","30","100-199","PA"
"2021 Feb 17 12:00:00 AM","2021 May 28 12:00:00 AM","Cyberattack","2021 Feb 10 12:00:00 AM",,"Osborn Cancer Care","10,703","Malware","4,305","Health",,"2,021","2021","1,000-9,999","Unknown",,"7",,"false",,,"false","100","Unknown","WA"
"2020 Nov 30 12:00:00 AM","2021 Jun 22 12:00:00 AM","Unauthorized Access","2020 Sep 01 12:00:00 AM","2021 Feb 28 12:00:00 AM","Made In Oregon","10,725",,"840","Business","Retail","2,021","2021","500-999","100-199","90","90","180","true","180",,"false","204","100-199","OR"
"2021 Jun 01 12:00:00 AM","2021 Jul 30 12:00:00 AM","Cyberattack",,,"Mandere Construction / Northwestern Building Components","10,788","Ransomware","781","Business","Construction","2,022","2022","500-999","Unknown",,,,"false",,,"false","59","Unknown",
"2021 Jul 06 12:00:00 AM","2021 Aug 04 12:00:00 AM","Unauthorized Access","2021 Feb 19 12:00:00 AM","2021 Mar 31 12:00:00 AM","Renton Regional Fire Authority","10,793","Phishing","1,334","Government",,"2,022","2022","1,000-9,999","100-199","0","137","137","false","40","97","false","29","1-99","WA"
"2021 May 17 12:00:00 AM","2021 Jul 12 12:00:00 AM","Cyberattack","2021 May 12 12:00:00 AM","2021 May 26 12:00:00 AM","Clover Park School District","10,691","Ransomware","5,872","Education",,"2,021","2021","1,000-9,999","1-99","9","5","14","true","14",,"false","56","1-99","WA "
"2021 Jul 12 12:00:00 AM","2021 Aug 17 12:00:00 AM","Theft or Mistake",,,"BackNine Insurance and Financial Services, Inc.","10,807",,"866","Finance",,"2,022","2022","500-999","Unknown",,,,"false",,,"false","36","Unknown",
"2021 Jun 04 12:00:00 AM","2021 Jul 08 12:00:00 AM","Unauthorized Access","2021 May 28 12:00:00 AM","2021 Jun 04 12:00:00 AM","Forefront Management, LLC and Forefront Dermatology, S.C.","10,808",,"877","Health",,"2,021","2021","500-999","1-99","0","7","7","true","7",,"true","34","1-99",
"2021 Apr 26 12:00:00 AM","2021 Jul 13 12:00:00 AM","Cyberattack",,,"King County Public Health Hospital District No. 2 Dba Evergreen Health","10,813","Malware","20,215","Health",,"2,021","2021","10,000-49,999","Unknown",,,,"false",,,"false","78","Unknown",
"2020 Jul 16 12:00:00 AM","2020 Oct 23 12:00:00 AM","Unauthorized Access","2020 Jul 01 12:00:00 AM","2020 Jul 16 12:00:00 AM","Fragomen, Del Rey, Bernsen & Loewy, LLP","10,840",,"581","Business","Legal","2,021","2021","500-999","1-99","0","15","15","true","15",,"true","99","1-99",
"2021 Jun 19 12:00:00 AM","2021 Jul 30 12:00:00 AM","Cyberattack","2021 Jun 19 12:00:00 AM","2021 Jun 20 12:00:00 AM","Motor Trend Group LLC","10,806","Unclear/unknown","1,600","Business","Entertainment","2,022","2022","1,000-9,999","1-99","1","0","1","true","1",,"false","41","1-99",
"2021 Mar 20 12:00:00 AM","2021 Aug 13 12:00:00 AM","Cyberattack","2021 Mar 16 12:00:00 AM","2021 Apr 13 12:00:00 AM","Destination Maternity","10,843","Ransomware","2,237","Business","Retail","2,022","2022","1,000-9,999","1-99","24","4","28","true","28",,"false","146","1-99","NJ"
"2021 Jun 11 12:00:00 AM","2021 Aug 23 12:00:00 AM","Cyberattack","2020 Nov 24 12:00:00 AM","2020 Dec 09 12:00:00 AM","American Freight, LLC ","10,846","Malware","876","Business","Retail","2,022","2022","500-999","100-199","0","199","199","false","15","184","false","73","1-99","OH"
"2020 Aug 17 12:00:00 AM","2021 Aug 06 12:00:00 AM","Cyberattack","2020 Jul 27 12:00:00 AM","2020 Aug 17 12:00:00 AM","Ibex Global Solutions, Inc. (“Ibex”)","10,841","Ransomware","891","Business","Professional Services","2,022","2022","500-999","1-99","0","21","21","true","21",,"true","354","1-99","ID"
"2020 Dec 18 12:00:00 AM","2021 Aug 24 12:00:00 AM","Cyberattack",,,"SmartStart Employment Screening, Inc.","10,863","Malware","639","Business","Other","2,022","2022","500-999","Unknown",,,,"false",,,"false","249","Unknown",
"2021 Jun 29 12:00:00 AM","2021 Aug 27 12:00:00 AM","Cyberattack","2021 Jun 18 12:00:00 AM","2021 Jun 29 12:00:00 AM","CareATC, Inc.","10,864","Phishing","600","Health",,"2,022","2022","500-999","1-99","0","11","11","true","11",,"true","59","1-99","OK"
"2020 Aug 17 12:00:00 AM","2020 Dec 01 12:00:00 AM","Unauthorized Access","2020 May 19 12:00:00 AM","2020 Aug 17 12:00:00 AM","Kitsap County Credit Union","10,913",,"3,268","Finance",,"2,021","2021","1,000-9,999","1-99","0","90","90","true","90",,"true","106","1-99",
"2021 Jul 07 12:00:00 AM","2021 Sep 03 12:00:00 AM","Cyberattack","2021 Jul 07 12:00:00 AM","2021 Jul 07 12:00:00 AM","Famous Smoke Shop","10,916","Ransomware","32,950","Business","Retail","2,022","2022","10,000-49,999","0","0","0","0","true","0",,"true","58","0","PA"
"2021 Sep 15 12:00:00 AM","2021 Sep 22 12:00:00 AM","Unauthorized Access","2021 Sep 13 12:00:00 AM",,"Epik Holdings, Inc.","11,011",,"2,040","Business","Web Services","2,022","2022","1,000-9,999","Unknown",,"2",,"false",,,"false","7","Unknown","WA"
"2021 Jan 24 12:00:00 AM","2021 Sep 24 12:00:00 AM","Cyberattack","2021 Jan 24 12:00:00 AM","2021 Jan 24 12:00:00 AM","Golden Entertainment","11,012","Ransomware","3,223","Business","Entertainment","2,022","2022","1,000-9,999","0","0","0","0","true","0",,"true","243","0","NV"
"2021 Aug 17 12:00:00 AM","2021 Aug 24 12:00:00 AM","Cyberattack","2021 Jul 22 12:00:00 AM",,"T-Mobile USA","10,856","Malware","2,079,648","Business","Telecommunications","2,022","2022","1,000,000+","Unknown",,"26",,"false",,,"false","7","Unknown","WA"
"2021 Jul 02 12:00:00 AM","2021 Aug 09 12:00:00 AM","Cyberattack",,,"Spreadshirt, Inc.","11,029","Ransomware","911","Business","Clothing","2,022","2022","500-999","Unknown",,,,"false",,,"false","38","Unknown","PA"
"2021 Sep 14 12:00:00 AM","2021 Sep 24 12:00:00 AM","Theft or Mistake","2021 Sep 09 12:00:00 AM","2021 Sep 09 12:00:00 AM","Zenith American Solutions","11,033",,"1,687","Health",,"2,022","2022","1,000-9,999","1-99","0","5","5","false","0","5","false","10","0","WA"
"2021 Mar 15 12:00:00 AM","2021 Aug 30 12:00:00 AM","Unauthorized Access","2021 Mar 13 12:00:00 AM",,"Hyphen, LLC","11,035",,"1,331","Finance",,"2,022","2022","1,000-9,999","Unknown",,"2",,"false",,,"false","168","Unknown",
"2020 Nov 20 12:00:00 AM","2021 Sep 21 12:00:00 AM","Cyberattack","2020 Mar 11 12:00:00 AM","2020 Dec 15 12:00:00 AM","Dick Blick Holdings, Inc.","11,040","Malware","690","Business","Retail","2,022","2022","500-999","200-299","25","254","279","true","279",,"false","305","200-299",
"2021 Mar 30 12:00:00 AM","2021 Sep 24 12:00:00 AM","Unauthorized Access",,"2021 Aug 27 12:00:00 AM","Hattrup & Associates, P.S.","11,041",,"2,839","Finance",,"2,022","2022","1,000-9,999","Unknown","150",,,"true",,,"false","178","Unknown",
"2021 Sep 09 12:00:00 AM","2021 Sep 30 12:00:00 AM","Unauthorized Access","2020 May 02 12:00:00 AM","2020 May 17 12:00:00 AM","The Neiman Marcus Group, LLC (“NMG” or the “Company”)","11,043",,"67,410","Business","Retail","2,022","2022","50,000-999,999","400-499","0","495","495","false","15","480","false","21","1-99","TX"
"2021 Apr 24 12:00:00 AM","2021 Oct 08 12:00:00 AM","Cyberattack","2021 Apr 23 12:00:00 AM","2021 Apr 24 12:00:00 AM","Smile Brands Inc.","11,100","Ransomware","108,927","Health",,"2,022","2022","50,000-999,999","1-99","0","1","1","true","1",,"true","167","1-99","CA"
"2021 Aug 10 12:00:00 AM","2021 Oct 08 12:00:00 AM","Cyberattack","2021 Aug 08 12:00:00 AM","2021 Aug 10 12:00:00 AM","ReproSource Fertility Diagnostics, Inc.","11,101","Ransomware","7,781","Health",,"2,022","2022","1,000-9,999","1-99","0","2","2","true","2",,"true","59","1-99","WA"
"2021 Jul 03 12:00:00 AM","2021 Oct 04 12:00:00 AM","Unauthorized Access","2021 Jul 01 12:00:00 AM","2021 Oct 05 12:00:00 AM","Royell Manufacturing","11,106",,"1,145","Business","Other","2,022","2022","1,000-9,999","1-99","94","2","96","true","96",,"false","93","1-99","WA"
"2021 Jun 14 12:00:00 AM","2021 Oct 11 12:00:00 AM","Cyberattack","2021 Jun 14 12:00:00 AM","2021 Jun 15 12:00:00 AM","University Medical Center of Southern Nevada (UMC)","11,113","Unclear/unknown","3,572","Health",,"2,022","2022","1,000-9,999","1-99","1","0","1","true","1",,"false","119","1-99",
"2020 Jun 25 12:00:00 AM","2021 Oct 13 12:00:00 AM","Cyberattack","2020 Jun 25 12:00:00 AM","2020 Jun 25 12:00:00 AM","American Osteopathic Association","11,124","Ransomware","4,253","Non-Profit/Charity",,"2,022","2022","1,000-9,999","0","0","0","0","true","0",,"true","475","0","IL"
"2021 Sep 11 12:00:00 AM","2021 Oct 14 12:00:00 AM","Unauthorized Access","2021 Sep 11 12:00:00 AM","2021 Sep 11 12:00:00 AM","The Public School and Education Employees Retirement Systems","11,125",,"532","Government",,"2,022","2022","500-999","0","0","0","0","true","0",,"true","33","0","MO"
"2020 Nov 18 12:00:00 AM","2021 Oct 14 12:00:00 AM","Cyberattack","2020 Jul 21 12:00:00 AM","2020 Dec 19 12:00:00 AM","Elevated Title, LLC ","11,126","Phishing","685","Business","Other","2,022","2022","500-999","100-199","31","120","151","true","151",,"false","330","100-199","GA"
"2021 Sep 08 12:00:00 AM","2021 Oct 18 12:00:00 AM","Cyberattack","2021 Jul 01 12:00:00 AM","2021 Jul 07 12:00:00 AM","World Travel Holdings","11,129","Ransomware","1,692","Business","Hospitality","2,022","2022","1,000-9,999","1-99","0","69","69","false","6","63","false","40","1-99","MA"
"2021 Jul 15 12:00:00 AM","2021 Oct 20 12:00:00 AM","Cyberattack","2021 Jul 15 12:00:00 AM",,"Buddhist Tzu Chi Foundation","11,130","Ransomware","582","Non-Profit/Charity",,"2,022","2022","500-999","Unknown",,"0",,"false",,,"false","97","Unknown","CA"
"2021 Aug 05 12:00:00 AM","2021 Oct 21 12:00:00 AM","Cyberattack","2021 Aug 02 12:00:00 AM","2021 Aug 05 12:00:00 AM","Wallick & Volk, Inc.","11,131","Malware","1,625","Finance",,"2,022","2022","1,000-9,999","1-99","0","3","3","true","3",,"true","77","1-99","WA"
"2021 May 21 12:00:00 AM","2021 Oct 29 12:00:00 AM","Cyberattack","2021 May 21 12:00:00 AM","2021 May 21 12:00:00 AM","Goldwater Bank, N.A.","11,192","Ransomware","762","Finance",,"2,022","2022","500-999","0","0","0","0","true","0",,"true","161","0","AZ"
"2021 Mar 16 12:00:00 AM","2021 Oct 21 12:00:00 AM","Unauthorized Access","2021 Feb 03 12:00:00 AM","2021 Mar 16 12:00:00 AM","SCUF Gaming International, LLC","11,207",,"691","Business","Manufacturing","2,022","2022","500-999","1-99","0","41","41","true","41",,"true","219","1-99","GA"
"2021 Jun 24 12:00:00 AM","2021 Nov 15 12:00:00 AM","Cyberattack",,,"Sea Mar Community Health Centers","11,218","Unclear/unknown","628,569","Health",,"2,022","2022","50,000-999,999","Unknown",,,,"false",,,"false","144","Unknown",
"2021 Jun 03 12:00:00 AM","2021 Oct 28 12:00:00 AM","Cyberattack","2021 Jun 03 12:00:00 AM","2021 Jun 03 12:00:00 AM","Terrier Media Buyer, Inc. dba Cox Media Group","11,225","Ransomware","693","Business","Telecommunications","2,022","2022","500-999","0","0","0","0","true","0",,"true","147","0","GA"
"2021 Sep 01 12:00:00 AM","2021 Nov 08 12:00:00 AM","Unauthorized Access",,"2021 Sep 12 12:00:00 AM","Insureon Holdings, LLC","11,226",,"671","Finance",,"2,022","2022","500-999","Unknown","11",,,"true",,,"false","68","Unknown","WA"
"2020 Aug 03 12:00:00 AM","2021 Nov 09 12:00:00 AM","Unauthorized Access","2020 Jul 31 12:00:00 AM","2020 Aug 04 12:00:00 AM","Hoffman Construction Company","11,232",,"3,078","Business","Construction","2,022","2022","1,000-9,999","1-99","1","3","4","true","4",,"false","463","1-99","OR"
"2020 Dec 24 12:00:00 AM","2021 Nov 10 12:00:00 AM","Cyberattack","2020 Dec 24 12:00:00 AM","2021 Feb 15 12:00:00 AM","Christensen O’Connor Johnson Kindness PLLC","11,233","Malware","815","Business","Legal","2,022","2022","500-999","1-99","53","0","53","true","53",,"false","321","1-99","WA"
"2021 Jun 22 12:00:00 AM","2021 Nov 11 12:00:00 AM","Unauthorized Access","2021 Feb 18 12:00:00 AM","2021 Jun 29 12:00:00 AM","Opportunity Council","11,234",,"664","Non-Profit/Charity",,"2,022","2022","500-999","100-199","7","124","131","true","131",,"false","142","100-199","WA"
"2020 Nov 24 12:00:00 AM","2021 Oct 20 12:00:00 AM","Cyberattack",,,"Abeo Solutions Inc. d/b/a Crystal Practice Management","11,235","Ransomware","6,141","Health",,"2,022","2022","1,000-9,999","Unknown",,,,"false",,,"false","330","Unknown",
"2021 Jul 02 12:00:00 AM","2021 Oct 20 12:00:00 AM","Theft or Mistake","2020 Aug 17 12:00:00 AM","2021 Jul 02 12:00:00 AM","J.B. Hunt Transport, Inc.","11,236",,"3,798","Business","Transportation","2,022","2022","1,000-9,999","300-399","0","319","319","true","319",,"true","110","300-399",
"2021 Aug 08 12:00:00 AM","2021 Oct 27 12:00:00 AM","Cyberattack",,,"Primary Residential Mortgage","11,237","Malware","1,712","Finance",,"2,022","2022","1,000-9,999","Unknown",,,,"false",,,"false","80","Unknown","UT"
"2021 Oct 09 12:00:00 AM","2021 Nov 22 12:00:00 AM","Cyberattack","2021 Oct 09 12:00:00 AM","2021 Oct 15 12:00:00 AM","Boeing Employees Credit Union","11,238","Skimmers","657","Finance",,"2,022","2022","500-999","1-99","6","0","6","true","6",,"false","44","1-99","WA"
"2021 Aug 05 12:00:00 AM","2021 Sep 30 12:00:00 AM","Unauthorized Access","2021 Jul 26 12:00:00 AM","2021 Jul 28 12:00:00 AM","LPL Financial LLC","11,099",,"992","Finance",,"2,022","2022","500-999","1-99","0","10","10","false","2","8","false","56","1-99",
"2021 Oct 22 12:00:00 AM","2021 Nov 16 12:00:00 AM","Cyberattack","2020 Sep 26 12:00:00 AM","2021 Oct 27 12:00:00 AM","Diode Dynamics, L.L.C.","11,256","Skimmers","1,462","Business","Retail","2,022","2022","1,000-9,999","300-399","5","391","396","true","396",,"false","25","300-399","MO"
"2021 Sep 04 12:00:00 AM","2021 Nov 18 12:00:00 AM","Cyberattack","2021 Aug 29 12:00:00 AM","2021 Sep 04 12:00:00 AM","Utah Imaging Associates, Inc.","11,257","Ransomware","895","Health",,"2,022","2022","500-999","1-99","0","6","6","true","6",,"true","75","1-99","WA"
"2021 Apr 19 12:00:00 AM","2021 Nov 22 12:00:00 AM","Cyberattack","2021 Apr 19 12:00:00 AM","2021 Apr 20 12:00:00 AM","One Community Health","11,259","Ransomware","7,945","Health",,"2,022","2022","1,000-9,999","1-99","1","0","1","true","1",,"false","217","1-99","WA"
"2021 Feb 08 12:00:00 AM","2021 Nov 22 12:00:00 AM","Cyberattack","2021 Jan 19 12:00:00 AM","2021 Jan 29 12:00:00 AM","Astoria Company LLC","11,260","Other","22,095","Business","Web Services","2,022","2022","10,000-49,999","1-99","0","20","20","false","10","10","false","287","1-99","WA"
"2021 Aug 06 12:00:00 AM","2021 Nov 29 12:00:00 AM","Cyberattack","2021 May 24 12:00:00 AM","2021 Jul 28 12:00:00 AM","DNA Diagnostics Center, Inc.","11,269","Ransomware","4,278","Business","Other","2,022","2022","1,000-9,999","1-99","0","74","74","false","65","9","false","115","1-99","OH"
"2021 Sep 07 12:00:00 AM","2021 Nov 30 12:00:00 AM","Cyberattack","2021 Aug 08 12:00:00 AM","2021 Aug 08 12:00:00 AM","Cedar Grove Composting, Inc.","11,271","Ransomware","1,596","Business","Other","2,022","2022","1,000-9,999","1-99","0","30","30","false","0","30","false","84","0","WA"
"2021 Nov 03 12:00:00 AM","2021 Dec 01 12:00:00 AM","Cyberattack","2021 Sep 19 12:00:00 AM","2021 Sep 22 12:00:00 AM","HealthCare, Inc. ","11,272","Unclear/unknown","625","Health",,"2,022","2022","500-999","1-99","0","45","45","false","3","42","false","28","1-99","FL"
"2021 Jun 10 12:00:00 AM","2021 Dec 03 12:00:00 AM","Cyberattack","2021 May 25 12:00:00 AM","2021 Jun 10 12:00:00 AM","American Council for International Studies ","11,273","Malware","3,712","Business","Other","2,022","2022","1,000-9,999","1-99","0","16","16","true","16",,"true","176","1-99","MA"
"2021 Jul 16 12:00:00 AM","2021 Dec 09 12:00:00 AM","Cyberattack","2021 Jul 13 12:00:00 AM","2021 Jul 16 12:00:00 AM","Mor Furniture for Less, Inc.","11,274","Ransomware","731","Business","Other","2,022","2022","500-999","1-99","0","3","3","true","3",,"true","146","1-99","CA"
"2021 Nov 11 12:00:00 AM","2021 Dec 10 12:00:00 AM","Unauthorized Access","2021 Oct 25 12:00:00 AM","2021 Nov 11 12:00:00 AM","BioPlus Specialty Pharmacy Services, LLC","11,275",,"13,357","Health",,"2,022","2022","10,000-49,999","1-99","0","17","17","true","17",,"true","29","1-99","FL"
"2021 Nov 17 12:00:00 AM","2021 Nov 23 12:00:00 AM","Cyberattack","2021 Sep 06 12:00:00 AM",,"GoDaddy.com, LLC","11,279","Malware","9,581","Business","Web Services","2,022","2022","1,000-9,999","Unknown",,"72",,"false",,,"false","6","Unknown","AZ"
"2021 Aug 27 12:00:00 AM","2021 Nov 30 12:00:00 AM","Cyberattack","2021 Aug 25 12:00:00 AM","2021 Aug 27 12:00:00 AM","Seneca Family of Agencies","11,281","Malware","1,313","Health",,"2,022","2022","1,000-9,999","1-99","0","2","2","true","2",,"true","95","1-99","CA"
"2021 Sep 28 12:00:00 AM","2021 Dec 06 12:00:00 AM","Cyberattack","2021 Sep 28 12:00:00 AM",,"Pawn America Minnesota, LLC","11,282","Ransomware","748","Business","Retail","2,022","2022","500-999","Unknown",,"0",,"false",,,"false","69","Unknown","MN"
"2021 Nov 12 12:00:00 AM","2021 Dec 16 12:00:00 AM","Cyberattack","2021 Nov 11 12:00:00 AM","2021 Nov 12 12:00:00 AM","Cirrus Asset Management, Inc.","11,285","Ransomware","568","Business","Other","2,022","2022","500-999","1-99","0","1","1","true","1",,"true","34","1-99","WA"
"2021 Oct 15 12:00:00 AM","2021 Dec 17 12:00:00 AM","Theft or Mistake","2021 Oct 01 12:00:00 AM",,"Tennis Warehouse, LLC","11,286",,"18,228","Business","Retail","2,022","2022","10,000-49,999","Unknown",,"14",,"false",,,"false","63","Unknown",
"2021 Oct 15 12:00:00 AM","2021 Dec 17 12:00:00 AM","Theft or Mistake","2021 Oct 01 12:00:00 AM",,"Tackle Warehouse, LLC","11,287",,"10,942","Business","Retail","2,022","2022","10,000-49,999","Unknown",,"14",,"false",,,"false","63","Unknown",
"2021 Oct 15 12:00:00 AM","2021 Dec 17 12:00:00 AM","Theft or Mistake","2021 Oct 01 12:00:00 AM",,"Running Warehouse, LLC","11,288",,"17,556","Business","Retail","2,022","2022","10,000-49,999","Unknown",,"14",,"false",,,"false","63","Unknown",
"2021 Oct 15 12:00:00 AM","2021 Dec 17 12:00:00 AM","Theft or Mistake","2021 Oct 01 12:00:00 AM",,"Skate Warehouse, LLC","11,289",,"8,655","Business","Retail","2,022","2022","1,000-9,999","Unknown",,"14",,"false",,,"false","63","Unknown",
"2021 Aug 12 12:00:00 AM","2021 Dec 17 12:00:00 AM","Cyberattack","2021 Feb 12 12:00:00 AM","2021 Oct 26 12:00:00 AM","Heirloom Roses","11,299","Malware","3,118","Business","Retail","2,022","2022","1,000-9,999","200-299","75","181","256","true","256",,"false","127","200-299","OR"
"2021 Nov 19 12:00:00 AM","2022 Jan 07 12:00:00 AM","Cyberattack","2021 Nov 13 12:00:00 AM",,"BearTooth Mapping, Inc.","11,303","Malware","4,774","Business","Software","2,022","2022","1,000-9,999","Unknown",,"6",,"false",,,"false","49","Unknown",
"2021 Oct 10 12:00:00 AM","2021 Dec 30 12:00:00 AM","Cyberattack","2019 Nov 01 12:00:00 AM","2021 Aug 31 12:00:00 AM","Penn LLC d/b/a PulseTV","11,304","Malware","4,302","Business","Retail","2,022","2022","1,000-9,999","500+","0","709","709","false","669","40","false","81","500+","IL"
"2021 Nov 16 12:00:00 AM","2021 Dec 20 12:00:00 AM","Cyberattack","2021 Aug 17 12:00:00 AM","2021 Oct 11 12:00:00 AM","J.C. Penney Corporation, Inc. Pension Plan","11,305","Ransomware","1,147","Business","Retail","2,022","2022","1,000-9,999","1-99","0","91","91","false","55","36","false","34","1-99","TX"
"2021 Nov 01 12:00:00 AM","2021 Dec 22 12:00:00 AM","Cyberattack","2021 Apr 01 12:00:00 AM","2021 Nov 01 12:00:00 AM","Pro Wrestling Tees","11,306","Malware","581","Business","Clothing","2,022","2022","500-999","200-299","0","214","214","true","214",,"true","51","200-299","IL"
"2021 Dec 12 12:00:00 AM","2021 Dec 30 12:00:00 AM","Cyberattack","2021 Dec 07 12:00:00 AM","2021 Dec 12 12:00:00 AM","McMenamins, Inc.","11,321","Ransomware","4,693","Business","Hospitality","2,022","2022","1,000-9,999","1-99","0","5","5","true","5",,"true","18","1-99","OR"
"2021 Oct 19 12:00:00 AM","2022 Jan 02 12:00:00 AM","Cyberattack","2021 Oct 15 12:00:00 AM","2021 Oct 19 12:00:00 AM","North Broward Hospital District d/b/a Broward Health","11,322","Malware","1,168","Health",,"2,022","2022","1,000-9,999","1-99","0","4","4","true","4",,"true","75","1-99","WA"
"2021 Sep 27 12:00:00 AM","2022 Jan 03 12:00:00 AM","Cyberattack",,"2021 Sep 27 12:00:00 AM","Ravkoo","11,323","Other","5,729","Health",,"2,022","2022","1,000-9,999","Unknown","0",,,"true",,,"true","98","Unknown","FL"
"2021 Nov 09 12:00:00 AM","2022 Jan 07 12:00:00 AM","Cyberattack","2021 Nov 02 12:00:00 AM","2021 Nov 09 12:00:00 AM","Medical Review Institute of America","11,331","Malware","3,225","Health",,"2,022","2022","1,000-9,999","1-99","0","7","7","true","7",,"true","59","1-99","WA"
"2021 Dec 21 12:00:00 AM","2022 Jan 19 12:00:00 AM","Cyberattack",,"2021 Dec 21 12:00:00 AM","Spokane Regional Health District","11,332","Phishing","1,058","Government",,"2,022","2022","1,000-9,999","Unknown","0",,,"true",,,"true","29","Unknown","WA"
"2021 Dec 21 12:00:00 AM","2022 Jan 19 12:00:00 AM","Cyberattack","2021 Feb 02 12:00:00 AM","2021 Mar 22 12:00:00 AM","LendUS, LLC","11,336","Phishing","696","Finance",,"2,022","2022","500-999","300-399","0","322","322","false","48","274","false","29","1-99","CA"
"2021 Dec 30 12:00:00 AM","2022 Jan 21 12:00:00 AM","Theft or Mistake","2021 Dec 27 12:00:00 AM",,"Boeing Employees' Credit Union","11,337",,"2,187","Finance",,"2,022","2022","1,000-9,999","Unknown",,"3",,"false",,,"false","22","Unknown","WA"
"2021 Dec 07 12:00:00 AM","2022 Jan 21 12:00:00 AM","Cyberattack","2020 Mar 26 12:00:00 AM","2021 Apr 07 12:00:00 AM","Nuna Baby Essentials, Inc. ","11,374","Other","816","Business","Retail","2,022","2022","500-999","500+","0","621","621","false","377","244","false","45","300-399","PA"
"2021 Oct 28 12:00:00 AM","2021 Dec 09 12:00:00 AM","Cyberattack","2021 Oct 24 12:00:00 AM","2021 Nov 24 12:00:00 AM","Title Guaranty Company of Lewis County","11,392","Ransomware","1,109","Business","Other","2,022","2022","1,000-9,999","1-99","27","4","31","true","31",,"false","42","1-99","WA"
"2021 Dec 14 12:00:00 AM","2022 Jan 25 12:00:00 AM","Cyberattack","2021 Dec 09 12:00:00 AM","2021 Dec 10 12:00:00 AM","Aditi Consulting","11,393","Other","918","Business","Professional Services","2,022","2022","500-999","1-99","0","5","5","false","1","4","false","42","1-99","WA"
"2021 Aug 16 12:00:00 AM","2022 Jan 28 12:00:00 AM","Cyberattack","2021 Aug 16 12:00:00 AM","2021 Aug 17 12:00:00 AM","Accutech Systems Corporation","11,394","Ransomware","1,376","Business","Software","2,022","2022","1,000-9,999","1-99","1","0","1","true","1",,"false","165","1-99","IN"
"2021 Jul 01 12:00:00 AM","2021 Dec 14 12:00:00 AM","Cyberattack","2021 Jun 25 12:00:00 AM","2021 Aug 10 12:00:00 AM","Cities Digital, Inc.","11,422","Malware","3,000","Business","Professional Services","2,022","2022","1,000-9,999","1-99","40","6","46","true","46",,"false","166","1-99","WI"
"2021 Nov 18 12:00:00 AM","2021 Dec 29 12:00:00 AM","Cyberattack","2021 Oct 27 12:00:00 AM","2021 Oct 30 12:00:00 AM","Innovations Group, Inc.","11,423","Malware","772","Health",,"2,022","2022","500-999","1-99","0","22","22","false","3","19","false","41","1-99",
"2021 Nov 18 12:00:00 AM","2022 Jan 28 12:00:00 AM","Cyberattack","2021 Nov 22 12:00:00 AM","2021 Nov 22 12:00:00 AM","Keller Supply Company","11,424","Ransomware","2,486","Business","Retail","2,022","2022","1,000-9,999","0","4","-4","0","true","0",,"false","71","0","WA"
"2020 Sep 08 12:00:00 AM","2022 Jan 29 12:00:00 AM","Cyberattack","2020 Sep 03 12:00:00 AM","2020 Sep 08 12:00:00 AM","Fairmount Memorial Association","11,425","Ransomware","6,909","Business","Other","2,022","2022","1,000-9,999","1-99","0","5","5","true","5",,"true","508","1-99","WA"
"2021 Nov 23 12:00:00 AM","2022 Jan 31 12:00:00 AM","Unauthorized Access","2021 Oct 28 12:00:00 AM","2021 Nov 15 12:00:00 AM","Unum Group (""Unum"")","11,427",,"1,610","Business","Other","2,022","2022","1,000-9,999","1-99","0","26","26","false","18","8","false","69","1-99","TN"
"2021 Sep 16 12:00:00 AM","2022 Jan 31 12:00:00 AM","Theft or Mistake",,,"American Marriage Ministries","11,428",,"16,727","Non-Profit/Charity",,"2,022","2022","10,000-49,999","Unknown",,,,"false",,,"false","137","Unknown","WA"
"2021 Dec 29 12:00:00 AM","2022 Feb 09 12:00:00 AM","Cyberattack",,"2021 Dec 29 12:00:00 AM","WA State Department of Transportation","11,442","Other","2,249","Government",,"2,022","2022","1,000-9,999","Unknown","0",,,"true",,,"true","42","Unknown","WA"
"2021 Feb 20 12:00:00 AM","2022 Feb 11 12:00:00 AM","Cyberattack","2021 Jan 22 12:00:00 AM","2021 Feb 20 12:00:00 AM","DPI Specialty Foods, Inc.","11,443","Malware","610","Business","Other","2,022","2022","500-999","1-99","0","29","29","true","29",,"true","356","1-99","CA"
"2020 Sep 30 12:00:00 AM","2022 Feb 15 12:00:00 AM","Cyberattack","2020 Apr 09 12:00:00 AM","2020 Oct 22 12:00:00 AM","Comprehensive Health Services","11,450","Other","2,785","Health",,"2,022","2022","1,000-9,999","100-199","22","174","196","true","196",,"false","503","100-199","FL"
"2022 Jan 18 12:00:00 AM","2022 Feb 18 12:00:00 AM","Cyberattack","2021 Dec 21 12:00:00 AM","2022 Jan 03 12:00:00 AM","Virginia Mason Medical Center","11,451","Phishing","3,000","Health",,"2,022","2022","1,000-9,999","1-99","0","28","28","false","13","15","false","31","1-99","WA"
"2021 Jul 21 12:00:00 AM","2022 Feb 18 12:00:00 AM","Cyberattack","2021 Jul 15 12:00:00 AM","2021 Jul 21 12:00:00 AM","Welfare & Pension Administration Service, Inc. (WPAS)","11,452","Malware","103,557","Business","Professional Services","2,022","2022","50,000-999,999","1-99","0","6","6","true","6",,"true","212","1-99","WA"
"2021 Nov 22 12:00:00 AM","2022 Feb 22 12:00:00 AM","Unauthorized Access","2021 Nov 18 12:00:00 AM","2021 Nov 22 12:00:00 AM","Logan Health Medical Center","11,453",,"3,575","Health",,"2,022","2022","1,000-9,999","1-99","0","4","4","true","4",,"true","92","1-99","MT"
"2021 Nov 26 12:00:00 AM","2022 Feb 23 12:00:00 AM","Cyberattack","2021 Nov 23 12:00:00 AM","2021 Nov 23 12:00:00 AM","Creative Services, Inc., on behalf of relevant data owners","13,146","Other","1,311","Business","Professional Services","2,022","2022","1,000-9,999","1-99","0","3","3","false","0","3","false","89","0","MA"
"2022 Jan 24 12:00:00 AM","2022 Feb 24 12:00:00 AM","Unauthorized Access",,,"Washington State Department of Licensing","13,147",,"483,904","Government",,"2,022","2022","50,000-999,999","Unknown",,,,"false",,,"false","31","Unknown","WA"
"2021 Dec 26 12:00:00 AM","2022 Mar 04 12:00:00 AM","Cyberattack","2021 Dec 17 12:00:00 AM","2021 Dec 26 12:00:00 AM","Wagstaff, Inc.","13,148","Ransomware","2,028","Business","Manufacturing","2,022","2022","1,000-9,999","1-99","0","9","9","true","9",,"true","68","1-99","WA"
"2021 Dec 20 12:00:00 AM","2022 Mar 11 12:00:00 AM","Unauthorized Access","2020 Dec 06 12:00:00 AM","2020 Dec 20 12:00:00 AM","American Financial Resources, Inc.","13,162",,"6,581","Finance",,"2,022","2022","1,000-9,999","300-399","0","379","379","false","14","365","false","81","1-99","NJ"
"2021 Jul 05 12:00:00 AM","2022 Mar 15 12:00:00 AM","Cyberattack","2021 Jul 02 12:00:00 AM","2021 Jul 04 12:00:00 AM","Chelan Douglas Health District","13,163","Malware","108,906","Health",,"2,022","2022","50,000-999,999","1-99","0","3","3","false","2","1","false","253","1-99",
"2021 Sep 03 12:00:00 AM","2022 Mar 14 12:00:00 AM","Cyberattack","2021 Sep 03 12:00:00 AM","2021 Sep 03 12:00:00 AM","Marker Group Inc.","13,164","Ransomware","1,493","Business","Professional Services","2,022","2022","1,000-9,999","0","0","0","0","true","0",,"true","192","0","TX"
"2022 Feb 06 12:00:00 AM","2022 Mar 16 12:00:00 AM","Unauthorized Access","2022 Jan 13 12:00:00 AM","2022 Feb 06 12:00:00 AM","Sarku Japan","13,215","Other","729","Business","Other","2,022","2022","500-999","1-99","0","24","24","true","24",,"true","38","1-99","NY"
"2021 Dec 06 12:00:00 AM","2022 Mar 18 12:00:00 AM","Unauthorized Access","2021 Oct 27 12:00:00 AM","2021 Dec 07 12:00:00 AM","Lakeview Loan Servicing, LLC","13,216",,"156,630","Finance",,"2,022","2022","50,000-999,999","1-99","1","40","41","true","41",,"false","102","1-99","FL"
"2022 Feb 24 12:00:00 AM","2022 Mar 21 12:00:00 AM","Cyberattack","2022 Feb 23 12:00:00 AM","2022 Mar 23 12:00:00 AM","Spokane Regional Health District","13,217","Phishing","1,260","Government",,"2,022","2022","1,000-9,999","1-99","27","1","28","true","28",,"false","25","1-99","WA"
"2021 Aug 01 12:00:00 AM","2022 Mar 21 12:00:00 AM","Unauthorized Access","2021 Jul 20 12:00:00 AM","2021 Sep 02 12:00:00 AM","Morley Companies, Inc.","13,221",,"42,633","Business","Other","2,022","2022","10,000-49,999","1-99","32","12","44","true","44",,"false","232","1-99","WA"
"2021 Nov 12 12:00:00 AM","2022 Mar 22 12:00:00 AM","Cyberattack","2021 Nov 10 12:00:00 AM","2021 Nov 17 12:00:00 AM","Horizon Actuarial Services, LLC","13,222","Other","53,256","Business","Professional Services","2,022","2022","50,000-999,999","1-99","5","2","7","true","7",,"false","130","1-99","GA"
"2021 Mar 04 12:00:00 AM","2022 Mar 23 12:00:00 AM","Cyberattack","2020 Sep 08 12:00:00 AM","2021 Nov 24 12:00:00 AM","Leerburg Enterprises, Inc.","13,223","Skimmers","634","Business","Retail","2,022","2022","500-999","400-499","265","177","442","true","442",,"false","384","400-499","WI"
"2022 Mar 10 12:00:00 AM","2022 Mar 25 12:00:00 AM","Cyberattack","2021 Jul 14 12:00:00 AM","2021 Aug 19 12:00:00 AM","Christie Business Holdings Company, P.C.","13,227","Phishing","694","Health",,"2,022","2022","500-999","200-299","0","239","239","false","36","203","false","15","1-99","IL"
"2021 Oct 03 12:00:00 AM","2022 Mar 25 12:00:00 AM","Cyberattack","2021 Sep 30 12:00:00 AM","2021 Oct 04 12:00:00 AM","Marten Transport, Ltd.","13,228","Ransomware","521","Business","Shipping","2,022","2022","500-999","1-99","1","3","4","true","4",,"false","173","1-99","WI"
"2022 Feb 18 12:00:00 AM","2022 Apr 05 12:00:00 AM","Unauthorized Access","2021 Oct 09 12:00:00 AM","2022 Feb 18 12:00:00 AM","Sterling Valley Systems d/b/a Inntopia","13,263",,"13,396","Business","Software","2,022","2022","10,000-49,999","100-199","0","132","132","true","132",,"true","46","100-199","VT"
"2021 Dec 06 12:00:00 AM","2022 Apr 06 12:00:00 AM","Unauthorized Access","2021 Oct 27 12:00:00 AM","2021 Dec 07 12:00:00 AM","Pingora Loan Servicing, LLC","13,264",,"52,606","Finance",,"2,022","2022","50,000-999,999","1-99","1","40","41","true","41",,"false","121","1-99","CO"
"2021 Jul 04 12:00:00 AM","2022 Apr 06 12:00:00 AM","Cyberattack","2021 Feb 02 12:00:00 AM","2021 Jul 09 12:00:00 AM","DialAmerica Marketing, Inc.","13,265","Ransomware","621","Business","Other","2,022","2022","500-999","100-199","5","152","157","true","157",,"false","276","100-199","NJ"
"2022 Feb 04 12:00:00 AM","2022 Apr 07 12:00:00 AM","Cyberattack","2022 Feb 04 12:00:00 AM",,"PBS Engineering and Environmental","13,270","Ransomware","691","Business","Manufacturing","2,022","2022","500-999","Unknown",,"0",,"false",,,"false","62","Unknown","OR"
"2021 Jun 28 12:00:00 AM","2022 Apr 08 12:00:00 AM","Unauthorized Access","2021 Jun 28 12:00:00 AM","2021 Jun 28 12:00:00 AM","Stevens & Lee","13,271",,"1,028","Business","Legal","2,022","2022","1,000-9,999","0","0","0","0","true","0",,"true","284","0","PA"
"2022 Jan 08 12:00:00 AM","2022 Apr 12 12:00:00 AM","Unauthorized Access","2021 Dec 28 12:00:00 AM","2022 Jan 08 12:00:00 AM","Illuminate Education","13,290",,"1,743","Education",,"2,022","2022","1,000-9,999","1-99","0","11","11","true","11",,"true","94","1-99","CA"
"2022 Feb 05 12:00:00 AM","2022 Apr 14 12:00:00 AM","Cyberattack","2022 Feb 02 12:00:00 AM","2022 Feb 03 12:00:00 AM","AUTOPAY Direct, Inc. ","13,291","Ransomware","831","Finance",,"2,022","2022","500-999","1-99","0","3","3","false","1","2","false","68","1-99","CO"
"2022 Mar 15 12:00:00 AM","2022 Apr 15 12:00:00 AM","Cyberattack","2022 Feb 17 12:00:00 AM","2022 Mar 15 12:00:00 AM","PlanMember Securities Corporation","13,292","Phishing","4,231","Finance",,"2,022","2022","1,000-9,999","1-99","0","26","26","true","26",,"true","31","1-99","CA"
"2022 Mar 01 12:00:00 AM","2022 Apr 22 12:00:00 AM","Cyberattack","2021 Dec 04 12:00:00 AM","2021 Dec 04 12:00:00 AM","King County Public Hospital District No. 2","13,311","Other","19,092","Health",,"2,022","2022","10,000-49,999","1-99","0","87","87","false","0","87","false","52","0","WA"
"2022 Feb 22 12:00:00 AM","2022 Apr 07 12:00:00 AM","Unauthorized Access",,,"IMCO General Construction, Inc.","13,328",,"1,442","Business","Construction","2,022","2022","1,000-9,999","Unknown",,,,"false",,,"false","44","Unknown","PA"
"2022 Mar 03 12:00:00 AM","2022 Apr 14 12:00:00 AM","Unauthorized Access",,,"Snap-On Incorporated","13,329",,"531","Business","Manufacturing","2,022","2022","500-999","Unknown",,,,"false",,,"false","42","Unknown","WI"
"2022 Apr 30 12:00:00 AM","2022 May 26 12:00:00 AM","Cyberattack","2022 Mar 26 12:00:00 AM","2022 Apr 02 12:00:00 AM","Boeing Employees' Credit Union","13,646","Skimmers","717","Finance",,"2,022","2022","500-999","1-99","0","35","35","false","7","28","false","26","1-99","WA"
"2023 May 11 12:00:00 AM","2023 May 19 12:00:00 AM","Unauthorized Access",,,"University of Puget Sound","15,130",,"623","Education",,"2,023","2023","500-999","Unknown",,,,"false",,,"false","8","Unknown",
"2023 Jun 01 12:00:00 AM","2023 Dec 04 12:00:00 AM","Unauthorized Access",,,"Pan-American Life Insurance Group","16,005",,"616","Finance",,"2,024","2024","500-999","Unknown",,,,"false",,,"false","186","Unknown",
"2023 Oct 30 12:00:00 AM","2024 Feb 02 12:00:00 AM","Unauthorized Access","2023 Oct 29 12:00:00 AM","2023 Nov 02 12:00:00 AM","Infosys McCamish Systems LLC","16,443",,"857","Finance",,"2,024","2024","500-999","1-99","3","1","4","true","4",,"false","95","1-99","GA"
"2023 Dec 19 12:00:00 AM","2024 Feb 02 12:00:00 AM","Cyberattack","2023 Dec 05 12:00:00 AM","2023 Dec 22 12:00:00 AM","Sage Home Loans Corp. f/k/a Lenox Financial Mortgage Corp.","16,444","Ransomware","700","Finance",,"2,024","2024","500-999","1-99","3","14","17","true","17",,"false","45","1-99","SC"
"2023 Dec 05 12:00:00 AM","2024 Feb 22 12:00:00 AM","Unauthorized Access","2023 Jul 20 12:00:00 AM","2023 Oct 02 12:00:00 AM","U-Haul International, Inc.","16,445",,"16,460","Business","Other","2,024","2024","10,000-49,999","100-199","0","138","138","false","74","64","false","79","1-99","AZ"
"2023 Oct 20 12:00:00 AM","2024 Feb 23 12:00:00 AM","Cyberattack","2023 Oct 20 12:00:00 AM","2023 Oct 20 12:00:00 AM","UNITE HERE","16,446","Ransomware","76,574","Business","Other","2,024","2024","50,000-999,999","0","0","0","0","true","0",,"true","126","0","NY"
"2024 Jan 03 12:00:00 AM","2024 Feb 15 12:00:00 AM","Cyberattack","2024 Jan 03 12:00:00 AM","2024 Jan 05 12:00:00 AM","loanDepot.com, LLC","16,447","Ransomware","502,513","Finance",,"2,024","2024","50,000-999,999","1-99","2","0","2","true","2",,"false","43","1-99","CA"
"2023 Aug 03 12:00:00 AM","2024 Feb 29 12:00:00 AM","Cyberattack","2023 Jul 13 12:00:00 AM","2023 Aug 03 12:00:00 AM","Renton School District ","16,485","Ransomware","18,891","Education",,"2,024","2024","10,000-49,999","1-99","0","21","21","true","21",,"true","210","1-99","WA"
"2023 Oct 27 12:00:00 AM","2024 Feb 29 12:00:00 AM","Theft or Mistake","2023 Oct 27 12:00:00 AM","2023 Oct 27 12:00:00 AM","Fred Hutchinson Cancer Center","16,487",,"14,898","Health",,"2,024","2024","10,000-49,999","0","0","0","0","true","0",,"true","125","0","WA"
"2023 May 09 12:00:00 AM","2024 Feb 28 12:00:00 AM","Cyberattack","2023 May 07 12:00:00 AM","2023 May 09 12:00:00 AM","Houser LLP","16,488","Ransomware","7,791","Business","Legal","2,024","2024","1,000-9,999","1-99","0","2","2","true","2",,"true","295","1-99","CA"
"2023 Jul 11 12:00:00 AM","2024 Feb 09 12:00:00 AM","Theft or Mistake","2023 Jul 07 12:00:00 AM","2023 Jul 10 12:00:00 AM","Trinity Universal Insurance Company","16,489",,"31,701","Business","Other","2,024","2024","10,000-49,999","1-99","0","4","4","false","3","1","false","213","1-99","TX"
"2023 Nov 14 12:00:00 AM","2024 Feb 06 12:00:00 AM","Cyberattack","2023 Nov 14 12:00:00 AM","2023 Nov 14 12:00:00 AM","Medical Management Resource Group, L.L.C.","16,490","Ransomware","4,482","Health",,"2,024","2024","1,000-9,999","0","0","0","0","true","0",,"true","84","0","AZ"
"2023 Nov 13 12:00:00 AM","2024 Mar 01 12:00:00 AM","Cyberattack","2023 Nov 13 12:00:00 AM","2023 Nov 14 12:00:00 AM","Pacific Cataract and Laser Institute, Inc., P.C.","16,492","Ransomware","6,587","Health",,"2,024","2024","1,000-9,999","1-99","1","0","1","true","1",,"false","109","1-99","WA"
"2023 Oct 26 12:00:00 AM","2024 Feb 15 12:00:00 AM","Cyberattack","2023 Oct 26 12:00:00 AM","2023 Oct 26 12:00:00 AM","Webber Chiropractic Sports Clinic, Inc.","16,495","Ransomware","1,543","Health",,"2,024","2024","1,000-9,999","0","0","0","0","true","0",,"true","112","0","WA"
"2023 May 31 12:00:00 AM","2024 Feb 29 12:00:00 AM","Cyberattack","2023 May 29 12:00:00 AM","2023 May 29 12:00:00 AM","Baesman Group, Inc.","16,498","Malware","1,658","Business","Other","2,024","2024","1,000-9,999","1-99","0","2","2","false","0","2","false","274","0","OH"
"2023 Aug 11 12:00:00 AM","2023 Dec 15 12:00:00 AM","Cyberattack","2023 May 30 12:00:00 AM",,"Cohere Health (Welltok, Inc.)","16,499","Malware","2,299","Health",,"2,024","2024","1,000-9,999","Unknown",,"73",,"false",,,"false","126","Unknown",
"2023 Sep 22 12:00:00 AM","2023 Dec 15 12:00:00 AM","Cyberattack","2023 May 30 12:00:00 AM",,"Centerwell Pharmacy (Welltok, Inc.)","16,500","Malware","12,222","Health",,"2,024","2024","10,000-49,999","Unknown",,"115",,"false",,,"false","84","Unknown","MA"
"2023 Sep 22 12:00:00 AM","2023 Dec 15 12:00:00 AM","Cyberattack","2023 May 30 12:00:00 AM",,"Humana, Inc. (Welltok, Inc.)","16,506","Malware","33,193","Finance",,"2,024","2024","10,000-49,999","Unknown",,"115",,"false",,,"false","84","Unknown","KY"
"2023 Sep 22 12:00:00 AM","2023 Dec 15 12:00:00 AM","Cyberattack","2024 Mar 30 12:00:00 AM",,"Reyes Holdings, LLC (Welltok, Inc.)","16,507","Malware","543","Finance",,"2,024","2024","500-999","Unknown",,"-190",,"false",,,"false","84","Unknown","IL"
"2023 Oct 16 12:00:00 AM","2024 Mar 08 12:00:00 AM","Cyberattack","2023 Oct 15 12:00:00 AM","2023 Oct 16 12:00:00 AM","Spokane Valley Fire Department","16,510","Phishing","575","Government",,"2,024","2024","500-999","1-99","0","1","1","true","1",,"true","144","1-99","WA"
"2023 Dec 30 12:00:00 AM","2024 Mar 07 12:00:00 AM","Cyberattack","2023 Dec 30 12:00:00 AM","2023 Dec 30 12:00:00 AM","Nations Direct Mortgage, LLC","16,511","Ransomware","1,862","Finance",,"2,024","2024","1,000-9,999","0","0","0","0","true","0",,"true","68","0","NV"
"2023 Aug 18 12:00:00 AM","2024 Mar 01 12:00:00 AM","Cyberattack","2023 Aug 11 12:00:00 AM","2023 Aug 17 12:00:00 AM","Yakima Valley Radiology PC","16,513","Ransomware","161,768","Health",,"2,024","2024","50,000-999,999","1-99","0","7","7","false","6","1","false","196","1-99","WA"
"2023 Apr 25 12:00:00 AM","2024 Feb 29 12:00:00 AM","Cyberattack","2023 Apr 25 12:00:00 AM","2023 Apr 25 12:00:00 AM","TAG Urgent Care Support Services LLC","16,514","Ransomware","594","Health",,"2,024","2024","500-999","0","0","0","0","true","0",,"true","310","0","NY"
"2023 May 31 12:00:00 AM","2024 Mar 01 12:00:00 AM","Cyberattack","2023 May 30 12:00:00 AM","2023 May 31 12:00:00 AM","Alliance Solutions Group, LLC (dba TalentLaunch)","16,515","Ransomware","569","Business","Professional Services","2,024","2024","500-999","1-99","0","1","1","true","1",,"true","275","1-99","OH"
"2023 Oct 06 12:00:00 AM","2024 Feb 28 12:00:00 AM","Cyberattack","2023 May 30 12:00:00 AM",,"Aetna ACE (Welltok, Inc.)","16,516","Malware","2,653","Finance",,"2,024","2024","1,000-9,999","Unknown",,"129",,"false",,,"false","145","Unknown",
"2023 Dec 22 12:00:00 AM","2024 Mar 04 12:00:00 AM","Theft or Mistake","2022 Apr 01 12:00:00 AM","2024 Jan 11 12:00:00 AM","Assurance IQ","16,518",,"982","Business","Other","2,024","2024","500-999","500+","20","630","650","true","650",,"false","73","500+","WA"
"2023 Dec 27 12:00:00 AM","2024 Feb 23 12:00:00 AM","Theft or Mistake","2023 Nov 20 12:00:00 AM","2023 Nov 20 12:00:00 AM","CVS Caremark Part D Services, L.L.C.","16,528",,"2,193","Health",,"2,024","2024","1,000-9,999","1-99","0","37","37","false","0","37","false","58","0","RI"
"2023 Nov 12 12:00:00 AM","2024 Mar 12 12:00:00 AM","Cyberattack","2023 Nov 12 12:00:00 AM","2023 Nov 13 12:00:00 AM","Gerson Lehrman Group, Inc. ","16,529","Ransomware","3,734","Business","Professional Services","2,024","2024","1,000-9,999","1-99","1","0","1","true","1",,"false","121","1-99","NY"
"2024 Feb 06 12:00:00 AM","2024 Mar 15 12:00:00 AM","Cyberattack","2024 Jan 31 12:00:00 AM","2024 Feb 06 12:00:00 AM","BioLife Plasma Services L.P. ","16,530","Other","874","Health",,"2,024","2024","500-999","1-99","0","6","6","true","6",,"true","38","1-99","WA"
"2023 Apr 10 12:00:00 AM","2024 Mar 12 12:00:00 AM","Cyberattack","2023 Apr 03 12:00:00 AM","2023 Apr 10 12:00:00 AM","CCM Health","16,531","Other","1,273","Health",,"2,024","2024","1,000-9,999","1-99","0","7","7","true","7",,"true","337","1-99","MN"
"2023 Apr 25 12:00:00 AM","2024 Feb 28 12:00:00 AM","Cyberattack","2023 Apr 25 12:00:00 AM","2023 Apr 25 12:00:00 AM","Aspen Dental Management, Inc.","16,533","Ransomware","904","Health",,"2,024","2024","500-999","0","0","0","0","true","0",,"true","309","0","WA"
"2023 Nov 29 12:00:00 AM","2024 Jan 30 12:00:00 AM","Cyberattack","2023 Nov 28 12:00:00 AM","2023 Nov 29 12:00:00 AM","Bankers Life and Casualty Company","16,442","Other","865","Business","Other","2,024","2024","500-999","1-99","0","1","1","true","1",,"true","62","1-99","IL"
"2023 Oct 14 12:00:00 AM","2024 Jan 26 12:00:00 AM","Cyberattack","2023 Sep 27 12:00:00 AM","2023 Dec 05 12:00:00 AM","Henry Schein, Inc.","16,441","Ransomware","1,953","Business","Other","2,024","2024","1,000-9,999","1-99","52","17","69","true","69",,"false","104","1-99","NY"
"2023 Sep 22 12:00:00 AM","2023 Dec 05 12:00:00 AM","Cyberattack",,,"Elixir RX Solutions (Welltok)","16,399","Other","544","Finance",,"2,024","2024","500-999","Unknown",,,,"false",,,"false","74","Unknown",
"2023 Sep 22 12:00:00 AM","2023 Dec 22 12:00:00 AM","Cyberattack","2023 May 30 12:00:00 AM",,"United Healthcare Services, Inc. (Welltok)","16,398","Other","9,938","Finance",,"2,024","2024","1,000-9,999","Unknown",,"115",,"false",,,"false","91","Unknown",
"2023 Oct 27 12:00:00 AM","2024 Jan 08 12:00:00 AM","Cyberattack","2023 May 30 12:00:00 AM",,"Highmark Blue Cross Blue Shield (Welltok)","16,394","Other","504","Finance",,"2,024","2024","500-999","Unknown",,"150",,"false",,,"false","73","Unknown",
"2023 Oct 30 12:00:00 AM","2024 Feb 02 12:00:00 AM","Unauthorized Access","2023 Oct 25 12:00:00 AM","2023 Oct 26 12:00:00 AM","Advarra, Inc.","16,349",,"1,066","Health",,"2,024","2024","1,000-9,999","1-99","0","5","5","false","1","4","false","95","1-99","MD"
"2023 Dec 14 12:00:00 AM","2024 Feb 07 12:00:00 AM","Unauthorized Access","2023 May 27 12:00:00 AM","2023 May 30 12:00:00 AM","Lineage, Inc (Delta Dental of California)","16,348",,"844","Business","Other","2,024","2024","500-999","200-299","0","201","201","false","3","198","false","55","1-99","MI"
"2023 Nov 28 12:00:00 AM","2024 Feb 06 12:00:00 AM","Cyberattack","2023 Nov 27 12:00:00 AM","2023 Nov 28 12:00:00 AM","INTEGRIS Health","16,347","Other","2,120","Health",,"2,024","2024","1,000-9,999","1-99","0","1","1","true","1",,"true","70","1-99","OK"
"2023 Jun 01 12:00:00 AM","2024 Jan 30 12:00:00 AM","Unauthorized Access","2023 May 27 12:00:00 AM","2023 May 30 12:00:00 AM","GEICO (Delta Dental of California)","16,346",,"1,186","Health",,"2,024","2024","1,000-9,999","1-99","0","5","5","false","3","2","false","243","1-99","CA"
"2023 Aug 27 12:00:00 AM","2024 Jan 26 12:00:00 AM","Cyberattack","2023 Aug 21 12:00:00 AM","2023 Aug 27 12:00:00 AM","Keenan & Associates","16,345","Ransomware","5,873","Business","Other","2,024","2024","1,000-9,999","1-99","0","6","6","true","6",,"true","152","1-99","CA"
"2023 Nov 15 12:00:00 AM","2024 Feb 06 12:00:00 AM","Cyberattack","2023 Oct 25 12:00:00 AM","2023 Nov 20 12:00:00 AM","Employment Secruity Department of Washington State","16,344","Other","519","Government",,"2,024","2024","500-999","1-99","5","21","26","true","26",,"false","83","1-99","WA"
"2023 Jul 12 12:00:00 AM","2023 Oct 04 12:00:00 AM","Cyberattack",,,"Fidelity National Information Services/Emerald Financial Services","16,338","Malware","15,776","Finance",,"2,024","2024","10,000-49,999","Unknown",,,,"false",,,"false","84","Unknown",
"2023 Mar 19 12:00:00 AM","2023 Nov 16 12:00:00 AM","Unauthorized Access","2023 Mar 06 12:00:00 AM","2023 Mar 19 12:00:00 AM","Pacific Union College","16,337",,"1,921","Education",,"2,024","2024","1,000-9,999","1-99","0","13","13","true","13",,"true","242","1-99",
"2023 Sep 28 12:00:00 AM","2023 Dec 20 12:00:00 AM","Cyberattack",,,"ESO Solutions, Inc.","16,336","Ransomware","810","Business","Software","2,024","2024","500-999","Unknown",,,,"false",,,"false","83","Unknown",
"2023 Oct 17 12:00:00 AM","2024 Jan 03 12:00:00 AM","Cyberattack",,,"First Financial Sercurity, Inc.","16,327","Ransomware","2,328","Finance",,"2,024","2024","1,000-9,999","Unknown",,,,"false",,,"false","78","Unknown",
"2023 Jun 12 12:00:00 AM","2023 Jul 27 12:00:00 AM","Unauthorized Access","2023 May 31 12:00:00 AM","2023 Jun 10 12:00:00 AM","HopSkipDrive, Inc.","16,326",,"14,757","Business","Professional Services","2,024","2024","10,000-49,999","1-99","0","12","12","false","10","2","false","45","1-99","CA"
"2023 Feb 25 12:00:00 AM","2023 Sep 22 12:00:00 AM","Unauthorized Access","2023 Feb 24 12:00:00 AM","2023 Feb 25 12:00:00 AM","LCS Financial Services","16,285",,"1,823","Finance",,"2,024","2024","1,000-9,999","1-99","0","1","1","true","1",,"true","209","1-99","WA"
"2023 Nov 15 12:00:00 AM","2024 Jan 23 12:00:00 AM","Cyberattack","2023 Nov 15 12:00:00 AM","2023 Nov 15 12:00:00 AM","Planet Home Lending, LLC","16,278","Ransomware","7,194","Finance",,"2,024","2024","1,000-9,999","0","0","0","0","true","0",,"true","69","0","CT"
"2023 Jun 05 12:00:00 AM","2024 Jan 22 12:00:00 AM","Cyberattack","2023 May 31 12:00:00 AM","2023 Jun 05 12:00:00 AM","Philips Respironics International Colorado, Inc. (RICO)","16,277","Ransomware","14,476","Health",,"2,024","2024","10,000-49,999","1-99","0","5","5","true","5",,"true","231","1-99","CO"
"2023 Dec 16 12:00:00 AM","2024 Jan 18 12:00:00 AM","Cyberattack","2023 Dec 14 12:00:00 AM","2024 Jan 02 12:00:00 AM","The Washington Center for Deaf & Hard of Hearing Youth","16,276","Ransomware","594","Education",,"2,024","2024","500-999","1-99","17","2","19","true","19",,"false","33","1-99","WA"
"2023 May 28 12:00:00 AM","2024 Jan 17 12:00:00 AM","Cyberattack","2023 May 28 12:00:00 AM","2023 May 28 12:00:00 AM","TGI Direct","16,275","Ransomware","3,428","Business","Web Services","2,024","2024","1,000-9,999","0","0","0","0","true","0",,"true","234","0","MI"
"2023 Oct 07 12:00:00 AM","2024 Jan 16 12:00:00 AM","Cyberattack","2023 Oct 01 12:00:00 AM","2023 Oct 08 12:00:00 AM","McCarthy & Holthus LLP","16,274","Ransomware","700","Business","Professional Services","2,024","2024","500-999","1-99","1","6","7","true","7",,"false","101","1-99","CA"
"2023 Jul 11 12:00:00 AM","2024 Jan 12 12:00:00 AM","Cyberattack","2023 Jul 03 12:00:00 AM","2023 Jul 11 12:00:00 AM","Alpha Supported Living Services","16,272","Phishing","1,383","Non-Profit/Charity",,"2,024","2024","1,000-9,999","1-99","0","8","8","true","8",,"true","185","1-99","WA"
"2023 Aug 22 12:00:00 AM","2024 Jan 18 12:00:00 AM","Unauthorized Access","2023 Aug 22 12:00:00 AM","2024 Jan 10 12:00:00 AM","Umpqua Community College","16,270",,"691","Education",,"2,024","2024","500-999","100-199","141","0","141","true","141",,"false","149","100-199","OR"
"2023 Nov 15 12:00:00 AM","2024 Jan 30 12:00:00 AM","Cyberattack","2023 Oct 25 12:00:00 AM","2023 Nov 20 12:00:00 AM","Washington State Department of Licensing","16,269","Other","997","Government",,"2,024","2024","500-999","1-99","5","21","26","true","26",,"false","76","1-99","WA"
"2023 Sep 07 12:00:00 AM","2024 Jan 31 12:00:00 AM","Cyberattack","2023 Sep 07 12:00:00 AM","2023 Sep 07 12:00:00 AM","Prestige Care, Inc.","16,268","Ransomware","17,145","Health",,"2,024","2024","10,000-49,999","0","0","0","0","true","0",,"true","146","0","WA"
"2023 Nov 28 12:00:00 AM","2023 Dec 27 12:00:00 AM","Unauthorized Access",,,"Academy Mortgage Corporation","16,247",,"17,083","Finance",,"2,024","2024","10,000-49,999","Unknown",,,,"false",,,"false","29","Unknown",
"2023 Nov 26 12:00:00 AM","2024 Jan 17 12:00:00 AM","Cyberattack","2023 Nov 09 12:00:00 AM","2023 Nov 26 12:00:00 AM","Oak View Group","16,228","Ransomware","1,211","Business","Entertainment","2,024","2024","1,000-9,999","1-99","0","17","17","true","17",,"true","52","1-99","CA"
"2023 Dec 10 12:00:00 AM","2024 Jan 10 12:00:00 AM","Cyberattack","2023 Dec 10 12:00:00 AM","2023 Dec 10 12:00:00 AM","CellNetix Pathology and Laboratories","16,222","Ransomware","1,146","Health",,"2,024","2024","1,000-9,999","0","0","0","0","true","0",,"true","31","0","WA"
"2023 Sep 14 12:00:00 AM","2024 Jan 05 12:00:00 AM","Cyberattack","2023 Jul 26 12:00:00 AM","2023 Sep 19 12:00:00 AM","Moses Lake Community Health Center","16,213","Phishing","1,189","Health",,"2,024","2024","1,000-9,999","1-99","5","50","55","true","55",,"false","113","1-99","WA"
"2023 Apr 21 12:00:00 AM","2023 Dec 29 12:00:00 AM","Cyberattack","2023 Feb 17 12:00:00 AM","2023 Apr 22 12:00:00 AM","Transformative Healthcare","16,127","Ransomware","940","Health",,"2,024","2024","500-999","1-99","1","63","64","true","64",,"false","252","1-99","MA"
"2023 Aug 23 12:00:00 AM","2023 Nov 17 12:00:00 AM","Unauthorized Access","2023 May 28 12:00:00 AM","2023 May 31 12:00:00 AM","Medical Eye Services, Inc. (Blue Shield of California)","16,126",,"2,962","Business","Other","2,024","2024","1,000-9,999","1-99","0","87","87","false","3","84","false","86","1-99","CA"
"2023 Jun 26 12:00:00 AM","2023 Nov 21 12:00:00 AM","Cyberattack","2023 Jun 19 12:00:00 AM","2023 Jun 20 12:00:00 AM","NSC Technologies","16,115","Ransomware","1,072","Business","Professional Services","2,024","2024","1,000-9,999","1-99","0","7","7","false","1","6","false","148","1-99","GA"
"2023 Aug 23 12:00:00 AM","2023 Nov 15 12:00:00 AM","Unauthorized Access","2023 May 28 12:00:00 AM","2023 May 31 12:00:00 AM","Medical Eye Services, Inc. (Costco Wholesale Corporation)","16,114",,"35,746","Business","Other","2,024","2024","10,000-49,999","1-99","0","87","87","false","3","84","false","84","1-99","CA"
"2023 Nov 19 12:00:00 AM","2023 Dec 22 12:00:00 AM","Cyberattack","2023 Nov 19 12:00:00 AM","2023 Nov 26 12:00:00 AM","LoanCare, LLC","16,112","Ransomware","44,465","Finance",,"2,024","2024","10,000-49,999","1-99","7","0","7","true","7",,"false","33","1-99","WA"
"2023 Nov 11 12:00:00 AM","2023 Dec 22 12:00:00 AM","Cyberattack","2023 Nov 10 12:00:00 AM","2023 Dec 06 12:00:00 AM","Snagajob.com, Inc.","16,110","Other","2,220","Business","Human Resources","2,024","2024","1,000-9,999","1-99","25","1","26","true","26",,"false","41","1-99","VA"
"2023 Jul 25 12:00:00 AM","2023 Dec 29 12:00:00 AM","Cyberattack","2023 Jul 12 12:00:00 AM","2023 Jul 25 12:00:00 AM","Navvis & Company, LLC","16,109","Ransomware","6,783","Health",,"2,024","2024","1,000-9,999","1-99","0","13","13","true","13",,"true","157","1-99","MO"
"2023 Nov 02 12:00:00 AM","2023 Dec 21 12:00:00 AM","Cyberattack","2023 Feb 12 12:00:00 AM","2023 Feb 13 12:00:00 AM","California Northstate University","16,108","Ransomware","5,694","Education",,"2,024","2024","1,000-9,999","200-299","0","263","263","false","1","262","false","49","1-99","CA"
"2023 Nov 19 12:00:00 AM","2023 Dec 22 12:00:00 AM","Cyberattack","2023 Nov 19 12:00:00 AM","2023 Nov 25 12:00:00 AM","Fred Hutchinson Cancer Center","16,100","Other","1,694,184","Health",,"2,024","2024","1,000,000+","1-99","6","0","6","true","6",,"false","33","1-99","WA"
"2023 Nov 16 12:00:00 AM","2023 Dec 19 12:00:00 AM","Cyberattack","2023 Oct 08 12:00:00 AM","2023 Oct 09 12:00:00 AM","Kwik Trip, Inc.","16,085","Ransomware","1,191","Business","Retail","2,024","2024","1,000-9,999","1-99","0","39","39","false","1","38","false","33","1-99","WI"
"2023 Oct 23 12:00:00 AM","2023 Dec 20 12:00:00 AM","Cyberattack","2023 Sep 17 12:00:00 AM","2023 Sep 28 12:00:00 AM","ESO Solutions, Inc.","16,084","Ransomware","2,298","Health",,"2,024","2024","1,000-9,999","1-99","0","36","36","false","11","25","false","58","1-99","TX"
"2023 Nov 30 12:00:00 AM","2023 Dec 16 12:00:00 AM","Cyberattack",,,"Orchard LLC","16,076","Ransomware","514","Business","Hospitality","2,024","2024","500-999","Unknown",,,,"false",,,"false","16","Unknown","WA"
"2023 Oct 25 12:00:00 AM","2023 Dec 18 12:00:00 AM","Cyberattack","2023 Oct 16 12:00:00 AM","2023 Oct 19 12:00:00 AM","Comcast Cable Communications LLC","16,074","Other","3,100,608","Business","Telecommunications","2,024","2024","1,000,000+","1-99","0","9","9","false","3","6","false","54","1-99","PA"
"2023 Feb 09 12:00:00 AM","2023 Nov 21 12:00:00 AM","Cyberattack","2022 Nov 30 12:00:00 AM","2023 Feb 09 12:00:00 AM","Delaware Life Insurance Company","16,073","Ransomware","7,252","Business","Other","2,024","2024","1,000-9,999","1-99","0","71","71","true","71",,"true","285","1-99","MA"
"2023 Apr 26 12:00:00 AM","2023 Dec 08 12:00:00 AM","Cyberattack","2023 Apr 26 12:00:00 AM","2023 Apr 26 12:00:00 AM","Americold Logistics LLC","16,072","Malware","3,434","Business","Other","2,024","2024","1,000-9,999","0","0","0","0","true","0",,"true","226","0","GA"
"2023 Nov 20 12:00:00 AM","2023 Dec 08 12:00:00 AM","Cyberattack","2023 Nov 19 12:00:00 AM",,"Idaho National Laboratory","16,070","Unclear/unknown","817","Government","Professional Services","2,024","2024","500-999","Unknown",,"1",,"false",,,"false","18","Unknown","ID"
"2023 Jun 01 12:00:00 AM","2023 Dec 14 12:00:00 AM","Cyberattack","2023 May 27 12:00:00 AM","2023 May 30 12:00:00 AM","Dentegra Insurance Company","16,062","Other","1,156","Business","Other","2,024","2024","1,000-9,999","1-99","0","5","5","false","3","2","false","196","1-99","CA"
"2023 May 09 12:00:00 AM","2023 Dec 08 12:00:00 AM","Unauthorized Access","2023 May 07 12:00:00 AM","2023 May 09 12:00:00 AM","Norton Healthcare, Inc. ","16,061",,"1,872","Health",,"2,024","2024","1,000-9,999","1-99","0","2","2","true","2",,"true","213","1-99","KY"
"2022 Nov 27 12:00:00 AM","2023 Dec 04 12:00:00 AM","Cyberattack","2022 Jul 20 12:00:00 AM","2022 Nov 27 12:00:00 AM","Gunster, Yoakley & Steward, PA","16,060","Ransomware","3,014","Business","Legal","2,024","2024","1,000-9,999","100-199","0","130","130","true","130",,"true","372","100-199","FL"
"2023 Jun 01 12:00:00 AM","2023 Dec 14 12:00:00 AM","Unauthorized Access","2023 May 27 12:00:00 AM","2023 May 30 12:00:00 AM","Delta Dental of California and its affiliates","16,059",,"106,098","Health",,"2,024","2024","50,000-999,999","1-99","0","5","5","false","3","2","false","196","1-99","CA"
"2023 Nov 21 12:00:00 AM","2023 Dec 06 12:00:00 AM","Cyberattack","2023 Nov 02 12:00:00 AM","2023 Nov 03 12:00:00 AM","Hi-School Pharmacy","16,058","Ransomware","3,695","Health",,"2,024","2024","1,000-9,999","1-99","0","19","19","false","1","18","false","15","1-99","WA"
"2023 Oct 31 12:00:00 AM","2023 Dec 15 12:00:00 AM","Cyberattack","2023 Oct 30 12:00:00 AM","2023 Nov 01 12:00:00 AM","Nationstar Mortgage LLC (dba Mr. Cooper)","16,056","Ransomware","408,616","Finance",,"2,024","2024","50,000-999,999","1-99","1","1","2","true","2",,"false","45","1-99","TX"
"2023 May 18 12:00:00 AM","2023 Dec 04 12:00:00 AM","Cyberattack","2023 Feb 26 12:00:00 AM","2023 May 18 12:00:00 AM","Taylor University","16,007","Ransomware","1,066","Education",,"2,024","2024","1,000-9,999","1-99","0","81","81","true","81",,"true","200","1-99","IN"
"2023 Nov 27 12:00:00 AM","2023 Dec 01 12:00:00 AM","Unauthorized Access","2023 Oct 28 12:00:00 AM","2023 Nov 15 12:00:00 AM","Washington State Employees Credit Union  (WSECU)","16,006",,"1,216","Finance",,"2,024","2024","1,000-9,999","1-99","0","30","30","false","18","12","false","4","1-99","WA"
"2023 Nov 02 12:00:00 AM","2023 Dec 04 12:00:00 AM","Cyberattack","2023 Aug 12 12:00:00 AM",,"Midwest Gaming & Entertainment, LLC dba Rivers Casino Des Plaines","16,004","Ransomware","1,946","Business","Entertainment","2,024","2024","1,000-9,999","Unknown",,"82",,"false",,,"false","32","Unknown",
"2023 Aug 08 12:00:00 AM","2023 Nov 27 12:00:00 AM","Cyberattack","2023 Aug 07 12:00:00 AM","2023 Aug 08 12:00:00 AM","Zeroed-In Technologies, LLC","15,993","Ransomware","61,088","Business","Software","2,024","2024","50,000-999,999","1-99","0","1","1","true","1",,"true","111","1-99","FL"
"2023 Feb 11 12:00:00 AM","2023 Nov 20 12:00:00 AM","Cyberattack","2023 Feb 11 12:00:00 AM","2023 Feb 11 12:00:00 AM","Proliance Surgeons","15,971","Ransomware","329,291","Health",,"2,024","2024","50,000-999,999","0","0","0","0","true","0",,"true","282","0","WA"
"2023 Jun 26 12:00:00 AM","2023 Nov 22 12:00:00 AM","Cyberattack","2023 May 30 12:00:00 AM","2023 May 31 12:00:00 AM","Graphic Packaging International (Welltok, Inc.)","15,968","Other","554","Business","Software","2,024","2024","500-999","1-99","0","27","27","false","1","26","false","149","1-99","WA"
"2023 Jun 06 12:00:00 AM","2023 Nov 27 12:00:00 AM","Cyberattack","2023 Apr 20 12:00:00 AM","2023 Jun 06 12:00:00 AM","World Learning, Inc.","15,967","Ransomware","1,331","Education",,"2,024","2024","1,000-9,999","1-99","0","47","47","true","47",,"true","174","1-99","VT"
"2023 Jun 05 12:00:00 AM","2023 Nov 22 12:00:00 AM","Cyberattack","2023 May 28 12:00:00 AM","2023 May 28 12:00:00 AM","AutoZone, Inc.","15,958","Other","2,509","Business","Retail","2,024","2024","1,000-9,999","1-99","0","8","8","false","0","8","false","170","0","TN"
"2023 Mar 28 12:00:00 AM","2023 Nov 22 12:00:00 AM","Cyberattack","2023 Mar 28 12:00:00 AM","2023 Mar 28 12:00:00 AM","Big Brothers Big Sisters of America","15,957","Ransomware","15,604","Non-Profit/Charity",,"2,024","2024","10,000-49,999","0","0","0","0","true","0",,"true","239","0","FL"
"2023 Jul 26 12:00:00 AM","2023 Nov 18 12:00:00 AM","Cyberattack","2023 May 30 12:00:00 AM","2023 May 31 12:00:00 AM","Welltok, Inc. (Regence Blue Shield, Regence Blue Shield of Idaho, Regence Blue Cross/Blue Shield (Oregon & Utah))","15,950","Other","1,606","Business","Other","2,024","2024","1,000-9,999","1-99","0","57","57","false","1","56","false","115","1-99","CO"
"2023 Sep 15 12:00:00 AM","2023 Nov 17 12:00:00 AM","Unauthorized Access","2023 May 30 12:00:00 AM","2023 May 30 12:00:00 AM","International Paper Company","15,948",,"1,057","Business","Manufacturing","2,024","2024","1,000-9,999","100-199","0","108","108","false","0","108","false","63","0","TN"
"2023 Jun 07 12:00:00 AM","2023 Nov 20 12:00:00 AM","Unauthorized Access","2023 May 27 12:00:00 AM",,"Mas Tec, Inc.","15,946",,"675","Finance",,"2,024","2024","500-999","Unknown",,"11",,"false",,,"false","166","Unknown","FL"
"2023 Jun 12 12:00:00 AM","2023 Sep 22 12:00:00 AM","Unauthorized Access","2023 May 27 12:00:00 AM","2023 May 30 12:00:00 AM","Sovos Compliance, LLC","15,942",,"1,450","Finance",,"2,024","2024","1,000-9,999","1-99","0","16","16","false","3","13","false","102","1-99","MA"
"2023 May 31 12:00:00 AM","2023 Nov 13 12:00:00 AM","Cyberattack","2023 May 28 12:00:00 AM","2023 May 29 12:00:00 AM","State of Maine","15,941","Other","2,606","Government",,"2,024","2024","1,000-9,999","1-99","0","3","3","false","1","2","false","166","1-99","ME"
"2023 Aug 25 12:00:00 AM","2023 Nov 16 12:00:00 AM","Cyberattack","2023 Aug 25 12:00:00 AM","2023 Aug 25 12:00:00 AM","Systems East, Inc.","15,940","Other","2,753","Finance",,"2,024","2024","1,000-9,999","0","0","0","0","true","0",,"true","83","0","NY"
"2023 Mar 06 12:00:00 AM","2023 Oct 06 12:00:00 AM","Cyberattack","2023 Feb 10 12:00:00 AM","2023 Mar 06 12:00:00 AM","Stanley Steemer International, Inc. ","15,932","Ransomware","1,258","Business","Professional Services","2,024","2024","1,000-9,999","1-99","0","24","24","true","24",,"true","214","1-99","OH"
"2023 Oct 05 12:00:00 AM","2023 Nov 10 12:00:00 AM","Cyberattack","2023 Aug 09 12:00:00 AM","2023 Oct 06 12:00:00 AM","Seattle Housing Authority","15,923","Ransomware","32,007","Government",,"2,024","2024","10,000-49,999","1-99","1","57","58","true","58",,"false","36","1-99","WA"
"2023 May 02 12:00:00 AM","2023 Nov 03 12:00:00 AM","Cyberattack","2023 Mar 27 12:00:00 AM","2023 May 02 12:00:00 AM","Perry Johnson & Associates, Inc. (PJ&A)","15,913","Other","22,088","Health",,"2,024","2024","10,000-49,999","1-99","0","36","36","true","36",,"true","185","1-99","NV"
"2023 Sep 25 12:00:00 AM","2023 Nov 08 12:00:00 AM","Cyberattack","2023 Jul 07 12:00:00 AM","2023 Aug 26 12:00:00 AM","Western Washington Medical Group","15,912","Ransomware","334,360","Health",,"2,024","2024","50,000-999,999","1-99","0","80","80","false","50","30","false","44","1-99","WA"
"2023 Mar 09 12:00:00 AM","2023 Nov 01 12:00:00 AM","Cyberattack","2023 Feb 21 12:00:00 AM","2023 Mar 14 12:00:00 AM","Mt. Hood Meadows Oreg LLC","15,901","Other","2,482","Business","Hospitality","2,024","2024","1,000-9,999","1-99","5","16","21","true","21",,"false","237","1-99","OR"
"2023 Mar 24 12:00:00 AM","2023 Oct 31 12:00:00 AM","Cyberattack","2023 Jan 07 12:00:00 AM","2023 Mar 24 12:00:00 AM","Nature’s Path Foods, Inc. (“Nature’s Path”)","15,900","Ransomware","516","Business","Manufacturing","2,024","2024","500-999","1-99","0","76","76","true","76",,"true","221","1-99","WA"
"2023 Aug 04 12:00:00 AM","2023 Nov 03 12:00:00 AM","Cyberattack","2023 Jul 18 12:00:00 AM","2023 Aug 04 12:00:00 AM","Holiday by Atria","15,898","Phishing","656","Business","Other","2,024","2024","500-999","1-99","0","17","17","true","17",,"true","91","1-99","KY"
"2023 Aug 31 12:00:00 AM","2023 Oct 30 12:00:00 AM","Unauthorized Access","2023 Aug 30 12:00:00 AM","2023 Sep 01 12:00:00 AM","Postmeds, Inc.","15,869",,"48,861","Health",,"2,024","2024","10,000-49,999","1-99","1","1","2","true","2",,"false","60","1-99","CA"
"2023 Jun 01 12:00:00 AM","2023 Sep 20 12:00:00 AM","Cyberattack","2023 May 29 12:00:00 AM","2023 May 31 12:00:00 AM","Aristocrat Technologies, Inc. and its affiliates","15,868","Other","978","Business","Other","2,024","2024","500-999","1-99","0","3","3","false","2","1","false","111","1-99","NV"
"2023 Jan 31 12:00:00 AM","2023 Sep 25 12:00:00 AM","Cyberattack","2023 Jan 12 12:00:00 AM","2023 Jan 31 12:00:00 AM","Francesca's Acquisition, LLC","15,867","Ransomware","805","Business","Clothing","2,024","2024","500-999","1-99","0","19","19","true","19",,"true","237","1-99","TX"
"2023 Aug 21 12:00:00 AM","2023 Oct 27 12:00:00 AM","Cyberattack","2022 Aug 01 12:00:00 AM","2023 Aug 23 12:00:00 AM","Resort Data Processing, Inc.","15,860","Other","2,319","Business","Software","2,024","2024","1,000-9,999","300-399","2","385","387","true","387",,"false","67","300-399","CO"
"2023 Jul 12 12:00:00 AM","2023 Oct 27 12:00:00 AM","Cyberattack","2023 May 30 12:00:00 AM","2023 May 30 12:00:00 AM","NASCO","15,859","Other","12,986","Health",,"2,024","2024","10,000-49,999","1-99","0","43","43","false","0","43","false","107","0","GA"
"2023 Jul 24 12:00:00 AM","2023 Sep 08 12:00:00 AM","Cyberattack","2023 Jul 23 12:00:00 AM","2023 Jul 24 12:00:00 AM","Pierce College District","15,846","Ransomware","155,811","Education",,"2,024","2024","50,000-999,999","1-99","0","1","1","true","1",,"true","46","1-99","WA"
"2023 Aug 21 12:00:00 AM","2023 Oct 23 12:00:00 AM","Cyberattack","2023 May 30 12:00:00 AM","2023 May 31 12:00:00 AM","New York Life","15,838","Ransomware","519","Finance",,"2,024","2024","500-999","1-99","0","83","83","false","1","82","false","63","1-99","NY"
"2023 Aug 03 12:00:00 AM","2023 Oct 05 12:00:00 AM","Cyberattack","2023 May 27 12:00:00 AM","2023 May 31 12:00:00 AM","Flagstar Bank, NA","15,837","Ransomware","2,412","Finance",,"2,024","2024","1,000-9,999","1-99","0","68","68","false","4","64","false","63","1-99","WA"
"2023 Sep 11 12:00:00 AM","2023 Oct 24 12:00:00 AM","Cyberattack","2023 Sep 09 12:00:00 AM","2023 Oct 11 12:00:00 AM","Progressive Leasing","15,835","Other","2,582","Finance",,"2,024","2024","1,000-9,999","1-99","30","2","32","true","32",,"false","43","1-99","WA"
"2023 Sep 14 12:00:00 AM","2023 Oct 17 12:00:00 AM","Cyberattack","2023 Sep 07 12:00:00 AM","2023 Sep 14 12:00:00 AM","Greenpoint Technologies, Inc.  ","15,834","Ransomware","532","Business","Manufacturing","2,024","2024","500-999","1-99","0","7","7","true","7",,"true","33","1-99","WA"
"2023 Jun 07 12:00:00 AM","2023 Oct 19 12:00:00 AM","Cyberattack","2021 Nov 24 12:00:00 AM","2022 Dec 14 12:00:00 AM","Revival Animal Health","15,826","Skimmers","1,929","Business","Retail","2,024","2024","1,000-9,999","500+","0","560","560","false","385","175","false","134","300-399","IA"
"2023 May 31 12:00:00 AM","2023 Oct 18 12:00:00 AM","Cyberattack","2023 May 30 12:00:00 AM","2023 Jun 01 12:00:00 AM","The Estée Lauder Companies Inc.","15,825","Other","1,453","Business","Cosmetic","2,024","2024","1,000-9,999","1-99","1","1","2","true","2",,"false","140","1-99","NY"
"2023 Jun 29 12:00:00 AM","2023 Oct 18 12:00:00 AM","Cyberattack","2023 May 30 12:00:00 AM","2023 Jul 07 12:00:00 AM","BHI Energy I Specialty Services LLC","15,811","Ransomware","1,150","Business","Manufacturing","2,024","2024","1,000-9,999","1-99","8","30","38","true","38",,"false","111","1-99","MA"
"2023 Jun 03 12:00:00 AM","2023 Sep 26 12:00:00 AM","Cyberattack","2023 May 29 12:00:00 AM","2023 May 30 12:00:00 AM","Phh Mortgage Corporation","15,810","Unclear/unknown","3,145","Finance",,"2,024","2024","1,000-9,999","1-99","0","5","5","false","1","4","false","115","1-99","WA"
"2023 Jun 20 12:00:00 AM","2023 Sep 21 12:00:00 AM","Cyberattack","2023 May 30 12:00:00 AM","2023 May 30 12:00:00 AM","National Student Clearinghouse","15,808","Other","5,207","Non-Profit/Charity",,"2,024","2024","1,000-9,999","1-99","0","21","21","false","0","21","false","93","0","VA"
"2023 Jul 10 12:00:00 AM","2023 Sep 15 12:00:00 AM","Cyberattack","2023 May 28 12:00:00 AM","2023 May 29 12:00:00 AM","Nuance Communications, Inc., o/b/o certain data controllers","15,794","Other","7,993","Health",,"2,024","2024","1,000-9,999","1-99","0","43","43","false","1","42","false","67","1-99","MA"
"2023 Jun 01 12:00:00 AM","2023 Sep 15 12:00:00 AM","Cyberattack","2023 May 29 12:00:00 AM","2023 May 30 12:00:00 AM","Radius Global Solutions, LLC","15,793","Other","759","Finance",,"2,024","2024","500-999","1-99","0","3","3","false","1","2","false","106","1-99","WA"
"2023 Feb 07 12:00:00 AM","2023 Sep 06 12:00:00 AM","Cyberattack","2023 Feb 07 12:00:00 AM","2023 Feb 07 12:00:00 AM","Advance America, Cash Advance Centers of Washington, LLC","15,792","Ransomware","26,092","Finance",,"2,024","2024","10,000-49,999","0","0","0","0","true","0",,"true","211","0","SC"
"2022 Jun 02 12:00:00 AM","2022 Jul 25 12:00:00 AM","Cyberattack","2022 May 18 12:00:00 AM","2022 Jun 02 12:00:00 AM","Washington Federal Bank, dba WaFd Bank (Kaye-Smith Enterprise, Inc.)","15,790","Ransomware","36,119","Finance",,"2,023","2023","10,000-49,999","1-99","0","15","15","true","15",,"true","53","1-99",
"2022 Jun 02 12:00:00 AM","2022 Jul 25 12:00:00 AM","Cyberattack","2023 Oct 18 12:00:00 AM","2022 Jun 02 12:00:00 AM","Spokane Teachers Credit Union (Kaye-Smith Enterprises, Inc.)","15,780","Ransomware","1,517","Finance",,"2,023","2023","1,000-9,999","0","0","-503","-503","true","-503",,"true","53","0",
"2022 Jun 02 12:00:00 AM","2022 Jul 25 12:00:00 AM","Cyberattack","2022 May 18 12:00:00 AM","2022 Jun 02 12:00:00 AM","MultiCare Health System, Inc. (Kaye-Smith Enterprises, Inc.)","15,779","Ransomware","22,679","Health",,"2,023","2023","10,000-49,999","1-99","0","15","15","true","15",,"true","53","1-99",
"2022 Jun 02 12:00:00 AM","2022 Jul 25 12:00:00 AM","Cyberattack","2022 May 18 12:00:00 AM","2022 Jun 02 12:00:00 AM","Kitsap Bank (Kaye-Smith Enterprises, Inc)","15,778","Ransomware","10,154","Finance",,"2,023","2023","10,000-49,999","1-99","0","15","15","true","15",,"true","53","1-99",
"2022 Jun 02 12:00:00 AM","2022 Jul 25 12:00:00 AM","Cyberattack","2023 May 18 12:00:00 AM","2023 Jun 02 12:00:00 AM","Alaska USA Credit Union (Kaye-Smith Enterprises, Inc.)","15,777","Ransomware","2,262","Finance",,"2,023","2023","1,000-9,999","1-99","365","-350","15","true","15",,"false","53","1-99",
"2023 Feb 09 12:00:00 AM","2023 Sep 15 12:00:00 AM","Cyberattack","2023 Jan 24 12:00:00 AM","2023 Feb 09 12:00:00 AM","Upstream RollCo, LLC ","15,769","Other","14,247","Health",,"2,024","2024","10,000-49,999","1-99","0","16","16","true","16",,"true","218","1-99","AL"
"2022 Aug 08 12:00:00 AM","2023 Sep 07 12:00:00 AM","Cyberattack","2022 Jul 27 12:00:00 AM","2022 Aug 06 12:00:00 AM","Lifeline Systems Company","15,768","Ransomware","509","Health",,"2,024","2024","500-999","1-99","0","12","12","false","10","2","false","395","1-99","MA"
"2023 Jun 03 12:00:00 AM","2023 Sep 13 12:00:00 AM","Cyberattack","2023 May 27 12:00:00 AM","2023 May 28 12:00:00 AM","Honeywell International Inc.","15,765","Other","2,194","Business","Manufacturing","2,024","2024","1,000-9,999","1-99","0","7","7","false","1","6","false","102","1-99","NC"
"2023 Jul 17 12:00:00 AM","2023 Aug 29 12:00:00 AM","Cyberattack","2021 Nov 24 12:00:00 AM","2022 Dec 14 12:00:00 AM","SERRV International","15,764","Unclear/unknown","630","Non-Profit/Charity",,"2,024","2024","500-999","500+","0","600","600","false","385","215","false","43","300-399","WI"
"2023 Aug 02 12:00:00 AM","2023 Sep 05 12:00:00 AM","Unauthorized Access",,,"Johnson & Johnson Health Care Systems Inc.  (“Janssen”) ","15,763",,"53,970","Health",,"2,024","2024","50,000-999,999","Unknown",,,,"false",,,"false","34","Unknown","NJ"
"2023 Sep 08 12:00:00 AM","2023 Oct 05 12:00:00 AM","Cyberattack","2023 Sep 08 12:00:00 AM","2023 Sep 12 12:00:00 AM","MGM Resorts International","15,761","Other","811,740","Business","Hospitality","2,024","2024","50,000-999,999","1-99","4","0","4","true","4",,"false","27","1-99","NV"
"2023 Jun 06 12:00:00 AM","2023 Sep 08 12:00:00 AM","Cyberattack","2023 May 29 12:00:00 AM","2023 Sep 30 12:00:00 AM","Aetna Life Insurance Company ","15,760","Ransomware","2,303","Health",,"2,024","2024","1,000-9,999","100-199","116","8","124","true","124",,"false","94","100-199","CT"
"2023 Aug 27 12:00:00 AM","2023 Oct 03 12:00:00 AM","Unauthorized Access","2023 Aug 27 12:00:00 AM","2023 Aug 27 12:00:00 AM","Coffee Meets Bagel, Inc.","15,746",,"7,455","Business","Other","2,024","2024","1,000-9,999","0","0","0","0","true","0",,"true","37","0","CA"
"2023 Feb 22 12:00:00 AM","2023 Oct 05 12:00:00 AM","Cyberattack","2023 Feb 17 12:00:00 AM","2023 Feb 22 12:00:00 AM","Great Expressions Dental Centers ","15,745","Ransomware","587","Health",,"2,024","2024","500-999","1-99","0","5","5","true","5",,"true","225","1-99","MI"
"2022 Dec 20 12:00:00 AM","2023 Oct 10 12:00:00 AM","Cyberattack","2022 Nov 14 12:00:00 AM","2022 Dec 20 12:00:00 AM","The City of Lakewood","15,743","Ransomware","24,219","Government",,"2,024","2024","10,000-49,999","1-99","0","36","36","true","36",,"true","294","1-99","WA"
"2023 Jul 20 12:00:00 AM","2023 Oct 10 12:00:00 AM","Cyberattack","2023 Jul 20 12:00:00 AM","2023 Aug 11 12:00:00 AM","Lennar Corporation","15,741","Other","594","Business","Real Estate","2,024","2024","500-999","1-99","22","0","22","true","22",,"false","82","1-99","WA"
"2023 Aug 19 12:00:00 AM","2023 Oct 06 12:00:00 AM","Unauthorized Access","2023 Aug 19 12:00:00 AM","2023 Sep 06 12:00:00 AM","Caesars Entertainment, Inc.","15,738",,"784,234","Business","Entertainment","2,024","2024","50,000-999,999","1-99","18","0","18","true","18",,"false","48","1-99","NV"
"2023 Aug 01 12:00:00 AM","2023 Aug 31 12:00:00 AM","Cyberattack","2023 Aug 01 12:00:00 AM","2023 Aug 01 12:00:00 AM","Topgolf Callaway Brands Corp.","15,726","Ransomware","14,048","Business","Retail","2,024","2024","10,000-49,999","0","0","0","0","true","0",,"true","30","0","CA"
"2022 Aug 26 12:00:00 AM","2023 Jun 14 12:00:00 AM","Unauthorized Access",,,"Connexin Software Inc.","15,712",,"29,600","Business","Software","2,023","2023","10,000-49,999","Unknown",,,,"false",,,"false","292","Unknown",
"2023 May 31 12:00:00 AM","2023 Sep 22 12:00:00 AM","Cyberattack","2023 May 30 12:00:00 AM","2023 May 31 12:00:00 AM","Financial Institution Service Corporation","15,681","Other","2,140","Finance",,"2,024","2024","1,000-9,999","1-99","0","1","1","true","1",,"true","114","1-99","WA"
"2023 May 31 12:00:00 AM","2023 Aug 22 12:00:00 AM","Unauthorized Access","2023 May 30 12:00:00 AM","2023 Jun 01 12:00:00 AM","Huntington Bank (Alogent)","15,678",,"4,000","Business","Professional Services","2,024","2024","1,000-9,999","1-99","1","1","2","true","2",,"false","83","1-99",
"2023 Jun 04 12:00:00 AM","2023 Sep 25 12:00:00 AM","Unauthorized Access",,,"Data Media Associates","15,677",,"657","Business","Professional Services","2,024","2024","500-999","Unknown",,,,"false",,,"false","113","Unknown","GA"
"2023 Jun 09 12:00:00 AM","2023 Sep 25 12:00:00 AM","Cyberattack","2023 Jun 09 12:00:00 AM",,"Spinal and Sports Care Clinic","15,676","Ransomware","1,089","Health",,"2,024","2024","1,000-9,999","Unknown",,"0",,"false",,,"false","108","Unknown","WA"
"2023 May 30 12:00:00 AM","2023 Aug 25 12:00:00 AM","Unauthorized Access","2023 May 27 12:00:00 AM","2023 May 31 12:00:00 AM","Maximus, Inc.","15,654",,"70,847","Business","Web Services","2,024","2024","50,000-999,999","1-99","1","3","4","true","4",,"false","87","1-99","VA"
"2022 Dec 29 12:00:00 AM","2023 Aug 31 12:00:00 AM","Unauthorized Access","2022 Dec 01 12:00:00 AM","2023 Jan 25 12:00:00 AM","UnitedHealthcare (Devine Joshua)","15,653",,"18,418","Finance",,"2,024","2024","10,000-49,999","1-99","27","28","55","true","55",,"false","245","1-99","CT"
"2023 Feb 21 12:00:00 AM","2023 Sep 07 12:00:00 AM","Unauthorized Access","2023 Feb 07 12:00:00 AM","2023 Feb 21 12:00:00 AM","MedMinder Systems, Inc.","15,652",,"1,252","Health","Shipping","2,024","2024","1,000-9,999","1-99","0","14","14","true","14",,"true","198","1-99",
"2023 May 31 12:00:00 AM","2023 Aug 14 12:00:00 AM","Unauthorized Access","2023 May 29 12:00:00 AM","2023 May 30 12:00:00 AM","Milliman, Inc.","15,644",,"2,879","Business","Other","2,024","2024","1,000-9,999","1-99","0","2","2","false","1","1","false","75","1-99","WA"
"2023 Mar 20 12:00:00 AM","2023 Aug 29 12:00:00 AM","Cyberattack","2023 Jan 05 12:00:00 AM","2023 Mar 21 12:00:00 AM","F21 OpcO LLC (d/b/a Forever 21)","15,600","Ransomware","9,855","Business","Retail","2,024","2024","1,000-9,999","1-99","1","74","75","true","75",,"false","162","1-99","CA"
"2023 Aug 14 12:00:00 AM","2023 Sep 05 12:00:00 AM","Cyberattack",,"2023 Aug 14 12:00:00 AM","North Star Tax & Accounting","15,599","Other","1,979","Finance",,"2,024","2024","1,000-9,999","Unknown","0",,,"true",,,"true","22","Unknown","WA"
"2024 Feb 03 12:00:00 AM","2024 Mar 07 12:00:00 AM","Unauthorized Access","2024 Feb 02 12:00:00 AM",,"Rebound Orthopedics & Neurosurgery","17,552",,"313,093","Health",,"2,024","2024","50,000-999,999","Unknown",,"1",,"false",,,"false","33","Unknown","WA"
"2023 May 31 12:00:00 AM","2023 Aug 24 12:00:00 AM","Unauthorized Access","2023 May 29 12:00:00 AM","2023 May 30 12:00:00 AM","NTT DATA Americas, Inc. on behalf of PBI Research Services","15,598",,"6,228","Business","Professional Services","2,024","2024","1,000-9,999","1-99","0","2","2","false","1","1","false","85","1-99","MN"
"2023 Aug 03 12:00:00 AM","2023 Sep 02 12:00:00 AM","Unauthorized Access","2022 Mar 22 12:00:00 AM","2023 Aug 04 12:00:00 AM","Centralia College","15,597",,"11,459","Education",,"2,024","2024","10,000-49,999","500+","1","499","500","true","500",,"false","30","500+","WA"
"2023 Jun 20 12:00:00 AM","2023 Sep 06 12:00:00 AM","Cyberattack","2023 May 29 12:00:00 AM","2023 Jun 02 12:00:00 AM","Delaware Life Insurance Company","15,585","Other","4,518","Finance","Other","2,024","2024","1,000-9,999","1-99","0","22","22","false","4","18","false","78","1-99","MA"
"2023 May 16 12:00:00 AM","2023 Sep 05 12:00:00 AM","Unauthorized Access","2023 Feb 28 12:00:00 AM","2023 Jul 02 12:00:00 AM","Vivendi Ticketing US LLC d/b/a See Tickets","15,584",,"16,450","Business","Entertainment","2,024","2024","10,000-49,999","100-199","47","77","124","true","124",,"false","112","100-199","NY"
"2023 Jul 11 12:00:00 AM","2023 Aug 31 12:00:00 AM","Cyberattack","2023 Jul 11 12:00:00 AM","2023 Aug 20 12:00:00 AM","The Estée Lauder Companies Inc.","15,578","Other","150,535","Business","Cosmetic","2,024","2024","50,000-999,999","1-99","40","0","40","true","40",,"false","51","1-99","NY"
"2023 Jun 27 12:00:00 AM","2023 Aug 30 12:00:00 AM","Unauthorized Access","2023 May 31 12:00:00 AM","2023 May 31 12:00:00 AM","CareSource","15,577",,"581","Health",,"2,024","2024","500-999","1-99","0","27","27","false","0","27","false","64","0","OH"
"2023 Jul 06 12:00:00 AM","2023 Aug 24 12:00:00 AM","Cyberattack","2023 May 29 12:00:00 AM","2023 May 30 12:00:00 AM","New York Life Insurance Company","15,576","Other","1,622","Finance",,"2,024","2024","1,000-9,999","1-99","0","38","38","false","1","37","false","49","1-99","NY"
"2023 Jun 29 12:00:00 AM","2023 Aug 24 12:00:00 AM","Cyberattack",,,"Edmonds College","15,575","Other","12,415","Education",,"2,024","2024","10,000-49,999","Unknown",,,,"false",,,"false","56","Unknown","WA"
"2023 May 31 12:00:00 AM","2023 Aug 24 12:00:00 AM","Unauthorized Access","2023 May 30 12:00:00 AM","2023 May 31 12:00:00 AM","Chevron Federal Credit Union (""CFCU"")","15,574",,"947","Finance",,"2,024","2024","500-999","1-99","0","1","1","true","1",,"true","85","1-99","CA"
"2023 Jun 12 12:00:00 AM","2023 Aug 23 12:00:00 AM","Unauthorized Access","2023 May 27 12:00:00 AM","2023 May 30 12:00:00 AM","Sovos Compliance, LLC","15,569",,"11,103","Finance",,"2,024","2024","10,000-49,999","1-99","0","16","16","false","3","13","false","72","1-99","MA"
"2023 Jun 06 12:00:00 AM","2023 Aug 14 12:00:00 AM","Cyberattack","2023 May 29 12:00:00 AM","2023 May 30 12:00:00 AM","Fidelity Life Association","15,568","Ransomware","3,479","Business","Other","2,024","2024","1,000-9,999","1-99","0","8","8","false","1","7","false","69","1-99","IL"
"2023 Feb 22 12:00:00 AM","2023 Aug 25 12:00:00 AM","Cyberattack","2023 Jan 16 12:00:00 AM","2023 Feb 22 12:00:00 AM","PurFoods, LLC","15,559","Ransomware","9,094","Business","Other","2,024","2024","1,000-9,999","1-99","0","37","37","true","37",,"true","184","1-99","IA"
"2023 May 31 12:00:00 AM","2023 Aug 21 12:00:00 AM","Cyberattack","2023 May 28 12:00:00 AM","2023 May 30 12:00:00 AM","Oak Ridge Associated Universities","15,558","Other","1,671","Education",,"2,024","2024","1,000-9,999","1-99","0","3","3","false","2","1","false","82","1-99","TN"
"2023 Apr 17 12:00:00 AM","2023 Aug 25 12:00:00 AM","Cyberattack","2023 Mar 28 12:00:00 AM","2023 Apr 17 12:00:00 AM","United Health Care (Harvard Pilgrim Health Care)","15,557","Ransomware","1,025","Health",,"2,024","2024","1,000-9,999","1-99","0","20","20","true","20",,"true","130","1-99","MA"
"2024 Jul 24 12:00:00 AM","2024 Oct 03 12:00:00 AM","Unauthorized Access","2024 Apr 16 12:00:00 AM","2024 Jul 31 12:00:00 AM","TransUnion Risk and Alternative Data Solutions, Inc.  (TRADS","17,743",,"1,721","Finance",,"2,025","2025","1,000-9,999","100-199","7","99","106","true","106",,"false","71","100-199","WA"
"2023 Mar 07 12:00:00 AM","2023 Aug 23 12:00:00 AM","Cyberattack","2023 Mar 02 12:00:00 AM","2023 Mar 07 12:00:00 AM","R&B Corporation of Virginia d/b/a Credit Control Corporation","15,536","Ransomware","1,564","Business","Other","2,024","2024","1,000-9,999","1-99","0","5","5","true","5",,"true","169","1-99","VA"
"2024 May 24 12:00:00 AM","2024 Oct 14 12:00:00 AM","Cyberattack","2024 May 22 12:00:00 AM","2024 May 25 12:00:00 AM","Varsity Brands Inc","17,814","Ransomware","934","Business","Other","2,025","2025","500-999","1-99","1","2","3","true","3",,"false","143","1-99","TX"
"2024 Aug 19 12:00:00 AM","2024 Oct 09 12:00:00 AM","Unauthorized Access","2024 Aug 17 12:00:00 AM","2024 Aug 19 12:00:00 AM","Fidelity Investments","17,816","Other","2,731","Finance",,"2,025","2025","1,000-9,999","1-99","0","2","2","true","2",,"true","51","1-99","WA"
"2024 Apr 18 12:00:00 AM","2024 Oct 18 12:00:00 AM","Unauthorized Access","2024 Apr 18 12:00:00 AM","2024 Apr 18 12:00:00 AM","Summit Pathology & Summit Pathology Laboratories, Inc. ","17,842",,"3,250","Health",,"2,025","2025","1,000-9,999","0","0","0","0","true","0",,"true","183","0","CO"
"2024 Aug 08 12:00:00 AM","2024 Oct 23 12:00:00 AM","Cyberattack","2024 Aug 03 12:00:00 AM","2024 Aug 08 12:00:00 AM","OnePoint Patient Care","17,849","Ransomware","34,394","Health",,"2,025","2025","10,000-49,999","1-99","0","5","5","true","5",,"true","76","1-99","AZ"
"2023 Jun 22 12:00:00 AM","2023 Aug 23 12:00:00 AM","Cyberattack","2023 May 29 12:00:00 AM","2023 May 31 12:00:00 AM","Sun Life","15,535","Ransomware","4,097","Business","Other","2,024","2024","1,000-9,999","1-99","0","24","24","false","2","22","false","62","1-99","WA"
"2023 May 31 12:00:00 AM","2023 Aug 24 12:00:00 AM","Unauthorized Access","2023 May 28 12:00:00 AM","2023 May 28 12:00:00 AM","Cognisight (Providence ElderPlace - Washington)","15,534",,"542","Health",,"2,024","2024","500-999","1-99","0","3","3","false","0","3","false","85","0","WA"
"2023 Jun 04 12:00:00 AM","2023 Aug 21 12:00:00 AM","Cyberattack","2023 May 31 12:00:00 AM","2023 Jun 01 12:00:00 AM","Unum Group","15,529","Other","4,186","Finance",,"2,024","2024","1,000-9,999","1-99","0","4","4","false","1","3","false","78","1-99","ME"
"2023 Feb 03 12:00:00 AM","2023 Aug 16 12:00:00 AM","Cyberattack","2023 Jan 31 12:00:00 AM","2023 Feb 03 12:00:00 AM","Regal Securities, Inc","15,528","Ransomware","600","Finance",,"2,024","2024","500-999","1-99","0","3","3","true","3",,"true","194","1-99","IL"
"2023 Jun 30 12:00:00 AM","2023 Aug 11 12:00:00 AM","Cyberattack",,,"EP Global Production Solutions, LLC","15,524","Ransomware","2,758","Business","Other","2,024","2024","1,000-9,999","Unknown",,,,"false",,,"false","42","Unknown","CA"
"2023 Jun 21 12:00:00 AM","2023 Aug 11 12:00:00 AM","Cyberattack",,,"Fidelity National Information Services, Inc. / Umpqua Bank","15,493","Malware","145,274","Finance",,"2,024","2024","50,000-999,999","Unknown",,,,"false",,,"false","51","Unknown",
"2023 Jan 17 12:00:00 AM","2023 Aug 11 12:00:00 AM","Unauthorized Access","2022 Dec 12 12:00:00 AM","2023 Jan 17 12:00:00 AM","Hub International Limited","15,492",,"31,755","Business","Other","2,024","2024","10,000-49,999","1-99","0","36","36","true","36",,"true","206","1-99","IL"
"2023 Mar 14 12:00:00 AM","2023 Aug 11 12:00:00 AM","Cyberattack","2023 Mar 12 12:00:00 AM","2023 Mar 13 12:00:00 AM","BrightSpring Health Services, Inc. ","15,491","Ransomware","28,194","Health",,"2,024","2024","10,000-49,999","1-99","0","2","2","false","1","1","false","150","1-99","KS"
"2023 Jul 05 12:00:00 AM","2023 Aug 10 12:00:00 AM","Theft or Mistake","2021 Jul 06 12:00:00 AM","2023 May 24 12:00:00 AM","IEC Group Inc., dba AmeriBen","15,490",,"662","Health",,"2,024","2024","500-999","500+","0","729","729","false","687","42","false","36","500+","ID"
"2023 May 31 12:00:00 AM","2023 Aug 10 12:00:00 AM","Cyberattack","2023 May 29 12:00:00 AM","2023 May 30 12:00:00 AM","MassMutual Ascend Life Insurance Company","15,489","Other","18,675","Business","Other","2,024","2024","10,000-49,999","1-99","0","2","2","false","1","1","false","71","1-99","OH"
"2023 May 12 12:00:00 AM","2023 Aug 09 12:00:00 AM","Cyberattack","2023 Apr 25 12:00:00 AM","2023 May 12 12:00:00 AM","Associated Materials, LLC","15,488","Ransomware","660","Business","Manufacturing","2,024","2024","500-999","1-99","0","17","17","true","17",,"true","89","1-99","OH"
"2023 May 31 12:00:00 AM","2023 Aug 09 12:00:00 AM","Cyberattack","2023 May 27 12:00:00 AM","2023 May 31 12:00:00 AM","Ernst & Young LLP","15,481","Other","1,129","Business","Professional Services","2,024","2024","1,000-9,999","1-99","0","4","4","true","4",,"true","70","1-99","NY"
"2023 May 31 12:00:00 AM","2023 Aug 09 12:00:00 AM","Cyberattack","2023 May 28 12:00:00 AM","2023 May 28 12:00:00 AM","American National Group, LLC and its insurance subsidiaries ","15,480","Other","24,274","Finance",,"2,024","2024","10,000-49,999","1-99","0","3","3","false","0","3","false","70","0","TX"
"2023 May 30 12:00:00 AM","2023 Aug 08 12:00:00 AM","Cyberattack","2023 May 28 12:00:00 AM","2023 May 30 12:00:00 AM","TD Ameritrade, Inc. and Charles Schwab & Co., Inc.","15,467","Malware","1,662","Finance",,"2,024","2024","1,000-9,999","1-99","0","2","2","true","2",,"true","70","1-99","TX"
"2023 Jun 13 12:00:00 AM","2023 Aug 04 12:00:00 AM","Cyberattack","2023 May 27 12:00:00 AM","2023 May 31 12:00:00 AM","MidFirst Bank","15,466","Other","6,097","Finance",,"2,024","2024","1,000-9,999","1-99","0","17","17","false","4","13","false","52","1-99","OK"
"2023 Jul 10 12:00:00 AM","2023 Aug 03 12:00:00 AM","Cyberattack","2023 Mar 01 12:00:00 AM","2023 Jun 02 12:00:00 AM","Etz Hayim Holdings, S.P.C. d/b/a Lazarus Natural","15,465","Other","1,940","Business","Retail","2,024","2024","1,000-9,999","100-199","0","131","131","false","93","38","false","24","1-99","WA"
"2023 Jun 09 12:00:00 AM","2023 Aug 02 12:00:00 AM","Cyberattack","2023 May 29 12:00:00 AM","2023 May 30 12:00:00 AM","TIAA-CREF Life Insurance Company","15,464","Ransomware","904","Finance",,"2,024","2024","500-999","1-99","0","11","11","false","1","10","false","54","1-99","NY"
"2023 May 19 12:00:00 AM","2023 Aug 01 12:00:00 AM","Unauthorized Access",,"2023 May 18 12:00:00 AM","Progressive Casualty Insurance Company","15,463",,"8,325","Business","Other","2,024","2024","1,000-9,999","Unknown","0",,,"false",,"1","false","74","Unknown","OH"
"2023 Jul 05 12:00:00 AM","2023 Aug 01 12:00:00 AM","Theft or Mistake","2023 Jun 29 12:00:00 AM","2023 Jul 05 12:00:00 AM","HCA Healthcare","15,461",,"7,500","Health",,"2,024","2024","1,000-9,999","1-99","0","6","6","true","6",,"true","27","1-99","TN"
"2023 Jun 07 12:00:00 AM","2023 Jul 28 12:00:00 AM","Unauthorized Access","2023 May 29 12:00:00 AM","2023 May 30 12:00:00 AM","The Global Atlantic Financial Group LLC","15,460",,"62,433","Finance",,"2,024","2024","50,000-999,999","1-99","0","9","9","false","1","8","false","51","1-99","NY"
"2023 Jun 28 12:00:00 AM","2023 Jul 28 12:00:00 AM","Cyberattack","2023 May 30 12:00:00 AM",,"Bellingham Technical College","15,459","Unclear/unknown","1,600","Education",,"2,024","2024","1,000-9,999","Unknown",,"29",,"false",,,"false","30","Unknown","WA"
"2023 Jun 16 12:00:00 AM","2023 Jul 28 12:00:00 AM","Theft or Mistake","2023 May 30 12:00:00 AM",,"Peninsula College","15,457",,"1,400","Education",,"2,024","2024","1,000-9,999","Unknown",,"17",,"false",,,"false","42","Unknown","WA"
"2023 Jun 03 12:00:00 AM","2023 Aug 04 12:00:00 AM","Unauthorized Access","2023 May 29 12:00:00 AM","2023 May 30 12:00:00 AM","Hartford Life and Accident Insurance Company","15,453",,"17,839","Finance",,"2,024","2024","10,000-49,999","1-99","0","5","5","false","1","4","false","62","1-99",
"2023 Jun 24 12:00:00 AM","2023 Jul 28 12:00:00 AM","Cyberattack","2023 Jun 14 12:00:00 AM","2023 Jun 24 12:00:00 AM","Cupertino Electric, Inc.","15,452","Ransomware","884","Business","Construction","2,024","2024","500-999","1-99","0","10","10","true","10",,"true","34","1-99","CA"
"2023 Feb 09 12:00:00 AM","2023 Jul 28 12:00:00 AM","Cyberattack","2022 Nov 30 12:00:00 AM","2023 Feb 09 12:00:00 AM","Clear Spring Life and Annuity Company","15,451","Ransomware","1,125","Finance",,"2,024","2024","1,000-9,999","1-99","0","71","71","true","71",,"true","169","1-99","IN"
"2023 Jun 09 12:00:00 AM","2023 Jul 28 12:00:00 AM","Cyberattack","2023 May 29 12:00:00 AM","2023 May 30 12:00:00 AM","TIAA Kaspick, LLC (""Kaspick"")","15,450","Ransomware","1,235","Finance",,"2,024","2024","1,000-9,999","1-99","0","11","11","false","1","10","false","49","1-99","MA"
"2023 Jun 21 12:00:00 AM","2023 Jul 27 12:00:00 AM","Unauthorized Access","2023 May 29 12:00:00 AM","2023 May 30 12:00:00 AM","The Prudential Insurance Company of America","15,449",,"39,674","Education",,"2,024","2024","10,000-49,999","1-99","0","23","23","false","1","22","false","36","1-99","NJ"
"2023 Jun 09 12:00:00 AM","2023 Jul 27 12:00:00 AM","Cyberattack","2023 May 29 12:00:00 AM","2023 May 30 12:00:00 AM","Teachers Insurance and Annuity Association of America (""TIAA","15,439","Ransomware","56,331","Finance",,"2,024","2024","50,000-999,999","1-99","0","11","11","false","1","10","false","48","1-99","NY"
"2023 Jun 19 12:00:00 AM","2023 Jul 27 12:00:00 AM","Cyberattack","2023 May 29 12:00:00 AM","2023 May 30 12:00:00 AM","Lumico Life Insurance Company, Elips Life Insurance Company","15,438","Other","6,209","Business","Other","2,024","2024","1,000-9,999","1-99","0","21","21","false","1","20","false","38","1-99","NY"
"2023 Jun 08 12:00:00 AM","2023 Jul 26 12:00:00 AM","Cyberattack","2021 Nov 24 12:00:00 AM","2022 Dec 14 12:00:00 AM","HRM Enterprises, Inc.","15,437","Unclear/unknown","1,414","Business","Retail","2,024","2024","1,000-9,999","500+","0","561","561","false","385","176","false","48","300-399","OH"
"2023 Jun 01 12:00:00 AM","2023 Jul 26 12:00:00 AM","Cyberattack","2023 May 27 12:00:00 AM","2023 May 27 12:00:00 AM","UnitedHealthcare Student Resources","15,433","Other","1,592","Health",,"2,024","2024","1,000-9,999","1-99","0","5","5","false","0","5","false","55","0","CT"
"2023 May 31 12:00:00 AM","2023 Jul 25 12:00:00 AM","Cyberattack","2023 May 29 12:00:00 AM","2023 May 29 12:00:00 AM","The Johns Hopkins University","15,430","Other","608","Education",,"2,024","2024","500-999","1-99","0","2","2","false","0","2","false","55","0","MD"
"2023 Jun 02 12:00:00 AM","2023 Jul 25 12:00:00 AM","Cyberattack","2023 May 29 12:00:00 AM","2023 May 30 12:00:00 AM","Corebridge Financial, Inc.","15,428","Other","101,027","Business","Other","2,024","2024","50,000-999,999","1-99","0","4","4","false","1","3","false","53","1-99","TX"
"2023 Jun 20 12:00:00 AM","2023 Jul 24 12:00:00 AM","Unauthorized Access","2023 May 29 12:00:00 AM","2023 May 30 12:00:00 AM","Jackson National Life Insurance Company","15,425",,"22,709","Finance",,"2,024","2024","10,000-49,999","1-99","0","22","22","false","1","21","false","34","1-99","MI"
"2023 Jul 13 12:00:00 AM","2023 Jul 24 12:00:00 AM","Theft or Mistake",,"2023 Jul 14 12:00:00 AM","Togetherwork Holdings, LLC","15,424",,"866","Business","Software","2,024","2024","500-999","Unknown","1",,,"true",,,"false","11","Unknown","WA"
"2023 Jun 03 12:00:00 AM","2023 Jul 21 12:00:00 AM","Cyberattack","2023 May 29 12:00:00 AM","2023 May 30 12:00:00 AM","Aurora National Life Assurance Company","15,419","Other","3,670","Finance",,"2,023","2023","1,000-9,999","1-99","0","5","5","false","1","4","false","48","1-99","MO"
"2023 Jun 20 12:00:00 AM","2023 Jul 20 12:00:00 AM","Cyberattack","2023 May 29 12:00:00 AM","2023 May 30 12:00:00 AM","Fidelity & Guaranty Life Insurance Company (""F&G"")","15,418","Unclear/unknown","12,229","Finance",,"2,023","2023","10,000-49,999","1-99","0","22","22","false","1","21","false","30","1-99","IA"
"2023 Jun 06 12:00:00 AM","2023 Jul 21 12:00:00 AM","Cyberattack","2021 Nov 24 12:00:00 AM","2022 Dec 14 12:00:00 AM","Creedmoor Sports, Inc.","15,409","Unclear/unknown","518","Business","Retail","2,023","2023","500-999","500+","0","559","559","false","385","174","false","45","300-399","WA"
"2023 Jun 20 12:00:00 AM","2023 Jul 20 12:00:00 AM","Cyberattack","2023 May 29 12:00:00 AM","2023 May 30 12:00:00 AM","Athene Annuity and Life Company and its affiliates","15,408","Other","3,814","Business","Other","2,023","2023","1,000-9,999","1-99","0","22","22","false","1","21","false","30","1-99","IA"
"2023 May 31 12:00:00 AM","2023 Jul 19 12:00:00 AM","Cyberattack","2023 May 27 12:00:00 AM","2023 May 31 12:00:00 AM","Rite Aid Corporation","15,407","Other","1,409","Health",,"2,023","2023","1,000-9,999","1-99","0","4","4","true","4",,"true","49","1-99","PA"
"2023 Jun 20 12:00:00 AM","2023 Jul 17 12:00:00 AM","Unauthorized Access","2023 May 28 12:00:00 AM","2023 May 30 12:00:00 AM","Quorum Federal Credit Union","15,406",,"802","Finance",,"2,023","2023","500-999","1-99","0","23","23","false","2","21","false","27","1-99","NY"
"2023 May 24 12:00:00 AM","2023 Jul 14 12:00:00 AM","Unauthorized Access","2023 Apr 26 12:00:00 AM","2023 May 24 12:00:00 AM","Idea 247 Inc. (d/b/a Idea Financial)","15,404",,"671","Finance",,"2,023","2023","500-999","1-99","0","28","28","true","28",,"true","51","1-99","FL"
"2023 Jun 02 12:00:00 AM","2023 Jul 12 12:00:00 AM","Cyberattack","2023 May 29 12:00:00 AM","2023 May 30 12:00:00 AM","Pension Benefit Information, LLC  ","15,402","Other","18,856","Business","Professional Services","2,023","2023","10,000-49,999","1-99","0","4","4","false","1","3","false","40","1-99","MN"
"2022 Feb 23 12:00:00 AM","2022 Sep 01 12:00:00 AM","Unauthorized Access",,,"MMA Operations, Inc.","15,398",,"1,378","Business","Other","2,023","2023","1,000-9,999","Unknown",,,,"false",,,"false","190","Unknown",
"2023 Jun 26 12:00:00 AM","2023 Jul 11 12:00:00 AM","Unauthorized Access","2018 Nov 18 12:00:00 AM","2018 Nov 18 12:00:00 AM","Tacoma-Pierce County Health Department","15,372",,"9,500","Government",,"2,023","2023","1,000-9,999","500+","0","1,681","1,681","false","0","1,681","false","15","0","WA"
"2023 Feb 07 12:00:00 AM","2023 Jul 28 12:00:00 AM","Unauthorized Access","2023 Feb 07 12:00:00 AM",,"Hot Topic, Inc.","15,371",,"2,348","Business","Retail","2,024","2024","1,000-9,999","Unknown",,"0",,"false",,,"false","171","Unknown",
"2023 Jun 01 12:00:00 AM","2023 Jul 20 12:00:00 AM","Cyberattack","2023 Jun 01 12:00:00 AM","2023 Jun 01 12:00:00 AM","1st Source Bank","15,367","Ransomware","777","Finance",,"2,023","2023","500-999","0","0","0","0","true","0",,"true","49","0","IN"
"2023 Jun 02 12:00:00 AM","2023 Jul 10 12:00:00 AM","Cyberattack","2023 May 30 12:00:00 AM","2023 May 30 12:00:00 AM","PH TECH","15,358","Ransomware","3,288","Health",,"2,023","2023","1,000-9,999","1-99","0","3","3","false","0","3","false","38","0","OR"
"2023 Jun 13 12:00:00 AM","2023 Jul 17 12:00:00 AM","Cyberattack","2023 May 31 12:00:00 AM","2023 Jun 01 12:00:00 AM","Fidelity National Information Services, Inc. / Sound Community Bank","15,357","Ransomware","13,795","Finance",,"2,023","2023","10,000-49,999","1-99","0","13","13","false","1","12","false","34","1-99",
"2023 Jun 08 12:00:00 AM","2023 Jul 17 12:00:00 AM","Cyberattack","2023 May 29 12:00:00 AM","2023 May 30 12:00:00 AM","Milliman Solutions, LLC d/b/a Milliman Intelliscript","15,351","Ransomware","17,235","Finance",,"2,023","2023","10,000-49,999","1-99","0","10","10","false","1","9","false","39","1-99","WA "
"2022 Mar 30 12:00:00 AM","2023 Jul 10 12:00:00 AM","Unauthorized Access","2022 Mar 23 12:00:00 AM","2022 Mar 30 12:00:00 AM","ARx Patient Solutions","15,323",,"517","Health",,"2,023","2023","500-999","1-99","0","7","7","true","7",,"true","467","1-99","KS"
"2023 Jun 15 12:00:00 AM","2023 Jul 10 12:00:00 AM","Cyberattack","2023 May 31 12:00:00 AM","2023 Jun 01 12:00:00 AM","Premera Blue Cross","15,322","Ransomware","33,237","Health",,"2,023","2023","10,000-49,999","1-99","0","15","15","false","1","14","false","25","1-99","WA"
"2023 Jun 06 12:00:00 AM","2023 Jul 06 12:00:00 AM","Cyberattack","2021 Nov 24 12:00:00 AM","2022 Dec 14 12:00:00 AM","LEM Products Direct LLC","15,317","Other","640","Business","Retail","2,023","2023","500-999","500+","0","559","559","false","385","174","false","30","300-399","OH"
"2023 Jan 30 12:00:00 AM","2023 Jun 30 12:00:00 AM","Unauthorized Access","2023 Jan 28 12:00:00 AM","2023 Jan 30 12:00:00 AM","Imagine360","15,315","Unclear/unknown","1,478","Health",,"2,023","2023","1,000-9,999","1-99","0","2","2","true","2",,"true","151","1-99","PA"
"2023 Mar 13 12:00:00 AM","2023 Jun 30 12:00:00 AM","Unauthorized Access","2023 Mar 07 12:00:00 AM","2023 Mar 07 12:00:00 AM","Orrick, Herrington & Sutcliffe LLP","15,310",,"6,376","Business","Legal","2,023","2023","1,000-9,999","1-99","0","6","6","false","0","6","false","109","0","CA"
"2023 Jun 06 12:00:00 AM","2023 Jul 12 12:00:00 AM","Cyberattack","2023 May 29 12:00:00 AM","2023 May 30 12:00:00 AM","Transamerica Life Insurance Company","15,308","Ransomware","54,773","Finance",,"2,023","2023","50,000-999,999","1-99","0","8","8","false","1","7","false","36","1-99","Iowa"
"2023 May 31 12:00:00 AM","2023 Jun 30 12:00:00 AM","Cyberattack","2023 May 27 12:00:00 AM",,"Bristol Myers Squibb","15,307","Malware","2,231","Health",,"2,023","2023","1,000-9,999","Unknown",,"4",,"false",,,"false","30","Unknown","WA"
"2023 Mar 14 12:00:00 AM","2023 Jun 30 12:00:00 AM","Unauthorized Access","2022 Dec 25 12:00:00 AM","2023 Mar 15 12:00:00 AM","Lansing Community College","15,251",,"1,120","Education",,"2,023","2023","1,000-9,999","1-99","1","79","80","true","80",,"false","108","1-99","MI"
"2023 Jun 14 12:00:00 AM","2023 Jun 30 12:00:00 AM","Cyberattack","2023 May 30 12:00:00 AM","2023 May 31 12:00:00 AM","Clearwater Credit Union (""Clearwater"")","15,250","Malware","518","Finance",,"2,023","2023","500-999","1-99","0","15","15","false","1","14","false","16","1-99","MT"
"2022 Oct 21 12:00:00 AM","2023 Jun 28 12:00:00 AM","Cyberattack","2022 Oct 21 12:00:00 AM","2022 Oct 21 12:00:00 AM","Sebastian Kanczugowski","15,249","Phishing","994","Finance",,"2,023","2023","500-999","0","0","0","0","true","0",,"true","250","0","WA"
"2023 Jun 04 12:00:00 AM","2023 Jun 28 12:00:00 AM","Cyberattack","2023 May 29 12:00:00 AM","2023 May 30 12:00:00 AM","Talcott Resolution Life Insurance Company","15,248","Other","12,525","Business","Other","2,023","2023","10,000-49,999","1-99","0","6","6","false","1","5","false","24","1-99","CT"
"2022 Dec 06 12:00:00 AM","2023 Jun 27 12:00:00 AM","Cyberattack","2022 Nov 14 12:00:00 AM","2022 Dec 06 12:00:00 AM","Clallam County Public Utility District","15,246","Phishing","1,140","Government",,"2,023","2023","1,000-9,999","1-99","0","22","22","true","22",,"true","203","1-99","WA"
"2023 Jan 29 12:00:00 AM","2023 Jun 23 12:00:00 AM","Theft or Mistake","2023 Jan 29 12:00:00 AM","2023 Jan 29 12:00:00 AM","David Douglas School District","15,242",,"1,148","Education",,"2,023","2023","1,000-9,999","0","0","0","0","true","0",,"true","145","0","OR"
"2023 Jun 07 12:00:00 AM","2023 Jun 23 12:00:00 AM","Unauthorized Access","2023 May 29 12:00:00 AM","2023 May 30 12:00:00 AM","Wilton Reassurance Company","15,234",,"8,148","Business","Professional Services","2,023","2023","1,000-9,999","1-99","0","9","9","false","1","8","false","16","1-99","CT"
"2023 May 18 12:00:00 AM","2023 Jun 21 12:00:00 AM","Unauthorized Access","2022 Dec 20 12:00:00 AM","2023 May 18 12:00:00 AM","USAA","15,229",,"546","Finance",,"2,023","2023","500-999","100-199","0","149","149","true","149",,"true","34","100-199","TX"
"2023 Mar 24 12:00:00 AM","2023 Jun 20 12:00:00 AM","Cyberattack","2023 Feb 23 12:00:00 AM","2023 Mar 01 12:00:00 AM","Mondelez Global LLC","15,228","Phishing","1,102","Business","Consumable","2,023","2023","1,000-9,999","1-99","0","29","29","false","6","23","false","88","1-99","IL"
"2023 Apr 17 12:00:00 AM","2023 Jun 15 12:00:00 AM","Cyberattack","2023 Mar 28 12:00:00 AM","2023 Apr 17 12:00:00 AM","Harvard Pilgrim Health Care","15,227","Ransomware","8,358","Health","Other","2,023","2023","1,000-9,999","1-99","0","20","20","true","20",,"true","59","1-99","MA"
"2022 Nov 02 12:00:00 AM","2023 Apr 12 12:00:00 AM","Unauthorized Access","2022 Oct 26 12:00:00 AM","2022 Oct 29 12:00:00 AM","Prescott College","15,221",,"7,164","Education",,"2,023","2023","1,000-9,999","1-99","0","7","7","false","3","4","false","161","1-99",
"2023 Apr 14 12:00:00 AM","2023 Jun 14 12:00:00 AM","Cyberattack","2023 Apr 14 12:00:00 AM","2023 May 31 12:00:00 AM","International Chapter of the P.E.O. Sisterhood","15,207","Ransomware","3,450","Non-Profit/Charity",,"2,023","2023","1,000-9,999","1-99","47","0","47","true","47",,"false","61","1-99","IA"
"2023 Jun 11 12:00:00 AM","2023 Jun 13 12:00:00 AM","Unauthorized Access","2023 Jun 11 12:00:00 AM","2023 Jun 11 12:00:00 AM","GREENGEEKS LLC","15,206",,"1,000","Business","Web Services","2,023","2023","1,000-9,999","0","0","0","0","true","0",,"true","2","0","DE"
"2022 Dec 28 12:00:00 AM","2023 Jun 07 12:00:00 AM","Cyberattack","2022 Dec 15 12:00:00 AM","2022 Dec 28 12:00:00 AM","CGM, Inc.","15,205","Ransomware","4,174","Business","Professional Services","2,023","2023","1,000-9,999","1-99","0","13","13","true","13",,"true","161","1-99","GA"
"2022 Dec 15 12:00:00 AM","2023 Jun 05 12:00:00 AM","Cyberattack","2022 Dec 15 12:00:00 AM","2022 Dec 19 12:00:00 AM","Reventics, LLC","15,180","Ransomware","4,764","Health",,"2,023","2023","1,000-9,999","1-99","4","0","4","true","4",,"false","172","1-99","CO"
"2023 Mar 06 12:00:00 AM","2023 May 26 12:00:00 AM","Cyberattack","2023 Feb 26 12:00:00 AM","2023 Mar 07 12:00:00 AM","Managed Care of North America, Inc.","15,176","Malware","13,823","Health",,"2,023","2023","10,000-49,999","1-99","1","8","9","true","9",,"false","81","1-99","GA"
"2022 Aug 11 12:00:00 AM","2022 Sep 06 12:00:00 AM","Unauthorized Access","2022 Jul 26 12:00:00 AM","2022 Aug 20 12:00:00 AM","Vans (VF Outdoor, LLC)","13,841",,"1,460","Business","Retail","2,023","2023","1,000-9,999","1-99","9","16","25","true","25",,"false","26","1-99",
"2023 Apr 26 12:00:00 AM","2023 May 26 12:00:00 AM","Cyberattack","2023 Feb 01 12:00:00 AM","2023 Feb 04 12:00:00 AM","Capital One","15,171","Ransomware","605","Finance",,"2,023","2023","500-999","1-99","0","84","84","false","3","81","false","30","1-99","VA"
"2023 Apr 18 12:00:00 AM","2023 May 25 12:00:00 AM","Unauthorized Access","2023 Apr 18 12:00:00 AM","2023 Apr 18 12:00:00 AM","European Wax Center, Inc. ","15,170",,"1,592","Business","Cosmetic","2,023","2023","1,000-9,999","0","0","0","0","true","0",,"true","37","0","TX"
"2023 Apr 22 12:00:00 AM","2023 May 23 12:00:00 AM","Cyberattack","2023 Apr 21 12:00:00 AM",,"Heavy Hammer, Inc.","15,164","Ransomware","563","Business","Real Estate","2,023","2023","500-999","Unknown",,"1",,"false",,,"false","31","Unknown","MD"
"2023 Mar 25 12:00:00 AM","2023 May 24 12:00:00 AM","Cyberattack","2023 Mar 15 12:00:00 AM","2023 Mar 25 12:00:00 AM","SLT Lending SPV, Inc.","15,163","Ransomware","1,748","Business","Retail","2,023","2023","1,000-9,999","1-99","0","10","10","true","10",,"true","60","1-99","WA"
"2023 Feb 04 12:00:00 AM","2023 May 22 12:00:00 AM","Cyberattack","2023 Feb 01 12:00:00 AM","2023 Feb 06 12:00:00 AM","NCB Management Services, Inc.","15,162","Ransomware","15,899","Finance",,"2,023","2023","10,000-49,999","1-99","2","3","5","true","5",,"false","107","1-99","PA"
"2021 Sep 01 12:00:00 AM","2023 May 22 12:00:00 AM","Unauthorized Access","2019 Apr 05 12:00:00 AM","2021 Oct 10 12:00:00 AM","Apria Healthcare LLC","15,159",,"69,686","Health",,"2,023","2023","50,000-999,999","500+","39","880","919","true","919",,"false","628","500+","IN"
"2023 Apr 16 12:00:00 AM","2023 May 31 12:00:00 AM","Unauthorized Access","2023 Mar 23 12:00:00 AM",,"Stanford, Munko, & Co. PLLC","15,158",,"3,086","Finance",,"2,023","2023","1,000-9,999","Unknown",,"24",,"false",,,"false","45","Unknown","WA "
"2022 Nov 29 12:00:00 AM","2023 May 30 12:00:00 AM","Unauthorized Access","2022 Nov 29 12:00:00 AM","2022 Nov 29 12:00:00 AM","Over The Top (OTT)","15,156",,"22,723","Business","Other","2,023","2023","10,000-49,999","0","0","0","0","true","0",,"true","182","0","CA"
"2021 Mar 04 12:00:00 AM","2022 Dec 22 12:00:00 AM","Cyberattack",,,"Your Patient Advisor by Captify Health","15,100","Malware","36,364","Business","Retail","2,023","2023","10,000-49,999","Unknown",,,,"false",,,"false","658","Unknown",
"2023 Feb 04 12:00:00 AM","2023 May 16 12:00:00 AM","Unauthorized Access","2023 Jan 29 12:00:00 AM","2023 Jan 31 12:00:00 AM","HumanGood Washington","15,075",,"1,411","Business","Other","2,023","2023","1,000-9,999","1-99","0","6","6","false","2","4","false","101","1-99","CA"
"2023 Mar 05 12:00:00 AM","2023 May 17 12:00:00 AM","Cyberattack","2023 Jan 14 12:00:00 AM","2023 Mar 05 12:00:00 AM","Sysco Corporation","15,073","Other","1,977","Business","Other","2,023","2023","1,000-9,999","1-99","0","50","50","true","50",,"true","73","1-99","TX"
"2023 Mar 30 12:00:00 AM","2023 May 03 12:00:00 AM","Unauthorized Access","2023 Mar 29 12:00:00 AM","2023 Apr 14 12:00:00 AM","NextGen Healthcare, Inc. ","15,056",,"21,981","Health",,"2,023","2023","10,000-49,999","1-99","15","1","16","true","16",,"false","34","1-99","CA"
"2023 Mar 09 12:00:00 AM","2023 May 02 12:00:00 AM","Cyberattack","2023 Feb 22 12:00:00 AM","2023 Mar 09 12:00:00 AM","Carvin Software, LLC","15,031","Malware","9,606","Business","Software","2,023","2023","1,000-9,999","1-99","0","15","15","true","15",,"true","54","1-99","AZ"
"2023 Mar 02 12:00:00 AM","2023 Apr 29 12:00:00 AM","Cyberattack","2023 Feb 20 12:00:00 AM","2023 Feb 20 12:00:00 AM","Cadence Innovations Group","15,030","Malware","541","Business","Software","2,023","2023","500-999","1-99","0","10","10","false","0","10","false","58","0","UT"
"2023 Mar 10 12:00:00 AM","2023 Apr 26 12:00:00 AM","Cyberattack","2023 Mar 09 12:00:00 AM","2023 Mar 10 12:00:00 AM","Carrington Mortgage Services, LLC","15,029","Ransomware","5,032","Finance",,"2,023","2023","1,000-9,999","1-99","0","1","1","true","1",,"true","47","1-99","CA"
"2023 Feb 14 12:00:00 AM","2023 Apr 28 12:00:00 AM","Cyberattack","2023 Feb 11 12:00:00 AM","2023 Feb 14 12:00:00 AM","Pierce County Public Transportation Benefit Area Corporation","15,028","Ransomware","4,813","Government",,"2,023","2023","1,000-9,999","1-99","0","3","3","true","3",,"true","73","1-99","WA"
"2023 Apr 18 12:00:00 AM","2023 Apr 21 12:00:00 AM","Cyberattack","2023 Mar 22 12:00:00 AM","2023 Mar 22 12:00:00 AM","Sno-Isle Regional Library System","15,005","Phishing","531","Government",,"2,023","2023","500-999","1-99","0","27","27","false","0","27","false","3","0","WA"
"2023 Mar 17 12:00:00 AM","2023 Apr 21 12:00:00 AM","Cyberattack","2023 Mar 06 12:00:00 AM","2023 Mar 20 12:00:00 AM","American Bar Association","15,004","Other","27,736","Non-Profit/Charity",,"2,023","2023","10,000-49,999","1-99","3","11","14","true","14",,"false","35","1-99","IL"
"2022 Dec 23 12:00:00 AM","2023 Apr 20 12:00:00 AM","Cyberattack","2022 Dec 22 12:00:00 AM","2022 Dec 24 12:00:00 AM","Albertsons Companies, Inc.","15,002","Ransomware","1,882","Business","Retail","2,023","2023","1,000-9,999","1-99","1","1","2","true","2",,"false","118","1-99","ID"
"2022 Dec 16 12:00:00 AM","2023 Apr 18 12:00:00 AM","Unauthorized Access","2022 Nov 27 12:00:00 AM","2022 Dec 17 12:00:00 AM","Advanced Health Media on behalf of its clients","15,000",,"587","Business","Other","2,023","2023","500-999","1-99","1","19","20","true","20",,"false","123","1-99","PA"
"2023 Feb 13 12:00:00 AM","2023 Apr 14 12:00:00 AM","Unauthorized Access","2020 Sep 10 12:00:00 AM",,"MiniMed Distribution Corp","14,998",,,"Health",,"2,023","2023","Unknown","Unknown",,"886",,"false",,,"false","60","Unknown","CA"
"2023 Mar 20 12:00:00 AM","2023 Apr 14 12:00:00 AM","Cyberattack","2023 Feb 27 12:00:00 AM","2023 Mar 20 12:00:00 AM","Shoreline Community College","14,994","Ransomware","400,000","Education",,"2,023","2023","50,000-999,999","1-99","0","21","21","true","21",,"true","25","1-99","WA"
"2022 Dec 02 12:00:00 AM","2023 Apr 11 12:00:00 AM","Cyberattack","2022 Dec 01 12:00:00 AM","2022 Dec 02 12:00:00 AM","Regal Medical Group, Inc. ","14,989","Ransomware","2,224","Health",,"2,023","2023","1,000-9,999","1-99","0","1","1","true","1",,"true","130","1-99","CA"
"2023 Feb 04 12:00:00 AM","2023 Apr 10 12:00:00 AM","Cyberattack","2023 Jan 30 12:00:00 AM","2023 Jan 30 12:00:00 AM","Brightline, Inc.","14,988","Other","26,333","Health",,"2,023","2023","10,000-49,999","1-99","0","5","5","false","0","5","false","65","0","CA"
"2023 Feb 07 12:00:00 AM","2023 Apr 13 12:00:00 AM","Unauthorized Access","2023 Jan 30 12:00:00 AM",,"Nations Benefit Holdings, LLC","14,954",,"39,020","Finance",,"2,023","2023","10,000-49,999","Unknown",,"8",,"false",,,"false","65","Unknown",
"2022 Dec 10 12:00:00 AM","2023 Apr 07 12:00:00 AM","Cyberattack","2022 Dec 05 12:00:00 AM","2022 Dec 11 12:00:00 AM","90 Degree Benefits, Inc. - Wisconsin","14,953","Ransomware","2,704","Business","Other","2,023","2023","1,000-9,999","1-99","1","5","6","true","6",,"false","118","1-99","WI"
"2023 Jan 13 12:00:00 AM","2023 Apr 07 12:00:00 AM","Cyberattack","2023 Jan 13 12:00:00 AM","2023 Jan 14 12:00:00 AM","Yum! Brands, Inc. ","14,951","Ransomware","1,220","Business","Other","2,023","2023","1,000-9,999","1-99","1","0","1","true","1",,"false","84","1-99","KY"
"2022 Apr 24 12:00:00 AM","2023 Mar 06 12:00:00 AM","Unauthorized Access","2022 Apr 21 12:00:00 AM","2022 May 21 12:00:00 AM","South Whidbey Fire & EMS","14,909",,"582","Government",,"2,023","2023","500-999","1-99","27","3","30","true","30",,"false","316","1-99",
"2022 Oct 31 12:00:00 AM","2023 Feb 28 12:00:00 AM","Unauthorized Access","2022 Oct 25 12:00:00 AM","2022 Oct 31 12:00:00 AM","REC Silicon","14,906",,"647","Business","Manufacturing","2,023","2023","500-999","1-99","0","6","6","true","6",,"true","120","1-99","WA"
"2022 Oct 30 12:00:00 AM","2023 Mar 31 12:00:00 AM","Cyberattack","2022 Oct 28 12:00:00 AM","2022 Oct 29 12:00:00 AM","Southwest Healthcare Services ","14,899","Ransomware","1,225","Health",,"2,023","2023","1,000-9,999","1-99","0","2","2","false","1","1","false","152","1-99","ND"
"2023 Feb 13 12:00:00 AM","2023 Mar 30 12:00:00 AM","Cyberattack","2022 Dec 10 12:00:00 AM","2023 Mar 17 12:00:00 AM","TMX Finance Corporate Services, Inc. & affiliates","14,893","Malware","571","Finance",,"2,023","2023","500-999","1-99","32","65","97","true","97",,"false","45","1-99","GA"
"2022 Nov 16 12:00:00 AM","2023 Mar 30 12:00:00 AM","Theft or Mistake","2022 Jul 13 12:00:00 AM","2022 Dec 09 12:00:00 AM","Svanaco, Inc. dba Americaneagle.com","14,892",,"1,475","Business","Software","2,023","2023","1,000-9,999","100-199","23","126","149","true","149",,"false","134","100-199","IL"
"2023 Feb 04 12:00:00 AM","2023 Mar 24 12:00:00 AM","Unauthorized Access","2023 Feb 01 12:00:00 AM","2023 Feb 06 12:00:00 AM","Bank of America, N.A. concerning breach at NCB Manag. Serv. ","14,891",,"12,510","Finance",,"2,023","2023","10,000-49,999","1-99","2","3","5","true","5",,"false","48","1-99","PA"
"2022 Nov 18 12:00:00 AM","2023 Mar 14 12:00:00 AM","Theft or Mistake","2016 Sep 30 12:00:00 AM","2022 Nov 18 12:00:00 AM","mscripts, LLC","14,864",,"1,394","Health",,"2,023","2023","1,000-9,999","500+","0","2,240","2,240","true","2,240",,"true","116","500+","CA"
"2023 Feb 18 12:00:00 AM","2023 Mar 14 12:00:00 AM","Unauthorized Access","2023 Jan 08 12:00:00 AM","2023 Feb 28 12:00:00 AM","Allstate Insurance Company","14,863",,"561","Business","Other","2,023","2023","500-999","1-99","10","41","51","true","51",,"false","24","1-99","IL"
"2022 Nov 11 12:00:00 AM","2023 Mar 14 12:00:00 AM","Theft or Mistake","2022 Oct 27 12:00:00 AM","2022 Oct 27 12:00:00 AM","Art Center Inc. dba Northwest College of Art & Design","14,862",,"1,081","Education",,"2,023","2023","1,000-9,999","1-99","0","15","15","false","0","15","false","123","0","WA"
"2022 Jul 05 12:00:00 AM","2023 Mar 14 12:00:00 AM","Cyberattack","2022 Jun 30 12:00:00 AM","2022 Jul 05 12:00:00 AM","Independent Living Systems, LLC","14,861","Ransomware","6,017","Health",,"2,023","2023","1,000-9,999","1-99","0","5","5","true","5",,"true","252","1-99","FL"
"2023 Jan 28 12:00:00 AM","2023 Mar 10 12:00:00 AM","Cyberattack","2023 Jan 28 12:00:00 AM","2023 Jan 29 12:00:00 AM","ZOLL Medical Corporation ","14,860","Other","6,176","Health",,"2,023","2023","1,000-9,999","1-99","1","0","1","true","1",,"false","41","1-99","WA"
"2023 Feb 02 12:00:00 AM","2023 Mar 07 12:00:00 AM","Cyberattack","2023 Jan 28 12:00:00 AM","2023 Jan 30 12:00:00 AM","CHSPSC, LLC ","14,858","Other","559","Health",,"2,023","2023","500-999","1-99","0","5","5","false","2","3","false","33","1-99","TN"
"2023 Jan 03 12:00:00 AM","2023 Mar 03 12:00:00 AM","Unauthorized Access","2019 Oct 12 12:00:00 AM","2023 Mar 01 12:00:00 AM","Cerebral, Inc","14,856",,"86,669","Health",,"2,023","2023","50,000-999,999","500+","57","1,179","1,236","true","1,236",,"false","59","500+","DE"
"2022 Oct 12 12:00:00 AM","2023 Mar 02 12:00:00 AM","Cyberattack","2022 May 26 12:00:00 AM","2023 Oct 12 12:00:00 AM","Squishable.com, Inc.","14,855","Malware","671","Business","Retail","2,023","2023","500-999","500+","365","139","504","true","504",,"false","141","500+","NY"
"2023 Feb 03 12:00:00 AM","2023 Feb 28 12:00:00 AM","Cyberattack","2023 Jan 30 12:00:00 AM","2023 Jan 31 12:00:00 AM","Hatch Bank","14,854","Other","2,580","Finance",,"2,023","2023","1,000-9,999","1-99","0","4","4","false","1","3","false","25","1-99","CA"
"2023 Jan 25 12:00:00 AM","2023 Feb 24 12:00:00 AM","Cyberattack","2022 Nov 27 12:00:00 AM","2022 Nov 27 12:00:00 AM","Crystal Bay Casino","14,853","Ransomware","1,480","Business","Entertainment","2,023","2023","1,000-9,999","1-99","0","59","59","false","0","59","false","30","0","NV"
"2023 Feb 10 12:00:00 AM","2023 Mar 05 12:00:00 AM","Cyberattack","2023 Jan 28 12:00:00 AM","2023 Jan 30 12:00:00 AM","Premera Blue Cross","14,851","Other","36,211","Health",,"2,023","2023","10,000-49,999","1-99","0","13","13","false","2","11","false","23","1-99","WA"
"2022 Feb 16 12:00:00 AM","2023 Feb 17 12:00:00 AM","Theft or Mistake","2022 Feb 04 12:00:00 AM","2022 Feb 04 12:00:00 AM","University of Washington","14,768",,"534","Education",,"2,023","2023","500-999","1-99","0","12","12","false","0","12","false","366","0","WA"
"2022 Nov 12 12:00:00 AM","2023 Feb 17 12:00:00 AM","Cyberattack","2022 Nov 09 12:00:00 AM","2022 Nov 13 12:00:00 AM","Rancho Mesquite Casino, Inc.","14,663","Ransomware","4,368","Business","Entertainment","2,023","2023","1,000-9,999","1-99","1","3","4","true","4",,"false","97","1-99","NV"
"2023 Jan 31 12:00:00 AM","2023 Oct 06 12:00:00 AM","Cyberattack","2023 Jan 16 12:00:00 AM","2023 Jan 31 12:00:00 AM","Edmonds School District No. 15","14,660","Other","143,536","Education",,"2,024","2024","50,000-999,999","1-99","0","15","15","true","15",,"true","248","1-99","WA"
"2024 Aug 04 12:00:00 AM","2025 May 21 12:00:00 AM","Cyberattack","2024 Jul 19 12:00:00 AM","2024 Aug 04 12:00:00 AM","Alera Group, Inc.","19,134","Ransomware","27,901","Business","Other","2,025","2025","10,000-49,999","1-99","0","16","16","true","16",,"true","290","1-99","IL"
"2025 Jan 09 12:00:00 AM","2025 May 22 12:00:00 AM","Cyberattack","2024 Aug 14 12:00:00 AM","2025 Jan 17 12:00:00 AM","Washington State Opportunity Scholarship Foundation ","19,143","Phishing","16,560","Non-Profit/Charity",,"2,025","2025","10,000-49,999","100-199","8","148","156","true","156",,"false","133","100-199","WA"
"2025 Mar 10 12:00:00 AM","2025 May 23 12:00:00 AM","Cyberattack","2024 Oct 23 12:00:00 AM","2024 Oct 23 12:00:00 AM","Washington Gastroenterology","19,180","Other","556,349","Health",,"2,025","2025","50,000-999,999","100-199","0","138","138","false","0","138","false","74","0","WA"
"2024 Aug 06 12:00:00 AM","2025 May 23 12:00:00 AM","Cyberattack","2024 Jul 19 12:00:00 AM","2024 Aug 06 12:00:00 AM","Kronick Moskovitz Tiedemann & Girard","19,181","Malware","9,892","Business","Legal","2,025","2025","1,000-9,999","1-99","0","18","18","true","18",,"true","290","1-99","CA"
"2025 Apr 01 12:00:00 AM","2025 May 27 12:00:00 AM","Cyberattack","2024 Dec 25 12:00:00 AM","2024 Dec 25 12:00:00 AM","LexisNexis Risk Solutions","19,182","Other","17,430","Business","Other","2,025","2025","10,000-49,999","1-99","0","97","97","false","0","97","false","56","0","GA"
"2022 May 31 12:00:00 AM","2023 Feb 15 12:00:00 AM","Cyberattack","2022 Apr 04 12:00:00 AM","2022 May 31 12:00:00 AM","Asotin County Public Facilities District","14,637","Ransomware","1,090","Government",,"2,023","2023","1,000-9,999","1-99","0","57","57","true","57",,"true","260","1-99","WA"
"2022 Dec 12 12:00:00 AM","2023 Feb 13 12:00:00 AM","Cyberattack","2022 Dec 12 12:00:00 AM","2022 Dec 12 12:00:00 AM","Evergreen Treatment Services","14,636","Ransomware","11,247","Non-Profit/Charity",,"2,023","2023","10,000-49,999","0","0","0","0","true","0",,"true","63","0","WA"
"2022 Dec 18 12:00:00 AM","2023 Feb 09 12:00:00 AM","Unauthorized Access","2023 Jan 04 12:00:00 AM","2023 Jan 04 12:00:00 AM","Northwest Mothers Milk Bank","14,634",,"1,153","Non-Profit/Charity",,"2,023","2023","1,000-9,999","0","17","-17","0","true","0",,"false","53","0","OR"
"2022 Dec 15 12:00:00 AM","2023 Feb 06 12:00:00 AM","Cyberattack","2022 Dec 13 12:00:00 AM","2022 Dec 15 12:00:00 AM","Highmark","14,632","Phishing","1,980","Health",,"2,023","2023","1,000-9,999","1-99","0","2","2","true","2",,"true","53","1-99","PA"
"2023 Jan 09 12:00:00 AM","2023 Feb 05 12:00:00 AM","Theft or Mistake","2022 Aug 25 12:00:00 AM","2023 Jan 13 12:00:00 AM","Mutual of America Life Insurance Company","14,630",,"1,043","Finance",,"2,023","2023","1,000-9,999","100-199","4","137","141","true","141",,"false","27","100-199","NY"
"2022 Dec 05 12:00:00 AM","2023 Feb 03 12:00:00 AM","Cyberattack","2022 Nov 14 12:00:00 AM","2022 Nov 14 12:00:00 AM","Rise Interactive Media & Analytics, LLC","14,629","Ransomware","711","Business","Other","2,023","2023","500-999","1-99","0","21","21","false","0","21","false","60","0","IL"
"2023 Jan 17 12:00:00 AM","2023 Feb 16 12:00:00 AM","Cyberattack","2022 Jul 12 12:00:00 AM","2023 Jan 17 12:00:00 AM","Integrative Dentistry","14,628","Other","2,281","Health",,"2,023","2023","1,000-9,999","100-199","0","189","189","true","189",,"true","30","100-199","WA"
"2022 Mar 01 12:00:00 AM","2022 Sep 03 12:00:00 AM","Cyberattack","2020 Sep 18 12:00:00 AM","2022 Feb 03 12:00:00 AM","Ballistic Products, Inc.","14,550","Malware","1,242","Business","Retail","2,023","2023","1,000-9,999","500+","0","529","529","false","503","26","false","186","500+",
"2022 Nov 26 12:00:00 AM","2023 Jan 25 12:00:00 AM","Cyberattack","2022 Nov 24 12:00:00 AM","2022 Nov 26 12:00:00 AM","Quality Behavioral Health","14,547","Ransomware","2,752","Health",,"2,023","2023","1,000-9,999","1-99","0","2","2","true","2",,"true","60","1-99","WA"
"2022 Dec 28 12:00:00 AM","2023 Jan 24 12:00:00 AM","Unauthorized Access","2021 Nov 01 12:00:00 AM",,"Zacks Investment Research, Inc.  ","14,546",,"18,815","Business","Other","2,023","2023","10,000-49,999","Unknown",,"422",,"false",,,"false","27","Unknown","IL"
"2023 Jan 05 12:00:00 AM","2023 Jan 20 12:00:00 AM","Theft or Mistake","2023 Jan 04 12:00:00 AM","2023 Jan 05 12:00:00 AM","Pacific Lutheran University","14,523",,"708","Education",,"2,023","2023","500-999","1-99","0","1","1","true","1",,"true","15","1-99","WA"
"2022 Oct 28 12:00:00 AM","2023 Jan 18 12:00:00 AM","Cyberattack","2022 Oct 23 12:00:00 AM","2022 Oct 28 12:00:00 AM","Morgan Industrial, Inc. dba Omega Morgan","14,522","Ransomware","933","Business","Construction","2,023","2023","500-999","1-99","0","5","5","true","5",,"true","82","1-99","OR"
"2022 Feb 14 12:00:00 AM","2022 Aug 12 12:00:00 AM","Unauthorized Access","2022 Jan 19 12:00:00 AM","2022 Feb 14 12:00:00 AM","Centralia College","14,521",,"38,418","Education",,"2,023","2023","10,000-49,999","1-99","0","26","26","true","26",,"true","179","1-99",
"2022 Dec 08 12:00:00 AM","2023 Jan 18 12:00:00 AM","Cyberattack","2022 Dec 06 12:00:00 AM","2022 Dec 08 12:00:00 AM","PayPal, Inc.","14,518","Other","890","Finance",,"2,023","2023","500-999","1-99","0","2","2","true","2",,"true","41","1-99","CA"
"2022 Dec 05 12:00:00 AM","2023 Jan 12 12:00:00 AM","Cyberattack","2022 Nov 18 12:00:00 AM","2022 Dec 31 12:00:00 AM","General Mills, Inc. (""General Mills"")","14,516","Other","18,268","Business","Consumable","2,023","2023","10,000-49,999","1-99","26","17","43","true","43",,"false","38","1-99","MN"
"2022 Feb 21 12:00:00 AM","2023 Jan 11 12:00:00 AM","Cyberattack","2022 Feb 20 12:00:00 AM","2022 Feb 21 12:00:00 AM","TruConnect","14,515","Ransomware","16,380","Business","Telecommunications","2,023","2023","10,000-49,999","1-99","0","1","1","true","1",,"true","324","1-99","CA"
"2022 Aug 08 12:00:00 AM","2022 Sep 22 12:00:00 AM","Unauthorized Access","2022 Aug 22 12:00:00 AM",,"Savannah College of Art and Design, Inc.","14,511",,"575","Education",,"2,023","2023","500-999","Unknown",,"-14",,"false",,,"false","45","Unknown","GA"
"2022 Nov 24 12:00:00 AM","2023 Jan 04 12:00:00 AM","Cyberattack",,,"Knox College","14,508","Ransomware","1,003","Education",,"2,023","2023","1,000-9,999","Unknown",,,,"false",,,"false","41","Unknown","IL"
"2023 Jan 05 12:00:00 AM","2023 Jan 19 12:00:00 AM","Unauthorized Access","2022 Nov 25 12:00:00 AM","2023 Jan 05 12:00:00 AM","T-Mobile USA","14,503",,"772,593","Business","Telecommunications","2,023","2023","50,000-999,999","1-99","0","41","41","true","41",,"true","14","1-99","WA"
"2022 Sep 05 12:00:00 AM","2022 Dec 29 12:00:00 AM","Cyberattack","2022 Sep 03 12:00:00 AM","2022 Sep 05 12:00:00 AM","Bay Bridge Administrators, LLC","14,480","Ransomware","6,980","Business","Other","2,023","2023","1,000-9,999","1-99","0","2","2","true","2",,"true","115","1-99","TX"
"2022 Nov 15 12:00:00 AM","2022 Dec 28 12:00:00 AM","Unauthorized Access","2022 Nov 07 12:00:00 AM","2022 Nov 15 12:00:00 AM","CellNetix Pathology and Laboratories","14,479",,"1,936","Health",,"2,023","2023","1,000-9,999","1-99","0","8","8","true","8",,"true","43","1-99","WA"
"2022 Dec 04 12:00:00 AM","2022 Dec 28 12:00:00 AM","Unauthorized Access","2022 Dec 02 12:00:00 AM","2022 Dec 04 12:00:00 AM","Robert S Miller, LICSW, ACSW, PLLC","14,471",,"902","Health",,"2,023","2023","500-999","1-99","0","2","2","true","2",,"true","24","1-99","WA"
"2022 Jul 20 12:00:00 AM","2022 Dec 22 12:00:00 AM","Cyberattack","2022 Jul 20 12:00:00 AM","2022 Jul 20 12:00:00 AM","Human Investing","14,470","Phishing","1,898","Finance",,"2,023","2023","1,000-9,999","0","0","0","0","true","0",,"true","155","0","OR"
"2022 Jul 16 12:00:00 AM","2022 Dec 22 12:00:00 AM","Cyberattack","2022 May 25 12:00:00 AM","2022 Jul 16 12:00:00 AM","Steel River Systems, LLC","14,469","Ransomware","1,368","Business","Other","2,023","2023","1,000-9,999","1-99","0","52","52","true","52",,"true","159","1-99","IL"
"2022 Nov 28 12:00:00 AM","2022 Dec 21 12:00:00 AM","Theft or Mistake","2022 May 21 12:00:00 AM","2022 May 23 12:00:00 AM","BetMGM, LLC (""BetMGM"")","14,468",,"2,022","Business","Other","2,023","2023","1,000-9,999","100-199","0","191","191","false","2","189","false","23","1-99","NJ"
"2021 Dec 16 12:00:00 AM","2022 Dec 19 12:00:00 AM","Cyberattack","2021 Nov 08 12:00:00 AM","2021 Nov 17 12:00:00 AM","P2 Energy Solutions","14,466","Ransomware","573","Business","Software","2,023","2023","500-999","1-99","0","38","38","false","9","29","false","368","1-99","CO"
"2022 Sep 09 12:00:00 AM","2022 Dec 16 12:00:00 AM","Unauthorized Access","2015 Jan 01 12:00:00 AM",,"Snohomish County PUD No. 1","14,465",,"1,132","Government",,"2,023","2023","1,000-9,999","Unknown",,"2,808",,"false",,,"false","98","Unknown","WA"
"2022 Sep 07 12:00:00 AM","2022 Dec 15 12:00:00 AM","Cyberattack","2022 Jul 29 12:00:00 AM","2022 Sep 07 12:00:00 AM","Order Express, Inc.","14,464","Ransomware","1,168","Finance",,"2,023","2023","1,000-9,999","1-99","0","40","40","true","40",,"true","99","1-99","IL"
"2021 Aug 09 12:00:00 AM","2022 Dec 13 12:00:00 AM","Cyberattack","2021 Jul 19 12:00:00 AM","2021 Jul 28 12:00:00 AM","Smith, Gambrell, & Russell, LLP","14,463","Other","545","Business","Legal","2,023","2023","500-999","1-99","0","21","21","false","9","12","false","491","1-99","GA"
"2022 Nov 17 12:00:00 AM","2022 Dec 12 12:00:00 AM","Unauthorized Access","2022 Sep 22 12:00:00 AM","2022 Oct 06 12:00:00 AM","Sequoia Benefits and Insurance Services LLC","14,331",,"20,949","Business","Other","2,023","2023","10,000-49,999","1-99","0","56","56","false","14","42","false","25","1-99","CA"
"2021 Dec 10 12:00:00 AM","2022 Dec 07 12:00:00 AM","Cyberattack","2021 Dec 10 12:00:00 AM","2021 Dec 10 12:00:00 AM","Veros Credit","14,330","Ransomware","535","Finance",,"2,023","2023","500-999","0","0","0","0","true","0",,"true","362","0","CA"
"2022 Sep 27 12:00:00 AM","2022 Dec 16 12:00:00 AM","Unauthorized Access",,,"Hope College","14,329",,"1,225","Education",,"2,023","2023","1,000-9,999","Unknown",,,,"false",,,"false","80","Unknown","MI"
"2022 Oct 28 12:00:00 AM","2022 Dec 02 12:00:00 AM","Unauthorized Access","2022 Jun 23 12:00:00 AM","2022 Sep 08 12:00:00 AM","Snap Finance LLC and Snap RTO LLC","14,327",,"1,266","Finance",,"2,023","2023","1,000-9,999","100-199","0","127","127","false","77","50","false","35","1-99","UT"
"2022 Oct 02 12:00:00 AM","2022 Dec 01 12:00:00 AM","Cyberattack","2022 Sep 16 12:00:00 AM","2022 Oct 03 12:00:00 AM","CommonSpirit Health","14,105","Ransomware","582,285","Health","Other","2,023","2023","50,000-999,999","1-99","1","16","17","true","17",,"false","60","1-99","IL"
"2022 Oct 15 12:00:00 AM","2022 Nov 28 12:00:00 AM","Cyberattack","2022 Oct 13 12:00:00 AM","2022 Oct 15 12:00:00 AM","Vaupell Holdings, Inc.","14,104","Ransomware","1,009","Business","Manufacturing","2,023","2023","1,000-9,999","1-99","0","2","2","true","2",,"true","44","1-99","WA"
"2022 May 24 12:00:00 AM","2022 Nov 23 12:00:00 AM","Cyberattack","2022 May 24 12:00:00 AM","2022 Jun 03 12:00:00 AM","Hanesbrands Inc. ","14,099","Ransomware","644","Business","Retail","2,023","2023","500-999","1-99","10","0","10","true","10",,"false","183","1-99","NC"
"2021 May 12 12:00:00 AM","2022 Nov 21 12:00:00 AM","Cyberattack","2021 Apr 08 12:00:00 AM","2021 May 12 12:00:00 AM","Receivables Performance Management LLC","14,098","Ransomware","48,252","Finance",,"2,023","2023","10,000-49,999","1-99","0","34","34","true","34",,"true","558","1-99","WA"
"2022 Jul 25 12:00:00 AM","2022 Nov 23 12:00:00 AM","Unauthorized Access","2022 Jul 25 12:00:00 AM","2022 Jul 25 12:00:00 AM","Legacy Health","14,094",,"1,608","Health",,"2,023","2023","1,000-9,999","0","0","0","0","true","0",,"true","121","0","OR"
"2022 Jul 18 12:00:00 AM","2022 Nov 15 12:00:00 AM","Cyberattack","2022 Jul 07 12:00:00 AM","2022 Jul 16 12:00:00 AM","Pro-Tem, Inc. dba PTI Systems","14,093","Ransomware","677","Business","Software","2,023","2023","500-999","1-99","0","11","11","false","9","2","false","120","1-99","TX"
"2022 Oct 04 12:00:00 AM","2022 Nov 14 12:00:00 AM","Theft or Mistake","2022 Oct 04 12:00:00 AM","2022 Oct 04 12:00:00 AM","Yakima Neighborhood Health Services","14,092",,"2,664","Health",,"2,023","2023","1,000-9,999","0","0","0","0","true","0",,"true","41","0","WA"
"2022 Aug 01 12:00:00 AM","2022 Nov 02 12:00:00 AM","Cyberattack","2022 Jul 30 12:00:00 AM","2022 Jul 31 12:00:00 AM","Ethos Group, Inc.","14,091","Other","39,864","Finance",,"2,023","2023","10,000-49,999","1-99","0","2","2","false","1","1","false","93","1-99","TX"
"2022 Jun 17 12:00:00 AM","2022 Nov 02 12:00:00 AM","Cyberattack","2022 Jun 17 12:00:00 AM","2022 Jun 18 12:00:00 AM","Convergent Outsourcing, Inc. ","14,090","Ransomware","2,549","Business","Other","2,023","2023","1,000-9,999","1-99","1","0","1","true","1",,"false","138","1-99","WA"
"2022 Sep 11 12:00:00 AM","2022 Nov 01 12:00:00 AM","Cyberattack","2022 Sep 04 12:00:00 AM","2022 Sep 12 12:00:00 AM","Pathward, N.A.","14,089","Other","2,639","Finance",,"2,023","2023","1,000-9,999","1-99","1","7","8","true","8",,"false","51","1-99","SD"
"2021 May 12 12:00:00 AM","2022 Oct 28 12:00:00 AM","Cyberattack","2021 Apr 20 12:00:00 AM","2021 May 17 12:00:00 AM","SightCare, Inc.","14,087","Ransomware","700","Non-Profit/Charity",,"2,023","2023","500-999","1-99","5","22","27","true","27",,"false","534","1-99","AZ"
"2022 Jul 11 12:00:00 AM","2022 Oct 25 12:00:00 AM","Cyberattack","2022 Jul 09 12:00:00 AM","2022 Jul 11 12:00:00 AM","Providence WA Anesthesia Services PC","14,086","Ransomware","56,578","Health",,"2,023","2023","50,000-999,999","1-99","0","2","2","true","2",,"true","106","1-99","WA"
"2025 Jan 09 12:00:00 AM","2025 Jul 25 12:00:00 AM","Cyberattack","2024 Aug 14 12:00:00 AM","2025 Jan 17 12:00:00 AM","Washington State Opportunity Scholarship Foundation ","19,791","Phishing","16,668","Non-Profit/Charity",,"2,026","2026","10,000-49,999","100-199","8","148","156","true","156",,"false","197","100-199","WA"
"2024 Nov 25 12:00:00 AM","2025 Jul 31 12:00:00 AM","Cyberattack","2024 Nov 25 12:00:00 AM","2024 Nov 25 12:00:00 AM","Barrett-Jackson Holdings, LLC","19,824","Ransomware","1,033","Business","Other","2,026","2026","1,000-9,999","0","0","0","0","true","0",,"true","248","0","AZ"
"2025 Apr 12 12:00:00 AM","2025 Aug 01 12:00:00 AM","Cyberattack","2025 Mar 24 12:00:00 AM","2025 Apr 12 12:00:00 AM","DaVita Inc.","19,828","Ransomware","13,404","Health",,"2,026","2026","10,000-49,999","1-99","0","19","19","true","19",,"true","111","1-99","CO"
"2025 Jul 08 12:00:00 AM","2025 Aug 07 12:00:00 AM","Cyberattack","2025 May 16 12:00:00 AM","2025 Jun 24 12:00:00 AM","Columbia University","19,879","Other","54,075","Education",,"2,026","2026","50,000-999,999","1-99","0","53","53","false","39","14","false","30","1-99","NY"
"2024 Sep 12 12:00:00 AM","2025 Aug 11 12:00:00 AM","Cyberattack","2024 Sep 07 12:00:00 AM","2024 Sep 13 12:00:00 AM","East Adams Rural Healthcare","19,899","Other","8,896","Health",,"2,026","2026","1,000-9,999","1-99","1","5","6","true","6",,"false","333","1-99","WA"
"2022 Feb 09 12:00:00 AM","2022 Aug 01 12:00:00 AM","Unauthorized Access","2022 Jan 14 12:00:00 AM","2022 Feb 13 12:00:00 AM","Camping World / Good Sam (CWGS)","14,044",,"549","Business","Retail","2,023","2023","500-999","1-99","4","26","30","true","30",,"false","173","1-99","IL"
"2022 Jul 18 12:00:00 AM","2022 Oct 31 12:00:00 AM","Unauthorized Access","2022 Jul 11 12:00:00 AM","2022 Jul 18 12:00:00 AM","Beyond 79, LLC","14,013",,"1,664","Finance",,"2,023","2023","1,000-9,999","1-99","0","7","7","true","7",,"true","105","1-99","FL"
"2021 Apr 15 12:00:00 AM","2022 Oct 21 12:00:00 AM","Unauthorized Access","2019 Jun 25 12:00:00 AM","2022 Jan 08 12:00:00 AM","Vivendi Ticketing US LLS d/b/a See Tickets US","14,012",,"7,841","Business","Entertainment","2,023","2023","1,000-9,999","500+","268","660","928","true","928",,"false","554","500+",
"2021 Aug 19 12:00:00 AM","2022 Oct 17 12:00:00 AM","Unauthorized Access","2021 Aug 19 12:00:00 AM",,"Barran Liebman LLP","13,997",,"2,707","Business","Legal","2,023","2023","1,000-9,999","Unknown",,"0",,"false",,,"false","424","Unknown","OR"
"2022 Sep 01 12:00:00 AM","2022 Nov 01 12:00:00 AM","Unauthorized Access","2022 Aug 22 12:00:00 AM","2022 Aug 31 12:00:00 AM","Alta Forest Products, LLC","13,994",,"1,635","Business","Retail","2,023","2023","1,000-9,999","1-99","0","10","10","false","9","1","false","61","1-99","WA"
"2022 Jan 06 12:00:00 AM","2022 Oct 19 12:00:00 AM","Cyberattack","2022 Oct 14 12:00:00 AM","2022 Oct 14 12:00:00 AM","Country Doctor Community Health Clinic","13,950","Ransomware","21,600","Health",,"2,023","2023","10,000-49,999","0","281","-281","0","true","0",,"false","286","0","WA"
"2022 Apr 26 12:00:00 AM","2022 Oct 10 12:00:00 AM","Theft or Mistake","2022 Mar 30 12:00:00 AM","2022 Apr 25 12:00:00 AM","Bellevue School District No. 405","13,925",,"573","Education",,"2,023","2023","500-999","1-99","0","27","27","false","26","1","false","167","1-99","WA"
"2022 Mar 21 12:00:00 AM","2022 Oct 04 12:00:00 AM","Cyberattack","2021 May 14 12:00:00 AM","2022 Apr 08 12:00:00 AM","Columbia River Mental Health Services","13,914","Phishing","17,020","Health",,"2,023","2023","10,000-49,999","300-399","18","311","329","true","329",,"false","197","300-399","WA"
"2022 Sep 05 12:00:00 AM","2022 Oct 04 12:00:00 AM","Cyberattack","2022 Jul 18 12:00:00 AM","2022 Aug 03 12:00:00 AM","Philippine Airlines, Inc.","13,912","Ransomware","505","Business","Other","2,023","2023","500-999","1-99","0","49","49","false","16","33","false","29","1-99","CA"
"2022 Sep 29 12:00:00 AM","2022 Oct 17 12:00:00 AM","Cyberattack","2022 Sep 28 12:00:00 AM","2022 Sep 28 12:00:00 AM","North Pacific Paper Company","13,902","Ransomware","972","Business","Other","2,023","2023","500-999","1-99","0","1","1","false","0","1","false","18","0","WA"
"2022 Aug 02 12:00:00 AM","2022 Sep 30 12:00:00 AM","Cyberattack","2022 Jun 01 12:00:00 AM","2022 Aug 03 12:00:00 AM","focusIT","13,868","Phishing","4,902","Business","Other","2,023","2023","1,000-9,999","1-99","1","62","63","true","63",,"false","59","1-99","AZ"
"2022 Aug 12 12:00:00 AM","2022 Sep 29 12:00:00 AM","Unauthorized Access","2022 May 17 12:00:00 AM","2022 May 31 12:00:00 AM","City of Tucson, AZ","13,867",,"664","Government",,"2,023","2023","500-999","1-99","0","87","87","false","14","73","false","48","1-99","AZ"
"2022 Jul 29 12:00:00 AM","2022 Oct 04 12:00:00 AM","Cyberattack","2022 Sep 06 12:00:00 AM","2022 Sep 06 12:00:00 AM","Whitworth University","13,865","Ransomware","41,746","Education",,"2,023","2023","10,000-49,999","0","39","-39","0","true","0",,"false","67","0","WA"
"2022 Feb 03 12:00:00 AM","2022 Sep 29 12:00:00 AM","Cyberattack","2022 Feb 01 12:00:00 AM","2022 Feb 03 12:00:00 AM","Swissport North America, Inc.","13,863","Ransomware","1,131","Business","Other","2,023","2023","1,000-9,999","1-99","0","2","2","true","2",,"true","238","1-99","NC"
"2022 Aug 24 12:00:00 AM","2022 Sep 22 12:00:00 AM","Cyberattack","2022 May 18 12:00:00 AM","2022 Jun 02 12:00:00 AM","University of Washington/UW Medicine","13,862","Ransomware","3,707","Health",,"2,023","2023","1,000-9,999","1-99","0","98","98","false","15","83","false","29","1-99","WA"
"2022 Jun 30 12:00:00 AM","2022 Sep 21 12:00:00 AM","Cyberattack","2022 May 18 12:00:00 AM","2022 Jun 01 12:00:00 AM","Seattle Children's Hospital","13,846","Ransomware","6,240","Health",,"2,023","2023","1,000-9,999","1-99","0","43","43","false","14","29","false","83","1-99","WA"
"2021 Dec 02 12:00:00 AM","2022 Sep 15 12:00:00 AM","Cyberattack","2021 Oct 30 12:00:00 AM","2021 Nov 17 12:00:00 AM","WellDyneRx, LLC","13,845","Phishing","585","Health",,"2,023","2023","500-999","1-99","0","33","33","false","18","15","false","287","1-99","FL"
"2022 Jul 29 12:00:00 AM","2022 Sep 11 12:00:00 AM","Cyberattack","2020 Sep 20 12:00:00 AM","2022 Feb 02 12:00:00 AM","Silver Superstore ","13,844","Malware","927","Business","Retail","2,023","2023","500-999","500+","0","677","677","false","500","177","false","44","500+","WA"
"2022 Sep 07 12:00:00 AM","2022 Sep 09 12:00:00 AM","Unauthorized Access","2021 Nov 05 12:00:00 AM","2022 Apr 05 12:00:00 AM","U-Haul International, Inc.","13,843",,"61,770","Business","Other","2,023","2023","50,000-999,999","300-399","0","306","306","false","151","155","false","2","100-199","AZ"
"2021 Aug 04 12:00:00 AM","2022 Sep 09 12:00:00 AM","Cyberattack","2020 Dec 22 12:00:00 AM","2021 Aug 03 12:00:00 AM","Radiology Associates of Albuquerque and Advanced Imaging, LL","13,842","Ransomware","882","Health",,"2,023","2023","500-999","200-299","0","225","225","false","224","1","false","401","200-299","NM"
"2022 Jul 28 12:00:00 AM","2022 Sep 02 12:00:00 AM","Cyberattack","2022 Jul 22 12:00:00 AM","2022 Jul 29 12:00:00 AM","Samsung Electronics America, Inc. ","13,840","Unclear/unknown","174,929","Business","Other","2,023","2023","50,000-999,999","1-99","1","6","7","true","7",,"false","36","1-99","NJ"
"2022 Jul 29 12:00:00 AM","2022 Sep 01 12:00:00 AM","Cyberattack","2020 Sep 18 12:00:00 AM","2022 Feb 03 12:00:00 AM","Vermont Nut Free Chocolates","13,836","Malware","521","Business","Retail","2,023","2023","500-999","500+","0","679","679","false","503","176","false","34","500+","VT"
"2022 Feb 27 12:00:00 AM","2022 Aug 29 12:00:00 AM","Cyberattack","2022 Feb 09 12:00:00 AM","2022 Feb 27 12:00:00 AM","Bridgestone Americas, Inc.","13,835","Ransomware","1,066","Business","Manufacturing","2,023","2023","1,000-9,999","1-99","0","18","18","true","18",,"true","183","1-99","TN"
"2022 Jul 26 12:00:00 AM","2022 Sep 12 12:00:00 AM","Cyberattack","2020 Sep 17 12:00:00 AM","2022 Feb 03 12:00:00 AM","Wilson's Gun Shop Inc. d/b/a Wilson Combat","13,825","Malware","3,788","Business","Retail","2,023","2023","1,000-9,999","500+","0","677","677","false","504","173","false","48","500+","AK"
"2022 Aug 21 12:00:00 AM","2022 Sep 20 12:00:00 AM","Unauthorized Access","2022 Apr 27 12:00:00 AM","2022 May 03 12:00:00 AM","Newcourse Communications, Inc.","13,824",,"13,214","Finance",,"2,023","2023","10,000-49,999","100-199","0","116","116","false","6","110","false","30","1-99","CA"
"2022 Aug 05 12:00:00 AM","2022 Sep 08 12:00:00 AM","Unauthorized Access","2022 May 07 12:00:00 AM",,"Humana, Inc.","13,823",,"639","Health",,"2,023","2023","500-999","Unknown",,"90",,"false",,,"false","34","Unknown","KY"
"2022 Jul 20 12:00:00 AM","2022 Aug 29 12:00:00 AM","Unauthorized Access","2021 Jan 03 12:00:00 AM","2022 Jul 19 12:00:00 AM","Neopets, Inc.","13,822",,"788,415","Business","Entertainment","2,023","2023","50,000-999,999","500+","0","563","563","false","562","1","false","40","500+",
"2021 Oct 22 12:00:00 AM","2022 Aug 26 12:00:00 AM","Cyberattack","2021 Oct 22 12:00:00 AM",,"Warner Norcross & Judd, LLP","13,820","Ransomware","780","Business","Legal","2,023","2023","500-999","Unknown",,"0",,"false",,,"false","308","Unknown","MI"
"2022 Jul 21 12:00:00 AM","2022 Aug 26 12:00:00 AM","Cyberattack","2022 Jun 01 12:00:00 AM","2022 Jul 22 12:00:00 AM","Nelnet Servicing, LLC","13,732","Other","35,151","Business","Other","2,023","2023","10,000-49,999","1-99","1","50","51","true","51",,"false","36","1-99","WA"
"2025 Aug 19 12:00:00 AM","2025 Sep 30 12:00:00 AM","Cyberattack","2025 Aug 11 12:00:00 AM","2025 Aug 19 12:00:00 AM","Motility Software Solutions Inc","20,349","Ransomware","8,349","Business","Retail","2,026","2026","1,000-9,999","1-99","0","8","8","true","8",,"true","42","1-99","FL"
"2024 Nov 17 12:00:00 AM","2025 Oct 03 12:00:00 AM","Cyberattack","2024 Nov 17 12:00:00 AM","2024 Nov 19 12:00:00 AM","Brightstar Global Solutions Corporation","20,378","Ransomware","1,796","Business","Other","2,026","2026","1,000-9,999","1-99","2","0","2","true","2",,"false","320","1-99","WA"
"2025 Jun 13 12:00:00 AM","2025 Oct 03 12:00:00 AM","Cyberattack","2025 Jun 13 12:00:00 AM","2025 Jun 14 12:00:00 AM","WestJet","20,379","Phishing","7,333","Business","Other","2,026","2026","1,000-9,999","1-99","1","0","1","true","1",,"false","112","1-99","WA"
"2025 Jul 22 12:00:00 AM","2025 Oct 06 12:00:00 AM","Cyberattack","2025 Jul 18 12:00:00 AM","2025 Jul 22 12:00:00 AM","Spokane Produce, Inc. ","20,380","Ransomware","788","Business","Consumable","2,026","2026","500-999","1-99","0","4","4","true","4",,"true","76","1-99","WA"
"2025 Aug 22 12:00:00 AM","2025 Oct 06 12:00:00 AM","Cyberattack","2025 Aug 08 12:00:00 AM","2025 Aug 18 12:00:00 AM","AppFolio, Inc.","20,389","Other","2,882","Business","Other","2,026","2026","1,000-9,999","1-99","0","14","14","false","10","4","false","45","1-99","CA"
"2025 Aug 19 12:00:00 AM","2025 Oct 11 12:00:00 AM","Unauthorized Access","2025 Apr 03 12:00:00 AM","2025 Aug 20 12:00:00 AM","Payactiv, Inc.","20,432",,"18,085","Finance",,"2,026","2026","10,000-49,999","100-199","1","138","139","true","139",,"false","53","100-199","CA"
"2025 Jun 26 12:00:00 AM","2025 Oct 10 12:00:00 AM","Cyberattack","2025 Jun 26 12:00:00 AM","2025 Jun 26 12:00:00 AM","Open Practice Solutions, LTD","20,433","Other","1,202","Business","Software","2,026","2026","1,000-9,999","0","0","0","0","true","0",,"true","106","0","OH"
"2024 Jun 24 12:00:00 AM","2025 Oct 14 12:00:00 AM","Unauthorized Access","2024 Jun 24 12:00:00 AM","2024 Jun 25 12:00:00 AM","Dulcich Inc","20,451",,"10,761","Business","Other","2,026","2026","10,000-49,999","1-99","1","0","1","true","1",,"false","477","1-99","OR"
"2025 Aug 22 12:00:00 AM","2025 Oct 15 12:00:00 AM","Theft or Mistake","2025 Aug 19 12:00:00 AM","2025 Aug 19 12:00:00 AM","Kadlec Clinic","20,491",,"992","Health",,"2,026","2026","500-999","1-99","0","3","3","false","0","3","false","54","0","WA"
"2025 Jul 09 12:00:00 AM","2025 Oct 16 12:00:00 AM","Cyberattack","2025 Jul 06 12:00:00 AM","2025 Jul 09 12:00:00 AM","PeopleGuru Holdings, Inc.","20,492","Ransomware","1,861","Business","Human Resources","2,026","2026","1,000-9,999","1-99","0","3","3","true","3",,"true","99","1-99","FL"
"2025 Jul 15 12:00:00 AM","2025 Oct 17 12:00:00 AM","Unauthorized Access","2025 May 21 12:00:00 AM","2025 Jun 10 12:00:00 AM","The Evergreen State College","20,493",,"7,727","Education",,"2,026","2026","1,000-9,999","1-99","0","55","55","false","20","35","false","94","1-99","WA"
"2022 Aug 04 12:00:00 AM","2022 Aug 26 12:00:00 AM","Unauthorized Access","2022 May 26 12:00:00 AM","2022 Jul 12 12:00:00 AM","KeyBank","13,731",,"54,295","Finance",,"2,023","2023","50,000-999,999","1-99","0","70","70","false","47","23","false","22","1-99","OH"
"2022 Jun 06 12:00:00 AM","2022 Jul 25 12:00:00 AM","Unauthorized Access",,,"Boeing Employees Credit Union","13,705",,"305,987","Finance",,"2,023","2023","50,000-999,999","Unknown",,,,"false",,,"false","49","Unknown","WA"
"2021 Sep 15 12:00:00 AM","2021 Nov 15 12:00:00 AM","Cyberattack",,"2021 Sep 15 12:00:00 AM","California Pizza Kitchen","11,251","Ransomware","1,095","Business","Retail","2,022","2022","1,000-9,999","Unknown","0",,,"true",,,"true","61","Unknown","CA"
"2022 Aug 02 12:00:00 AM","2022 Aug 18 12:00:00 AM","Cyberattack","2020 Sep 18 12:00:00 AM","2022 Feb 03 12:00:00 AM","Sturm, Ruger & Company, Inc.","13,681","Malware","4,866","Business","Retail","2,023","2023","1,000-9,999","500+","0","683","683","false","503","180","false","16","500+","CT"
"2022 Mar 03 12:00:00 AM","2022 Aug 16 12:00:00 AM","Cyberattack","2020 Sep 18 12:00:00 AM","2022 Feb 03 12:00:00 AM","Burnt Ridge Nursery and Orchards, Inc.","13,678","Malware","2,619","Business","Retail","2,023","2023","1,000-9,999","500+","0","531","531","false","503","28","false","166","500+","WA"
"2021 Oct 22 12:00:00 AM","2022 Aug 15 12:00:00 AM","Cyberattack","2021 Oct 22 12:00:00 AM",,"Warner Norcross & Judd, LLP","13,664","Ransomware","747","Business","Legal","2,023","2023","500-999","Unknown",,"0",,"false",,,"false","297","Unknown","MI"
"2022 Jun 14 12:00:00 AM","2022 Aug 12 12:00:00 AM","Unauthorized Access","2022 Jun 13 12:00:00 AM","2022 Jun 14 12:00:00 AM","Overlake Medical Center & Clinics","13,663",,"519","Health",,"2,023","2023","500-999","1-99","0","1","1","true","1",,"true","59","1-99","WA"
"2022 Jul 11 12:00:00 AM","2022 Aug 11 12:00:00 AM","Cyberattack","2022 Jul 10 12:00:00 AM",,"Audience Rewards","13,662","Ransomware","545","Business","Entertainment","2,023","2023","500-999","Unknown",,"1",,"false",,,"false","31","Unknown","NY"
"2021 Nov 12 12:00:00 AM","2022 Aug 03 12:00:00 AM","Cyberattack","2021 Nov 09 12:00:00 AM","2021 Nov 12 12:00:00 AM","Marymount Manhattan College","13,658","Ransomware","1,016","Education",,"2,023","2023","1,000-9,999","1-99","0","3","3","true","3",,"true","264","1-99","NY"
"2025 Oct 27 12:00:00 AM","2025 Nov 26 12:00:00 AM","Cyberattack",,,"Industrial Credit Union of Whatcom County","20,858","Ransomware","24,526","Finance",,"2,026","2026","10,000-49,999","Unknown",,,,"false",,,"false","30","Unknown","WA"
"2025 Aug 14 12:00:00 AM","2025 Nov 26 12:00:00 AM","Cyberattack","2025 Aug 14 12:00:00 AM","2025 Sep 04 12:00:00 AM","Marquis Software Solutions","20,866","Ransomware","269,773","Business","Other","2,026","2026","50,000-999,999","1-99","21","0","21","true","21",,"false","104","1-99","TX"
"2025 Sep 29 12:00:00 AM","2025 Dec 01 12:00:00 AM","Unauthorized Access","2025 Aug 09 12:00:00 AM","2025 Aug 11 12:00:00 AM","The University of Pennsylvania","20,888",,"6,413","Education",,"2,026","2026","1,000-9,999","1-99","0","51","51","false","2","49","false","63","1-99","PA"
"2025 Jul 01 12:00:00 AM","2025 Dec 02 12:00:00 AM","Unauthorized Access","2024 Dec 15 12:00:00 AM","2024 Dec 16 12:00:00 AM","Veradigm LLC","20,890",,"845","Health",,"2,026","2026","500-999","100-199","0","198","198","false","1","197","false","154","1-99","IL"
"2025 Oct 10 12:00:00 AM","2025 Nov 26 12:00:00 AM","Cyberattack",,,"Anchorage Neighborhood Health Center","20,891","Unclear/unknown","3,226","Health",,"2,026","2026","1,000-9,999","Unknown",,,,"false",,,"false","47","Unknown","AK"
"2025 Sep 12 12:00:00 AM","2025 Dec 04 12:00:00 AM","Cyberattack","2025 Sep 12 12:00:00 AM","2025 Sep 12 12:00:00 AM","Anchor Computer ","20,912","Ransomware","3,275","Business","Professional Services","2,026","2026","1,000-9,999","0","0","0","0","true","0",,"true","83","0","NY"
"2025 Sep 01 12:00:00 AM","2025 Dec 09 12:00:00 AM","Cyberattack","2025 Apr 29 12:00:00 AM","2025 Sep 02 12:00:00 AM","Prosper Marketplace, Inc","20,924","Other","249,848","Finance",,"2,026","2026","50,000-999,999","100-199","1","125","126","true","126",,"false","99","100-199","CA"
"2025 Nov 11 12:00:00 AM","2025 Dec 10 12:00:00 AM","Cyberattack",,,"City of Puyallup","20,937","Unclear/unknown","2,620","Government",,"2,026","2026","1,000-9,999","Unknown",,,,"false",,,"false","29","Unknown","WA"
"2025 Jul 25 12:00:00 AM","2025 Dec 11 12:00:00 AM","Cyberattack","2025 Feb 11 12:00:00 AM","2025 Sep 05 12:00:00 AM","Rain Bird Corporation","20,938","Other","1,293","Business","Manufacturing","2,026","2026","1,000-9,999","200-299","42","164","206","true","206",,"false","139","200-299","AZ"
"2022 Jan 08 12:00:00 AM","2022 Aug 02 12:00:00 AM","Unauthorized Access","2021 Dec 28 12:00:00 AM","2022 Jan 08 12:00:00 AM","Illuminate Education on behalf of Federal Way School Distric","13,650",,"36,773","Education",,"2,023","2023","10,000-49,999","1-99","0","11","11","true","11",,"true","206","1-99","CA"
"2022 Jun 26 12:00:00 AM","2022 Jul 28 12:00:00 AM","Cyberattack",,,"Whatcom County Library System","13,649","Ransomware","630","Government",,"2,023","2023","500-999","Unknown",,,,"false",,,"false","32","Unknown","WA"
"2022 Apr 28 12:00:00 AM","2022 Jul 27 12:00:00 AM","Cyberattack","2022 Apr 27 12:00:00 AM","2022 Apr 28 12:00:00 AM","OneTouchPoint, Inc.","13,648","Ransomware","1,321","Business","Other","2,023","2023","1,000-9,999","1-99","0","1","1","true","1",,"true","90","1-99","WI"
"2022 Apr 21 12:00:00 AM","2022 Jul 26 12:00:00 AM","Cyberattack","2022 Apr 21 12:00:00 AM","2022 May 01 12:00:00 AM","DigiPen Institute of Technology","13,647","Ransomware","5,164","Education",,"2,023","2023","1,000-9,999","1-99","10","0","10","true","10",,"false","96","1-99","WA"
"2021 Dec 23 12:00:00 AM","2022 Aug 05 12:00:00 AM","Cyberattack","2021 Nov 29 12:00:00 AM",,"R. R. Donnelley & Sons Company (RRD)","13,645","Phishing","648","Business","Professional Services","2,023","2023","500-999","Unknown",,"24",,"false",,,"false","225","Unknown","IL"
"2022 Mar 17 12:00:00 AM","2022 Jun 27 12:00:00 AM","Unauthorized Access","2022 Jan 19 12:00:00 AM","2022 Mar 17 12:00:00 AM","Avamere Health Services, LLC ","13,622",,"65,076","Health",,"2,022","2022","50,000-999,999","1-99","0","57","57","true","57",,"true","102","1-99",
"2022 Mar 28 12:00:00 AM","2022 Jul 22 12:00:00 AM","Cyberattack","2022 Mar 07 12:00:00 AM","2022 Mar 21 12:00:00 AM","Shields Health Care Group, Inc.","13,595","Malware","1,018","Health",,"2,022","2022","1,000-9,999","1-99","0","21","21","false","14","7","false","116","1-99","MA"
"2022 Jun 28 12:00:00 AM","2022 Jul 22 12:00:00 AM","Theft or Mistake","2022 Jun 24 12:00:00 AM","2022 Jun 24 12:00:00 AM","Sound Health & Wellness Trust c/o Zenith American Solutions","13,593",,"36,994","Health",,"2,022","2022","10,000-49,999","1-99","0","4","4","false","0","4","false","24","0","WA"
"2022 Mar 17 12:00:00 AM","2022 Jul 19 12:00:00 AM","Cyberattack","2019 Jul 23 12:00:00 AM","2022 Mar 08 12:00:00 AM","PPA Holdings, Inc.","13,592","Malware","629","Business","Retail","2,022","2022","500-999","500+","0","968","968","false","959","9","false","124","500+","NC"
"2022 Apr 29 12:00:00 AM","2022 Jul 18 12:00:00 AM","Cyberattack","2022 Apr 27 12:00:00 AM","2022 May 12 12:00:00 AM","Premera Blue Cross","13,591","Ransomware","1,303","Health",,"2,022","2022","1,000-9,999","1-99","13","2","15","true","15",,"false","80","1-99","WA"
"2022 Jun 16 12:00:00 AM","2022 Jul 14 12:00:00 AM","Cyberattack","2022 Apr 27 12:00:00 AM","2022 Jun 03 12:00:00 AM","Coordinated Care of Washington, Inc. & Coordinated Care Corp","13,590","Ransomware","1,021","Health",,"2,022","2022","1,000-9,999","1-99","0","50","50","false","37","13","false","28","1-99","WA"
"2022 Jul 11 12:00:00 AM","2022 Jul 25 12:00:00 AM","Unauthorized Access",,,"City of Bellingham (Bellingham Public Library)","13,581",,"735","Government",,"2,023","2023","500-999","Unknown",,,,"false",,,"false","14","Unknown","WA"
"2022 Jan 12 12:00:00 AM","2022 Jul 13 12:00:00 AM","Cyberattack","2021 Apr 09 12:00:00 AM","2021 Dec 28 12:00:00 AM","United Marketing, Inc.","13,577","Other","4,639","Business","Real Estate","2,022","2022","1,000-9,999","200-299","0","278","278","false","263","15","false","182","200-299","WA"
"2021 Jun 07 12:00:00 AM","2022 Jul 11 12:00:00 AM","Cyberattack",,"2021 Jun 07 12:00:00 AM","Afni, Inc.","13,576","Ransomware","3,818","Business","Other","2,022","2022","1,000-9,999","Unknown","0",,,"true",,,"true","399","Unknown","IL"
"2021 Dec 15 12:00:00 AM","2022 Jul 01 12:00:00 AM","Cyberattack","2021 Oct 18 12:00:00 AM","2021 Dec 11 12:00:00 AM","Fuller & Fuller","13,575","Phishing","704","Business","Legal","2,022","2022","500-999","1-99","0","58","58","false","54","4","false","198","1-99","WA"
"2021 Dec 15 12:00:00 AM","2022 Jul 01 12:00:00 AM","Cyberattack","2021 Oct 18 12:00:00 AM","2021 Dec 11 12:00:00 AM","Fuller & Fuller","13,574","Phishing","704","Business","Legal","2,022","2022","500-999","1-99","0","58","58","false","54","4","false","198","1-99","WA"
"2022 Mar 12 12:00:00 AM","2022 Jul 08 12:00:00 AM","Cyberattack","2022 Mar 12 12:00:00 AM","2022 Apr 14 12:00:00 AM","Heritage Life Insurance Company","13,573","Ransomware","1,277","Business","Other","2,022","2022","1,000-9,999","1-99","33","0","33","true","33",,"false","118","1-99","IL"
"2022 Feb 26 12:00:00 AM","2022 Jul 01 12:00:00 AM","Cyberattack","2022 Feb 22 12:00:00 AM","2022 Feb 26 12:00:00 AM","Professional Finance Company","13,572","Ransomware","18,346","Finance",,"2,022","2022","10,000-49,999","1-99","0","4","4","true","4",,"true","125","1-99","WA"
"2022 Apr 17 12:00:00 AM","2022 Jun 23 12:00:00 AM","Theft or Mistake","2022 Apr 17 12:00:00 AM","2022 Apr 17 12:00:00 AM","New Schryver, LLC d/b/a TridentCare","13,571",,"554","Health",,"2,022","2022","500-999","0","0","0","0","true","0",,"true","67","0","MD"
"2022 Jun 03 12:00:00 AM","2022 Jul 01 12:00:00 AM","Cyberattack",,,"Lending Tree","13,570","Malware","901","Finance",,"2,022","2022","500-999","Unknown",,,,"false",,,"false","28","Unknown","NC"
"2022 Apr 18 12:00:00 AM","2022 Jun 15 12:00:00 AM","Theft or Mistake","2022 Apr 16 12:00:00 AM","2022 Apr 16 12:00:00 AM","UW Medicine (UW Medical Center - Northwest Campus)","13,511",,"739","Health",,"2,022","2022","500-999","1-99","0","2","2","false","0","2","false","58","0","WA"
"2022 Apr 15 12:00:00 AM","2022 Jun 14 12:00:00 AM","Cyberattack","2021 Dec 04 12:00:00 AM","2021 Dec 04 12:00:00 AM","Sight Partners Physicians, P.C.","13,508","Unclear/unknown","83,848","Health",,"2,022","2022","50,000-999,999","100-199","0","132","132","false","0","132","false","60","0","WA"
"2021 Dec 27 12:00:00 AM","2022 Jun 10 12:00:00 AM","Cyberattack","2021 Dec 23 12:00:00 AM","2021 Dec 27 12:00:00 AM","Alliance Physical Therapy Partners","13,506","Ransomware","2,162","Health",,"2,022","2022","1,000-9,999","1-99","0","4","4","true","4",,"true","165","1-99","MI"
"2022 May 14 12:00:00 AM","2022 Jun 08 12:00:00 AM","Unauthorized Access","2022 May 07 12:00:00 AM","2022 May 07 12:00:00 AM","Choice Health Insurance, LLC","13,505",,"1,844","Health",,"2,022","2022","1,000-9,999","1-99","0","7","7","false","0","7","false","25","0","WA"
"2021 Dec 03 12:00:00 AM","2022 Jun 17 12:00:00 AM","Unauthorized Access","2021 Dec 03 12:00:00 AM","2021 Dec 04 12:00:00 AM","Flagstar Bank, FSB","13,499",,"34,026","Finance",,"2,022","2022","10,000-49,999","1-99","1","0","1","true","1",,"false","196","1-99","MI"
"2021 Dec 18 12:00:00 AM","2022 Jun 23 12:00:00 AM","Cyberattack","2021 May 21 12:00:00 AM","2021 Dec 18 12:00:00 AM","Great Smoky Mountains Association","13,498","Malware","2,862","Non-Profit/Charity",,"2,022","2022","1,000-9,999","200-299","0","211","211","true","211",,"true","187","200-299","TN"
"2022 May 04 12:00:00 AM","2022 Jun 22 12:00:00 AM","Unauthorized Access","2021 Dec 28 12:00:00 AM","2022 Jan 08 12:00:00 AM","Renton School District","13,493",,"20,509","Education",,"2,022","2022","10,000-49,999","100-199","0","127","127","false","11","116","false","49","1-99","WA"
"2022 Apr 20 12:00:00 AM","2022 Jun 15 12:00:00 AM","Cyberattack","2022 Mar 31 12:00:00 AM","2022 Apr 24 12:00:00 AM","Baptist Medical Center","13,492","Malware","920","Health",,"2,022","2022","500-999","1-99","4","20","24","true","24",,"false","56","1-99","TX"
"2022 Mar 28 12:00:00 AM","2022 Jun 06 12:00:00 AM","Cyberattack","2022 Jan 23 12:00:00 AM","2022 Apr 05 12:00:00 AM","Numrich Gun Parts Corporation","13,472","Malware","1,327","Business","Retail","2,022","2022","1,000-9,999","1-99","8","64","72","true","72",,"false","70","1-99","NY"
"2022 Mar 10 12:00:00 AM","2022 Jun 03 12:00:00 AM","Cyberattack","2022 Mar 10 12:00:00 AM","2022 Mar 17 12:00:00 AM","On Deck Capital, Inc.","13,471","Other","1,157","Finance",,"2,022","2022","1,000-9,999","1-99","7","0","7","true","7",,"false","85","1-99","NY"
"2022 Apr 05 12:00:00 AM","2022 Jun 03 12:00:00 AM","Cyberattack","2022 Apr 05 12:00:00 AM","2022 Apr 05 12:00:00 AM","Kaiser Foundation Health Plan of Washington","13,470","Phishing","69,589","Health",,"2,022","2022","50,000-999,999","0","0","0","0","true","0",,"true","59","0","WA"
"2021 Oct 20 12:00:00 AM","2022 Jun 03 12:00:00 AM","Theft or Mistake","2021 Nov 01 12:00:00 AM","2021 Nov 06 12:00:00 AM","Varsity Tutors LLC","13,469",,"655","Business","Other","2,022","2022","500-999","1-99","17","-12","5","true","5",,"false","226","1-99","MO"
"2022 Apr 21 12:00:00 AM","2022 Jun 02 12:00:00 AM","Cyberattack","2021 Jun 01 12:00:00 AM","2022 Jan 19 12:00:00 AM","Rainier Arms","13,468","Malware","6,493","Business","Retail","2,022","2022","1,000-9,999","300-399","0","324","324","false","232","92","false","42","200-299","WA"
"2021 Feb 21 12:00:00 AM","2022 Jun 02 12:00:00 AM","Cyberattack","2021 Feb 02 12:00:00 AM","2021 Feb 21 12:00:00 AM","The Lanier Law Firm  ","13,467","Ransomware","1,479","Business","Legal","2,022","2022","1,000-9,999","1-99","0","19","19","true","19",,"true","466","1-99","TX"
"2021 Dec 17 12:00:00 AM","2022 May 27 12:00:00 AM","Cyberattack","2021 Dec 10 12:00:00 AM","2021 Dec 14 12:00:00 AM","Lower LLC","13,450","Ransomware","3,806","Finance",,"2,022","2022","1,000-9,999","1-99","0","7","7","false","4","3","false","161","1-99","MD"
"2021 Nov 18 12:00:00 AM","2022 May 27 12:00:00 AM","Cyberattack","2021 Nov 04 12:00:00 AM","2021 Nov 18 12:00:00 AM","Private Client Services, LLC","13,449","Phishing","518","Finance",,"2,022","2022","500-999","1-99","0","14","14","true","14",,"true","190","1-99","WA"
"2021 Oct 17 12:00:00 AM","2022 Apr 27 12:00:00 AM","Unauthorized Access",,,"Medscan Laboratory, Inc. (Adaptive Health Integrations","13,448",,"2,968","Health",,"2,022","2022","1,000-9,999","Unknown",,,,"false",,,"false","192","Unknown","ND"
"2021 Dec 13 12:00:00 AM","2022 May 26 12:00:00 AM","Cyberattack","2021 Dec 03 12:00:00 AM","2021 Dec 15 12:00:00 AM","Shutterfly, LLC","13,447","Ransomware","1,273","Business","Retail","2,022","2022","1,000-9,999","1-99","2","10","12","true","12",,"false","164","1-99","CA"
"2022 Feb 25 12:00:00 AM","2022 May 26 12:00:00 AM","Unauthorized Access","2020 Dec 29 12:00:00 AM","2022 Mar 01 12:00:00 AM","Aon Plc","13,446",,"6,889","Finance",,"2,022","2022","1,000-9,999","400-499","4","423","427","true","427",,"false","90","400-499","IL"
"2022 Mar 26 12:00:00 AM","2022 May 25 12:00:00 AM","Unauthorized Access","2022 Mar 25 12:00:00 AM","2022 Mar 26 12:00:00 AM","Fred Hutchinson Cancer Center","13,445",,"78,834","Health",,"2,022","2022","50,000-999,999","1-99","0","1","1","true","1",,"true","60","1-99","WA"
"2022 Apr 25 12:00:00 AM","2022 May 25 12:00:00 AM","Cyberattack","2022 Mar 26 12:00:00 AM","2022 Apr 01 12:00:00 AM","Elephant Insurance Services, LLC","13,444","Other","937","Business","Other","2,022","2022","500-999","1-99","0","30","30","false","6","24","false","30","1-99","VA"
"2021 Dec 31 12:00:00 AM","2022 Apr 08 12:00:00 AM","Unauthorized Access","2021 Dec 28 12:00:00 AM","2021 Dec 30 12:00:00 AM","EMC National Life Company","13,407",,"2,666","Finance",,"2,022","2022","1,000-9,999","1-99","0","3","3","false","2","1","false","98","1-99","OR"
"2021 Oct 30 12:00:00 AM","2022 May 23 12:00:00 AM","Unauthorized Access","2021 Oct 30 12:00:00 AM","2021 Oct 30 12:00:00 AM","C.R. England, Inc.","13,400","Ransomware","4,143","Business","Shipping","2,022","2022","1,000-9,999","0","0","0","0","true","0",,"true","205","0","UT"
"2022 Mar 19 12:00:00 AM","2022 May 18 12:00:00 AM","Cyberattack","2022 Mar 19 12:00:00 AM","2022 Mar 19 12:00:00 AM","Partnership HealthPlan of California","13,399","Ransomware","1,352","Health",,"2,022","2022","1,000-9,999","0","0","0","0","true","0",,"true","60","0","CA"
"2022 Mar 14 12:00:00 AM","2022 May 12 12:00:00 AM","Unauthorized Access","2022 Mar 11 12:00:00 AM","2022 Mar 14 12:00:00 AM","Parker-Hannifin Corporation","13,398",,"4,597","Business","Manufacturing","2,022","2022","1,000-9,999","1-99","0","3","3","true","3",,"true","59","1-99","OH"
"2021 Jun 11 12:00:00 AM","2022 May 06 12:00:00 AM","Cyberattack","2021 Jun 06 12:00:00 AM","2021 Jun 10 12:00:00 AM","Cornish College of the Arts ","13,397","Ransomware","72,139","Education",,"2,022","2022","50,000-999,999","1-99","0","5","5","false","4","1","false","329","1-99","WA"
"2022 Jan 02 12:00:00 AM","2022 May 03 12:00:00 AM","Theft or Mistake","2021 Dec 31 12:00:00 AM","2021 Dec 31 12:00:00 AM","Wells Fargo Bank, N.A.","13,377",,"1,511","Finance",,"2,022","2022","1,000-9,999","1-99","0","2","2","false","0","2","false","121","0","CA"
"2022 Mar 28 12:00:00 AM","2022 Apr 28 12:00:00 AM","Theft or Mistake","2022 Mar 28 12:00:00 AM",,"Washington Department of Labor & Industries","13,376",,,"Government",,"2,022","2022","Unknown","Unknown",,"0",,"false",,,"false","31","Unknown","WA"
"2022 Jan 28 12:00:00 AM","2022 Apr 18 12:00:00 AM","Cyberattack","2021 Nov 10 12:00:00 AM","2021 Nov 11 12:00:00 AM","UNITE HERE Retirement Fund","13,367","Ransomware","584","Finance",,"2,022","2022","500-999","1-99","0","79","79","false","1","78","false","80","1-99",
"2021 Sep 26 12:00:00 AM","2022 Mar 25 12:00:00 AM","Unauthorized Access","2021 Sep 10 12:00:00 AM","2021 Sep 29 12:00:00 AM","Lincare Holdings, Inc.","13,355",,"37,050","Health",,"2,022","2022","10,000-49,999","1-99","3","16","19","true","19",,"false","180","1-99","FL"
"2023 Nov 03 12:00:00 AM","2024 Mar 01 12:00:00 AM","Cyberattack","2023 Oct 29 12:00:00 AM","2023 Nov 02 12:00:00 AM","Fidelity Investments Life Insurance Company & Empire Fidelit","16,564","Other","768","Finance",,"2,024","2024","500-999","1-99","0","5","5","false","4","1","false","119","1-99","WA"
"2022 Dec 14 12:00:00 AM","2024 Mar 20 12:00:00 AM","Cyberattack","2022 Dec 06 12:00:00 AM","2022 Dec 14 12:00:00 AM","Monmouth College","16,565","Ransomware","677","Education",,"2,024","2024","500-999","1-99","0","8","8","true","8",,"true","462","1-99","IL"
"2024 Feb 16 12:00:00 AM","2024 Mar 18 12:00:00 AM","Theft or Mistake","2024 Feb 15 12:00:00 AM",,"V12 Software, Inc. ","16,567",,"11,151","Business","Web Services","2,024","2024","10,000-49,999","Unknown",,"1",,"false",,,"false","31","Unknown","DE"
"2021 May 12 12:00:00 AM","2024 Mar 20 12:00:00 AM","Cyberattack","2021 Apr 20 12:00:00 AM",,"U.S.Vision, Inc.","16,568","Ransomware","8,308","Business","Retail","2,024","2024","1,000-9,999","Unknown",,"22",,"false",,,"false","1,043","Unknown","NJ"
"2024 Jan 26 12:00:00 AM","2024 Mar 19 12:00:00 AM","Theft or Mistake","2024 Jan 26 12:00:00 AM","2024 Jan 31 12:00:00 AM","Dial Temporary Help Service, Inc. dba Employers Overload","16,569",,"528","Business","Professional Services","2,024","2024","500-999","1-99","5","0","5","true","5",,"false","53","1-99","OR"
"2023 Oct 30 12:00:00 AM","2024 Mar 20 12:00:00 AM","Cyberattack","2023 Oct 25 12:00:00 AM","2023 Oct 29 12:00:00 AM","Axiom Construction and Consulting","16,570","Ransomware","1,127","Business","Construction","2,024","2024","1,000-9,999","1-99","0","5","5","false","4","1","false","142","1-99","WA"
"2024 Feb 13 12:00:00 AM","2024 Mar 18 12:00:00 AM","Cyberattack","2024 Feb 12 12:00:00 AM","2024 Feb 13 12:00:00 AM","Bethel School District","16,571","Ransomware","28,645","Education",,"2,024","2024","10,000-49,999","1-99","0","1","1","true","1",,"true","34","1-99","WA"
"2023 Nov 16 12:00:00 AM","2024 Mar 22 12:00:00 AM","Cyberattack","2023 Oct 30 12:00:00 AM","2023 Nov 16 12:00:00 AM","GardaWorld Cash U.S.","16,572","Malware","684","Business","Other","2,024","2024","500-999","1-99","0","17","17","true","17",,"true","127","1-99","FL"
"2024 Feb 05 12:00:00 AM","2024 Feb 29 12:00:00 AM","Cyberattack","2023 Oct 29 12:00:00 AM","2023 Nov 02 12:00:00 AM","The Northwestern Mutual Life Insurance Company","16,573","Ransomware","1,025","Finance",,"2,024","2024","1,000-9,999","1-99","0","99","99","false","4","95","false","24","1-99","WI"
"2023 Mar 03 12:00:00 AM","2024 Mar 22 12:00:00 AM","Cyberattack","2023 Mar 03 12:00:00 AM","2023 Mar 03 12:00:00 AM","Lewis and Clark College","16,588","Ransomware","9,725","Education",,"2,024","2024","1,000-9,999","0","0","0","0","true","0",,"true","385","0","OR"
"2024 Mar 26 12:00:00 AM","2024 Apr 10 12:00:00 AM","Theft or Mistake","2024 Mar 26 12:00:00 AM","2024 Mar 26 12:00:00 AM","AT&T Inc.","16,688",,"378,471","Business","Telecommunications","2,024","2024","50,000-999,999","0","0","0","0","true","0",,"true","15","0","TX"
"2023 Jul 26 12:00:00 AM","2024 Apr 16 12:00:00 AM","Cyberattack","2023 May 30 12:00:00 AM",,"CVS, the Blue Cross Blue Shield Federal Employee Program (Welltok, Inc.)","16,689","Malware","4,479","Finance","Other","2,024","2024","1,000-9,999","Unknown",,"57",,"false",,,"false","265","Unknown",
"2023 Oct 20 12:00:00 AM","2024 Apr 19 12:00:00 AM","Cyberattack","2023 May 30 12:00:00 AM",,"Premera Blue Cross (Welltok, Inc.)","16,714","Malware","2,384","Finance",,"2,024","2024","1,000-9,999","Unknown",,"143",,"false",,,"false","182","Unknown",
"2023 May 30 12:00:00 AM","2024 Apr 16 12:00:00 AM","Cyberattack",,,"Greylock McKinnon & Associates","16,715","Unclear/unknown","1,323","Business","Legal","2,024","2024","1,000-9,999","Unknown",,,,"false",,,"false","322","Unknown","MA"
"2024 Feb 28 12:00:00 AM","2024 Apr 02 12:00:00 AM","Cyberattack","2024 Feb 21 12:00:00 AM","2024 Feb 22 12:00:00 AM","On Q Financial","16,716","Other","18,757","Finance",,"2,024","2024","10,000-49,999","1-99","0","7","7","false","1","6","false","34","1-99","AZ"
"2023 Apr 07 12:00:00 AM","2024 Apr 19 12:00:00 AM","Cyberattack","2023 Apr 06 12:00:00 AM","2023 Apr 07 12:00:00 AM","Centennial Bank","16,717","Ransomware","3,044","Finance",,"2,024","2024","1,000-9,999","1-99","0","1","1","true","1",,"true","378","1-99","AR"
"2023 Sep 05 12:00:00 AM","2024 Apr 04 12:00:00 AM","Cyberattack","2023 Aug 25 12:00:00 AM","2023 Aug 25 12:00:00 AM","Pacific Guardian Life Insurance Company, Limited","16,718","Phishing","1,950","Business","Other","2,024","2024","1,000-9,999","1-99","0","11","11","false","0","11","false","212","0","HI"
"2023 Apr 04 12:00:00 AM","2024 Apr 11 12:00:00 AM","Cyberattack","2023 Apr 04 12:00:00 AM","2023 Apr 04 12:00:00 AM","Mississippi Children's Home Services, Inc., Mississippi Chil","16,727","Ransomware","2,477","Non-Profit/Charity",,"2,024","2024","1,000-9,999","0","0","0","0","true","0",,"true","373","0","MS"
"2024 Feb 26 12:00:00 AM","2024 Apr 26 12:00:00 AM","Cyberattack","2024 Feb 14 12:00:00 AM","2024 Feb 26 12:00:00 AM","Financial Business and Consumer Solutions, Inc.","16,825","Ransomware","25,175","Business","Other","2,024","2024","10,000-49,999","1-99","0","12","12","true","12",,"true","60","1-99","PA"
"2023 May 31 12:00:00 AM","2024 Feb 26 12:00:00 AM","Cyberattack","2023 May 27 12:00:00 AM","2023 May 31 12:00:00 AM","Kirkland & Ellis LLP on behalf of the Fed. Way Sch. Dist. ","16,826","Other","35,274","Business","Legal","2,024","2024","10,000-49,999","1-99","0","4","4","true","4",,"true","271","1-99","IL"
"2023 Oct 20 12:00:00 AM","2024 Mar 22 12:00:00 AM","Cyberattack","2023 Oct 20 12:00:00 AM","2023 Oct 20 12:00:00 AM","Fox Specialties Inc. Trading As Encompass Elements","16,827","Ransomware","1,601","Business","Other","2,024","2024","1,000-9,999","0","0","0","0","true","0",,"true","154","0","PA"
"2024 Mar 04 12:00:00 AM","2024 Apr 23 12:00:00 AM","Cyberattack","2024 Feb 04 12:00:00 AM","2024 Mar 04 12:00:00 AM","Valley Veterinary Clinic, LLC","16,828","Skimmers","661","Business","Retail","2,024","2024","500-999","1-99","0","29","29","true","29",,"true","50","1-99","KS"
"2026 Feb 24 12:00:00 AM","2026 May 05 12:00:00 AM","Unauthorized Access","2026 Feb 19 12:00:00 AM","2026 Feb 24 12:00:00 AM","TransGlobal Insurance Agency","23,856",,"1,880","Finance","Other","2,026","2026","1,000-9,999","1-99","0","5","5","true","5",,"true","70","1-99","NV"
"2023 Nov 16 12:00:00 AM","2023 Dec 15 12:00:00 AM","Cyberattack",,,"Berkshire Production Supply, LLC d/b/a Berkshire eSupply","16,830","Unclear/unknown","712","Business","Manufacturing","2,024","2024","500-999","Unknown",,,,"false",,,"false","29","Unknown","MI"
"2023 Oct 28 12:00:00 AM","2024 Apr 30 12:00:00 AM","Cyberattack","2023 Aug 19 12:00:00 AM","2023 Oct 29 12:00:00 AM","OE Federal Credit Union","16,831","Ransomware","3,268","Finance",,"2,024","2024","1,000-9,999","1-99","1","70","71","true","71",,"false","185","1-99","CA"
"2024 Mar 02 12:00:00 AM","2024 May 01 12:00:00 AM","Cyberattack","2024 Apr 29 12:00:00 AM","2024 Mar 02 12:00:00 AM","United Seating and Mobility, L.L.C., d/b/a Numotion ","16,832","Ransomware","35,143","Health",,"2,024","2024","10,000-49,999","0","0","-58","-58","true","-58",,"true","60","0","TN"
"2024 Mar 29 12:00:00 AM","2024 May 03 12:00:00 AM","Cyberattack","2024 Mar 29 12:00:00 AM","2024 Apr 03 12:00:00 AM","Electric Mirror LLC","16,833","Ransomware","1,313","Business","Retail","2,024","2024","1,000-9,999","1-99","5","0","5","true","5",,"false","35","1-99","WA"
"2023 Sep 13 12:00:00 AM","2024 Apr 12 12:00:00 AM","Cyberattack","2023 Sep 08 12:00:00 AM","2023 Sep 13 12:00:00 AM","Goddard Systems, LLC","16,834","Phishing","640","Education",,"2,024","2024","500-999","1-99","0","5","5","true","5",,"true","212","1-99","PA"
"2024 Mar 10 12:00:00 AM","2024 Apr 30 12:00:00 AM","Cyberattack","2024 Mar 07 12:00:00 AM","2024 Mar 11 12:00:00 AM","Panda Restaurant Group, Inc. (PRG)","16,837","Malware","6,916","Business","Hospitality","2,024","2024","1,000-9,999","1-99","1","3","4","true","4",,"false","51","1-99","CA"
"2023 Oct 29 12:00:00 AM","2024 Apr 01 12:00:00 AM","Cyberattack","2023 Oct 27 12:00:00 AM","2023 Oct 29 12:00:00 AM","Ace Hardware Corporation","16,838","Ransomware","613","Business","Retail","2,024","2024","500-999","1-99","0","2","2","true","2",,"true","155","1-99","WA"
"2023 May 30 12:00:00 AM","2024 Apr 29 12:00:00 AM","Cyberattack","2022 Oct 30 12:00:00 AM","2023 May 30 12:00:00 AM","Wescom Central Credit Union","16,839","Malware","557","Finance",,"2,024","2024","500-999","200-299","0","212","212","true","212",,"true","335","200-299","CA"
"2023 Jun 27 12:00:00 AM","2024 Apr 19 12:00:00 AM","Cyberattack","2023 Jun 26 12:00:00 AM","2024 Jun 27 12:00:00 AM","Green Diamond Resource Company","16,840","Ransomware","9,532","Business","Other","2,024","2024","1,000-9,999","300-399","366","1","367","true","367",,"false","297","300-399","WA"
"2024 Jan 22 12:00:00 AM","2024 Apr 26 12:00:00 AM","Cyberattack","2024 Jan 18 12:00:00 AM","2024 Jan 18 12:00:00 AM","Designed Receivable Solutions, Inc.","16,841","Ransomware","1,131","Finance",,"2,024","2024","1,000-9,999","1-99","0","4","4","false","0","4","false","95","0","CA"
"2024 Jan 10 12:00:00 AM","2024 Mar 26 12:00:00 AM","Cyberattack","2024 Jan 08 12:00:00 AM","2024 Jan 10 12:00:00 AM","Orsini Pharmaceutical Services","16,842","Phishing","832","Health",,"2,024","2024","500-999","1-99","0","2","2","true","2",,"true","76","1-99","IL"
"2023 Nov 02 12:00:00 AM","2023 Dec 19 12:00:00 AM","Cyberattack","2023 Nov 01 12:00:00 AM","2023 Nov 03 12:00:00 AM","Recology Inc. (“Recology”)","16,896","Ransomware","3,540","Business","Other","2,024","2024","1,000-9,999","1-99","1","1","2","true","2",,"false","47","1-99","CA"
"2024 Feb 05 12:00:00 AM","2024 Apr 23 12:00:00 AM","Cyberattack","2024 Feb 04 12:00:00 AM","2024 Feb 14 12:00:00 AM","Prudential Insurance Company of America","16,933","Phishing","872","Finance",,"2,024","2024","500-999","1-99","9","1","10","true","10",,"false","78","1-99","NJ"
"2024 Apr 10 12:00:00 AM","2024 May 28 12:00:00 AM","Unauthorized Access","2023 Oct 01 12:00:00 AM","2024 Apr 01 12:00:00 AM","HealthFirst Urgent Care, PLLC","16,949",,"4,111","Health",,"2,024","2024","1,000-9,999","100-199","0","192","192","false","183","9","false","48","100-199","WA"
"2023 Nov 18 12:00:00 AM","2024 Mar 28 12:00:00 AM","Unauthorized Access","2023 Nov 18 12:00:00 AM","2023 Nov 25 12:00:00 AM","Hot Topic, Inc.","16,950",,"3,655","Business","Retail","2,024","2024","1,000-9,999","1-99","7","0","7","true","7",,"false","131","1-99","CA"
"2024 Feb 01 12:00:00 AM","2024 Apr 01 12:00:00 AM","Cyberattack","2024 Jan 16 12:00:00 AM","2024 Feb 04 12:00:00 AM","Northern Idaho Advanced Care Hospital","16,951","Ransomware","2,728","Health",,"2,024","2024","1,000-9,999","1-99","3","16","19","true","19",,"false","60","1-99","ID"
"2023 Oct 13 12:00:00 AM","2024 Apr 02 12:00:00 AM","Cyberattack","2023 Jul 07 12:00:00 AM","2023 Oct 15 12:00:00 AM","City of Hope","16,953","Other","3,784","Health",,"2,024","2024","1,000-9,999","100-199","2","98","100","true","100",,"false","172","100-199","CA"
"2024 Apr 12 12:00:00 AM","2024 May 24 12:00:00 AM","Cyberattack","2024 Mar 25 12:00:00 AM","2024 Apr 12 12:00:00 AM","TRC Staffing Services, Inc. d/b/a TRC Talent Solutions","16,954","Ransomware","2,792","Business","Other","2,024","2024","1,000-9,999","1-99","0","18","18","true","18",,"true","42","1-99","GA"
"2024 Feb 07 12:00:00 AM","2024 Apr 04 12:00:00 AM","Unauthorized Access","2024 Jan 25 12:00:00 AM","2024 Jan 25 12:00:00 AM","Dental Health Services","16,955",,"1,778","Finance",,"2,024","2024","1,000-9,999","1-99","0","13","13","false","0","13","false","57","0","WA"
"2023 May 31 12:00:00 AM","2024 Mar 29 12:00:00 AM","Unauthorized Access","2023 May 28 12:00:00 AM",,"University System of Georgia","16,960","Malware","1,000","Education",,"2,024","2024","1,000-9,999","Unknown",,"3",,"false",,,"false","303","Unknown","GA"
"2024 Feb 26 12:00:00 AM","2024 Apr 18 12:00:00 AM","Unauthorized Access","2021 Aug 26 12:00:00 AM","2024 Feb 26 12:00:00 AM","JPMorgan Chase Bank, N.A.","16,994",,"4,513","Finance",,"2,024","2024","1,000-9,999","500+","0","914","914","true","914",,"true","52","500+","NJ"
"2023 Oct 17 12:00:00 AM","2024 Jun 04 12:00:00 AM","Cyberattack","2023 Oct 17 12:00:00 AM","2023 Oct 17 12:00:00 AM","Assist System, LLC and Medjet Assistance, LLC","16,996","Ransomware","9,142","Business","Other","2,024","2024","1,000-9,999","0","0","0","0","true","0",,"true","231","0","AL"
"2024 Apr 30 12:00:00 AM","2024 May 24 12:00:00 AM","Unauthorized Access","2023 Oct 03 12:00:00 AM","2023 Oct 10 12:00:00 AM","A&A Services, d/b/a Sav-Rx","16,997",,"69,051","Health",,"2,024","2024","50,000-999,999","200-299","0","210","210","false","7","203","false","24","1-99","NE"
"2024 Feb 15 12:00:00 AM","2024 Jun 06 12:00:00 AM","Cyberattack","2024 Feb 15 12:00:00 AM","2024 Feb 15 12:00:00 AM","My Daily Choice, Inc.","17,047","Ransomware","1,593","Business","Retail","2,024","2024","1,000-9,999","0","0","0","0","true","0",,"true","112","0","NV"
"2023 Dec 06 12:00:00 AM","2024 May 22 12:00:00 AM","Cyberattack","2023 Dec 04 12:00:00 AM","2023 Dec 06 12:00:00 AM","Trionfo Solutions, LLC ","17,048","Ransomware","849","Business","Professional Services","2,024","2024","500-999","1-99","0","2","2","true","2",,"true","168","1-99","WA"
"2024 Feb 01 12:00:00 AM","2024 Apr 01 12:00:00 AM","Cyberattack","2024 Jan 16 12:00:00 AM","2024 Feb 04 12:00:00 AM","Rehabilitation Hospital of the Northwest","17,049","Ransomware","728","Health",,"2,024","2024","500-999","1-99","3","16","19","true","19",,"false","60","1-99","ID"
"2023 May 31 12:00:00 AM","2024 Jun 12 12:00:00 AM","Cyberattack","2023 May 27 12:00:00 AM","2023 May 31 12:00:00 AM","Kirkland & Ellis LLP","17,050","Other","810","Business","Legal","2,024","2024","500-999","1-99","0","4","4","true","4",,"true","378","1-99","IL"
"2024 Mar 19 12:00:00 AM","2024 May 24 12:00:00 AM","Cyberattack","2024 Feb 05 12:00:00 AM","2024 Feb 22 12:00:00 AM","New York Life Investment Management LLC","17,055","Malware","772","Finance",,"2,024","2024","500-999","1-99","0","43","43","false","17","26","false","66","1-99","NJ"
"2024 Mar 07 12:00:00 AM","2024 May 08 12:00:00 AM","Cyberattack","2023 Oct 16 12:00:00 AM","2024 Mar 07 12:00:00 AM","Bodyartforms LLC","17,068","Other","558","Business","Retail","2,024","2024","500-999","100-199","0","143","143","true","143",,"true","62","100-199","TX"
"2023 Aug 05 12:00:00 AM","2024 May 24 12:00:00 AM","Cyberattack","2023 Jul 17 12:00:00 AM","2023 Aug 05 12:00:00 AM","Messner Reeves on behalf of Chipotle Mexican Grill, Inc.","17,085","Ransomware","678","Business","Legal","2,024","2024","500-999","1-99","0","19","19","true","19",,"true","293","1-99","CO"
"2023 Sep 14 12:00:00 AM","2024 May 01 12:00:00 AM","Cyberattack","2023 Sep 07 12:00:00 AM","2023 Sep 14 12:00:00 AM","Greenpoint Technologies, Inc.  ","17,086","Ransomware","1,017","Business","Manufacturing","2,024","2024","1,000-9,999","1-99","0","7","7","true","7",,"true","230","1-99","WA"
"2024 Mar 23 12:00:00 AM","2024 Jun 13 12:00:00 AM","Cyberattack","2024 Feb 09 12:00:00 AM","2024 Mar 23 12:00:00 AM","Panera, LLC","17,118","Ransomware","811","Business","Retail","2,024","2024","500-999","1-99","0","43","43","true","43",,"true","82","1-99","MO"
"2023 Dec 12 12:00:00 AM","2024 Jun 13 12:00:00 AM","Unauthorized Access","2023 Nov 22 12:00:00 AM","2023 Dec 12 12:00:00 AM","Atria Wealth Solutions","17,120",,"779","Finance",,"2,024","2024","500-999","1-99","0","20","20","true","20",,"true","184","1-99","CA"
"2024 Apr 10 12:00:00 AM","2024 May 21 12:00:00 AM","Cyberattack","2024 Feb 21 12:00:00 AM","2024 Feb 21 12:00:00 AM","AbbVie, Inc. (The Lash Group, LLC)","17,138","Malware","7,931","Health",,"2,024","2024","1,000-9,999","1-99","0","49","49","false","0","49","false","41","0","WA"
"2026 Mar 17 12:00:00 AM","2026 Jul 24 12:00:00 AM","Unauthorized Access","2026 Feb 12 12:00:00 AM","2026 Feb 13 12:00:00 AM","Eyemart Express, LLC","24,750",,"1,704","Health",,"2,027","2027","1,000-9,999","1-99","0","33","33","false","1","32","false","129","1-99","TX"
"2026 Jun 08 12:00:00 AM","2026 Jul 27 12:00:00 AM","Cyberattack","2026 May 08 12:00:00 AM","2026 Jun 22 12:00:00 AM","SPay Inc dba Stack Sports","24,886","Skimmers","1,190","Business","Other","2,027","2027","1,000-9,999","1-99","14","31","45","true","45",,"false","49","1-99","TX"
"2026 Mar 26 12:00:00 AM","2026 Jul 27 12:00:00 AM","Cyberattack","2026 Mar 26 12:00:00 AM","2026 Mar 26 12:00:00 AM","JRK Property Holdings, Inc.","24,887","Ransomware","5,667","Business","Real Estate","2,027","2027","1,000-9,999","0","0","0","0","true","0",,"true","123","0","CA"
"2026 Apr 20 12:00:00 AM","2026 Jul 28 12:00:00 AM","Unauthorized Access","2026 Apr 20 12:00:00 AM","2026 Apr 20 12:00:00 AM","ADT, Inc.","24,888",,"5,129","Business","Other","2,027","2027","1,000-9,999","0","0","0","0","true","0",,"true","99","0","FL"
"2024 Feb 21 12:00:00 AM","2024 May 17 12:00:00 AM","Cyberattack","2024 Feb 21 12:00:00 AM","2024 Feb 21 12:00:00 AM","Bristol Myers Squibb/Bristol Myers Squibb Patient Assistance Foundation (The Lash Group, LLC)","17,139","Malware","34,644","Health",,"2,024","2024","10,000-49,999","0","0","0","0","true","0",,"true","86","0","PA"
"2024 Feb 21 12:00:00 AM","2024 May 21 12:00:00 AM","Cyberattack","2024 Feb 21 12:00:00 AM","2024 Feb 21 12:00:00 AM","Acadia Pharmaceuticals, Inc. (The Lash Group, LLC)","17,140","Malware","851","Health",,"2,024","2024","500-999","0","0","0","0","true","0",,"true","90","0","PA"
"2024 May 09 12:00:00 AM","2024 Jun 07 12:00:00 AM","Cyberattack","2024 May 08 12:00:00 AM","2024 May 09 12:00:00 AM","Christie’s Inc.","17,157","Ransomware","985","Business","Other","2,024","2024","500-999","1-99","0","1","1","true","1",,"true","29","1-99","NY"
"2024 Apr 10 12:00:00 AM","2024 May 30 12:00:00 AM","Cyberattack","2024 Feb 21 12:00:00 AM","2024 Feb 21 12:00:00 AM","Amgen, Inc. (The Lash Group, LLC)","17,167","Malware","14,081","Health",,"2,024","2024","10,000-49,999","1-99","0","49","49","false","0","49","false","50","0","PA"
"2024 Apr 10 12:00:00 AM","2024 May 23 12:00:00 AM","Cyberattack","2024 Feb 21 12:00:00 AM","2024 Feb 21 12:00:00 AM","Dendreon Pharmaceuticals (The Lash Group, LLC)","17,168","Malware","920","Health",,"2,024","2024","500-999","1-99","0","49","49","false","0","49","false","43","0","PA"
"2024 Apr 10 12:00:00 AM","2024 May 24 12:00:00 AM","Cyberattack","2024 Feb 21 12:00:00 AM","2024 Feb 21 12:00:00 AM","GlaxoSmithKline Group of Companies/GSK Patient Access Programs Foundation (The Lash Group, LLC)","17,169","Malware","6,617","Health",,"2,024","2024","1,000-9,999","1-99","0","49","49","false","0","49","false","44","0","PA"
"2024 Apr 10 12:00:00 AM","2024 May 22 12:00:00 AM","Cyberattack","2024 Feb 21 12:00:00 AM","2024 Feb 21 12:00:00 AM","Novartis Pharmaceuticals Corporation (The Lash Group, LLC)","17,170","Malware","2,520","Health",,"2,024","2024","1,000-9,999","1-99","0","49","49","false","0","49","false","42","0","NJ"
"2024 Apr 10 12:00:00 AM","2024 May 23 12:00:00 AM","Cyberattack","2024 Feb 21 12:00:00 AM","2024 Feb 21 12:00:00 AM","Incyte Corporation (The Lash Group, LLC)","17,171","Malware","745","Health",,"2,024","2024","500-999","1-99","0","49","49","false","0","49","false","43","0","PA"
"2024 Apr 10 12:00:00 AM","2024 Jun 07 12:00:00 AM","Cyberattack","2024 Feb 21 12:00:00 AM","2024 Feb 21 12:00:00 AM","Pfizer, Inc. (The Lash Group, LLC)","17,172","Malware","2,650","Health",,"2,024","2024","1,000-9,999","1-99","0","49","49","false","0","49","false","58","0","PA"
"2024 Apr 10 12:00:00 AM","2024 May 31 12:00:00 AM","Cyberattack","2024 Feb 21 12:00:00 AM","2024 Feb 21 12:00:00 AM","Rayner Surgical Inc. (The Lash Group, LLC)","17,173","Malware","829","Health",,"2,024","2024","500-999","1-99","0","49","49","false","0","49","false","51","0","PA"
"2024 Apr 10 12:00:00 AM","2024 May 22 12:00:00 AM","Cyberattack","2024 Feb 21 12:00:00 AM","2024 Feb 21 12:00:00 AM","Regeneron Pharmaceuticals, Inc. (The Lash Group, LLC)","17,174","Malware","13,958","Health",,"2,024","2024","10,000-49,999","1-99","0","49","49","false","0","49","false","42","0","PA"
"2024 Apr 10 12:00:00 AM","2024 May 28 12:00:00 AM","Cyberattack","2024 Feb 21 12:00:00 AM","2024 Feb 21 12:00:00 AM","Johnson & Johnson Services, Inc. (The Lash Group, LLC)","17,175","Malware","5,954","Health",,"2,024","2024","1,000-9,999","1-99","0","49","49","false","0","49","false","48","0","PA"
"2024 Apr 10 12:00:00 AM","2024 May 28 12:00:00 AM","Cyberattack","2024 Feb 21 12:00:00 AM","2024 Feb 21 12:00:00 AM","Johnson & Johnson Patient Assistance Foundation, Inc. (The Lash Group, LLC)","17,176","Malware","12,835","Health",,"2,024","2024","10,000-49,999","1-99","0","49","49","false","0","49","false","48","0","PA"
"2024 Apr 10 12:00:00 AM","2024 May 30 12:00:00 AM","Cyberattack","2024 Feb 21 12:00:00 AM","2024 Feb 21 12:00:00 AM","Sanofi US Services Inc. (The Lash Group, LLC)","17,177","Malware","24,496","Health",,"2,024","2024","10,000-49,999","1-99","0","49","49","false","0","49","false","50","0","PA"
"2024 Apr 10 12:00:00 AM","2024 May 31 12:00:00 AM","Cyberattack","2024 Feb 21 12:00:00 AM","2024 Feb 21 12:00:00 AM","Takeda Pharmaceuticals U.S.A., Inc. (The Lash Group, LLC)","17,178","Malware","889","Health",,"2,024","2024","500-999","1-99","0","49","49","false","0","49","false","51","0","PA"
"2024 Jun 13 12:00:00 AM","2024 Jun 21 12:00:00 AM","Unauthorized Access","2024 Jun 13 12:00:00 AM","2024 Jun 13 12:00:00 AM","Levi Strauss & Co.","17,179",,"640","Business","Retail","2,024","2024","500-999","0","0","0","0","true","0",,"true","8","0","CA"
"2023 Nov 27 12:00:00 AM","2024 Jul 09 12:00:00 AM","Cyberattack","2023 Nov 02 12:00:00 AM","2023 Nov 26 12:00:00 AM","New York School of Interior Design","17,217","Ransomware","755","Education",,"2,024","2024","500-999","1-99","0","25","25","false","24","1","false","225","1-99","NY"
"2024 May 23 12:00:00 AM","2024 Jul 10 12:00:00 AM","Unauthorized Access","2024 Apr 14 12:00:00 AM","2024 May 24 12:00:00 AM","Advance Stores Company, Incorporated (Advanced Auto Parts)","17,218",,"21,791","Business","Retail","2,024","2024","10,000-49,999","1-99","1","39","40","true","40",,"false","48","1-99","NC"
"2024 May 13 12:00:00 AM","2024 Jul 11 12:00:00 AM","Theft or Mistake","2024 May 13 12:00:00 AM","2024 May 13 12:00:00 AM","Family Dynamics Counseling Services, Inc. ","17,219",,"3,129","Health",,"2,024","2024","1,000-9,999","0","0","0","0","true","0",,"true","59","0","WA"
"2023 Dec 18 12:00:00 AM","2024 Jun 10 12:00:00 AM","Cyberattack","2023 Dec 18 12:00:00 AM","2024 Jan 02 12:00:00 AM","First American Financial Corporation","17,222","Ransomware","706","Finance",,"2,024","2024","500-999","1-99","15","0","15","true","15",,"false","175","1-99","CA"
"2024 May 23 12:00:00 AM","2024 Jun 22 12:00:00 AM","Unauthorized Access","2024 Apr 02 12:00:00 AM","2024 May 18 12:00:00 AM","Ticketmaster LLC","17,223",,"500","Business","Entertainment","2,024","2024","500-999","1-99","0","51","51","false","46","5","false","30","1-99","CA"
"2023 Jun 05 12:00:00 AM","2024 Jun 28 12:00:00 AM","Cyberattack","2023 May 31 12:00:00 AM","2023 Jun 05 12:00:00 AM","Adapt Health (Philips Respironics, Inc.) ","17,224","Ransomware","1,200","Health",,"2,024","2024","1,000-9,999","1-99","0","5","5","true","5",,"true","389","1-99","PA"
"2023 Jun 05 12:00:00 AM","2024 Jun 03 12:00:00 AM","Cyberattack","2023 May 31 12:00:00 AM","2023 Jun 05 12:00:00 AM","Rotech Healthcare (Philips Respironics, Inc.)","17,225","Ransomware","2,802","Health",,"2,024","2024","1,000-9,999","1-99","0","5","5","true","5",,"true","364","1-99","PA"
"2023 May 31 12:00:00 AM","2024 Jun 03 12:00:00 AM","Cyberattack","2023 May 31 12:00:00 AM","2023 Jun 05 12:00:00 AM","Kaiser Foundation Health Plan, Inc. (Philips Respironics, Inc.)","17,226","Ransomware","17,530","Health",,"2,024","2024","10,000-49,999","1-99","5","0","5","true","5",,"false","369","1-99","PA"
"2023 Oct 22 12:00:00 AM","2024 Jul 16 12:00:00 AM","Cyberattack","2023 Oct 22 12:00:00 AM","2023 Oct 22 12:00:00 AM","FCDG Management, LLC","17,228","Ransomware","1,454","Health",,"2,024","2024","1,000-9,999","0","0","0","0","true","0",,"true","268","0","WI"
"2024 Apr 08 12:00:00 AM","2024 Jun 11 12:00:00 AM","Unauthorized Access","2024 Apr 08 12:00:00 AM",,"Rairdon Automotive Group","17,229",,"2,301","Business","Retail","2,024","2024","1,000-9,999","Unknown",,"0",,"false",,,"false","64","Unknown",
"2023 Dec 28 12:00:00 AM","2024 May 08 12:00:00 AM","Unauthorized Access","2023 Mar 06 12:00:00 AM","2023 May 12 12:00:00 AM","WebTPA","17,230",,"38,420","Business","Professional Services","2,024","2024","10,000-49,999","200-299","0","297","297","false","67","230","false","132","1-99","TX"
"2023 Aug 11 12:00:00 AM","2024 Jul 10 12:00:00 AM","Cyberattack","2023 Aug 08 12:00:00 AM","2023 Aug 11 12:00:00 AM","Coalition for the Common Good dba Antioch University","17,248","Ransomware","4,276","Education",,"2,024","2024","1,000-9,999","1-99","0","3","3","true","3",,"true","334","1-99","OH"
"2024 May 29 12:00:00 AM","2024 Jul 08 12:00:00 AM","Cyberattack","2024 Feb 09 12:00:00 AM","2024 May 31 12:00:00 AM","Evolve Bank & Trust","17,249","Ransomware","275,716","Finance",,"2,024","2024","50,000-999,999","100-199","2","110","112","true","112",,"false","40","100-199","TN"
"2024 Jun 06 12:00:00 AM","2024 Jul 15 12:00:00 AM","Cyberattack","2024 Jun 06 12:00:00 AM","2024 Jun 06 12:00:00 AM","Rite Aid Corporation","17,250","Phishing","96,270","Health",,"2,024","2024","50,000-999,999","0","0","0","0","true","0",,"true","39","0","PA"
"2023 Sep 14 12:00:00 AM","2024 Apr 25 12:00:00 AM","Cyberattack","2023 Sep 12 12:00:00 AM","2023 Sep 14 12:00:00 AM","Berry, Dunn, McNeil & Parker, LLC","17,251","Ransomware","1,888","Business","Professional Services","2,024","2024","1,000-9,999","1-99","0","2","2","true","2",,"true","224","1-99","ME"
"2024 May 24 12:00:00 AM","2024 Jun 24 12:00:00 AM","Cyberattack","2024 Apr 14 12:00:00 AM","2024 May 24 12:00:00 AM","The Neiman Marcus Group LLC ","17,252","Other","11,049","Business","Retail","2,024","2024","10,000-49,999","1-99","0","40","40","true","40",,"true","31","1-99","TX"
"2024 Mar 25 12:00:00 AM","2024 Jun 14 12:00:00 AM","Cyberattack","2024 Jan 10 12:00:00 AM","2024 Apr 02 12:00:00 AM","Scout Energy Management LLC","17,254","Ransomware","1,186","Business","Professional Services","2,024","2024","1,000-9,999","1-99","8","75","83","true","83",,"false","81","1-99","TX"
"2023 Nov 19 12:00:00 AM","2024 Jun 21 12:00:00 AM","Cyberattack","2023 Oct 26 12:00:00 AM","2023 Nov 23 12:00:00 AM","LivaNova USA, Inc.","17,307","Ransomware","2,116","Health",,"2,024","2024","1,000-9,999","1-99","4","24","28","true","28",,"false","215","1-99","TX"
"2024 Mar 19 12:00:00 AM","2024 Jul 26 12:00:00 AM","Cyberattack","2024 Feb 05 12:00:00 AM","2024 Mar 21 12:00:00 AM","DG3 North America, Inc.","17,310","Ransomware","2,670","Business","Other","2,025","2025","1,000-9,999","1-99","2","43","45","true","45",,"false","129","1-99","NJ"
"2024 Feb 22 12:00:00 AM","2024 Jul 24 12:00:00 AM","Unauthorized Access","2024 Feb 22 12:00:00 AM","2024 Feb 24 12:00:00 AM","Spokane County Title","17,311",,"4,887","Business","Real Estate","2,025","2025","1,000-9,999","1-99","2","0","2","true","2",,"false","153","1-99","WA"
"2023 Nov 02 12:00:00 AM","2024 Jun 27 12:00:00 AM","Cyberattack","2023 Oct 29 12:00:00 AM","2023 Nov 02 12:00:00 AM","Infosys McCamish Systems, LLC ","17,312","Ransomware","43,393","Business","Software","2,024","2024","10,000-49,999","1-99","0","4","4","true","4",,"true","238","1-99","GA"
"2024 Feb 26 12:00:00 AM","2024 Jul 11 12:00:00 AM","Cyberattack","2024 Feb 24 12:00:00 AM","2024 Feb 26 12:00:00 AM","Therapeutic Health Services","17,313","Ransomware","24,281","Non-Profit/Charity",,"2,024","2024","10,000-49,999","1-99","0","2","2","true","2",,"true","136","1-99","WA"
"2023 Nov 16 12:00:00 AM","2024 Jul 02 12:00:00 AM","Cyberattack","2023 Nov 16 12:00:00 AM","2023 Nov 16 12:00:00 AM","CF Arcis XII, LLC dba Arcis Golf","17,317","Ransomware","4,853","Business","Entertainment","2,024","2024","1,000-9,999","0","0","0","0","true","0",,"true","229","0","TX"
"2024 Mar 25 12:00:00 AM","2024 Jul 26 12:00:00 AM","Cyberattack","2024 Mar 09 12:00:00 AM","2024 Mar 25 12:00:00 AM","HealthEquity, Inc.","17,341","Other","102,140","Health",,"2,025","2025","50,000-999,999","1-99","0","16","16","true","16",,"true","123","1-99","WA"
"2024 Apr 14 12:00:00 AM","2024 Jun 06 12:00:00 AM","Cyberattack","2024 Apr 13 12:00:00 AM","2024 Apr 16 12:00:00 AM","Frontier Communications Parent, Inc.","17,342","Ransomware","8,211","Business","Telecommunications","2,024","2024","1,000-9,999","1-99","2","1","3","true","3",,"false","53","1-99","TX"
"2024 Apr 23 12:00:00 AM","2024 Jul 26 12:00:00 AM","Cyberattack","2024 Apr 21 12:00:00 AM","2024 Apr 23 12:00:00 AM","United of Omaha Life Insurance Company","17,343","Phishing","1,089","Finance",,"2,025","2025","1,000-9,999","1-99","0","2","2","true","2",,"true","94","1-99","NE"
"2024 Feb 21 12:00:00 AM","2024 Aug 03 12:00:00 AM","Cyberattack","2024 Feb 17 12:00:00 AM","2024 Feb 20 12:00:00 AM","Change Healthcare Inc.","17,353","Ransomware","3,121,209","Health",,"2,025","2025","1,000,000+","1-99","0","4","4","false","3","1","false","164","1-99","MN"
"2024 Apr 18 12:00:00 AM","2024 May 20 12:00:00 AM","Cyberattack",,,"Bayer Corporation (The Lash Group, LLC)","17,399","Malware","2,060","Health",,"2,024","2024","1,000-9,999","Unknown",,,,"false",,,"false","32","Unknown",
"2024 Jun 11 12:00:00 AM","2024 Aug 05 12:00:00 AM","Unauthorized Access","2024 May 26 12:00:00 AM","2024 May 28 12:00:00 AM","QuoteWizard","17,420",,"717,781","Business","Other","2,025","2025","50,000-999,999","1-99","0","16","16","false","2","14","false","55","1-99","WA"
"2023 Jun 29 12:00:00 AM","2024 Aug 09 12:00:00 AM","Cyberattack","2023 Jun 23 12:00:00 AM","2023 Jun 29 12:00:00 AM","King Arthur Baking Company, Inc.","17,421","Ransomware","1,274","Business","Consumable","2,025","2025","1,000-9,999","1-99","0","6","6","true","6",,"true","407","1-99","VT"
"2024 Jul 25 12:00:00 AM","2024 Aug 13 12:00:00 AM","Unauthorized Access","2021 Jan 01 12:00:00 AM","2024 Jul 26 12:00:00 AM","FlightAware","17,422",,"1,407","Business","Web Services","2,025","2025","1,000-9,999","500+","1","1,301","1,302","true","1,302",,"false","19","500+","TX"
"2024 Feb 13 12:00:00 AM","2024 Aug 16 12:00:00 AM","Cyberattack","2024 Feb 13 12:00:00 AM","2024 Feb 13 12:00:00 AM","Enroll Confidently, Inc","17,423","Ransomware","694","Business","Other","2,025","2025","500-999","0","0","0","0","true","0",,"true","185","0","AZ"
"2024 Mar 02 12:00:00 AM","2024 Aug 13 12:00:00 AM","Cyberattack","2024 Feb 22 12:00:00 AM","2024 Mar 02 12:00:00 AM","Kootenai Health","17,430","Ransomware","94,530","Health",,"2,025","2025","50,000-999,999","1-99","0","9","9","true","9",,"true","164","1-99","ID"
"2024 Jun 26 12:00:00 AM","2024 Aug 16 12:00:00 AM","Cyberattack","2023 Dec 20 12:00:00 AM","2024 Jun 26 12:00:00 AM","Oregon Zoo","17,431","Other","22,901","Government",,"2,025","2025","10,000-49,999","100-199","0","189","189","true","189",,"true","51","100-199","OR"
"2024 Jan 31 12:00:00 AM","2024 Aug 16 12:00:00 AM","Cyberattack","2024 Jan 31 12:00:00 AM","2024 Jan 31 12:00:00 AM","T&B Inc","17,432","Ransomware","1,770","Business","Other","2,025","2025","1,000-9,999","0","0","0","0","true","0",,"true","198","0","WA"
"2023 Jul 19 12:00:00 AM","2024 Aug 21 12:00:00 AM","Cyberattack","2023 Jul 18 12:00:00 AM","2023 Jul 19 12:00:00 AM","The Ellensburg School District","17,449","Ransomware","3,955","Education",,"2,025","2025","1,000-9,999","1-99","0","1","1","true","1",,"true","399","1-99","WA"
"2024 Jun 29 12:00:00 AM","2024 Aug 20 12:00:00 AM","Cyberattack","2024 May 23 12:00:00 AM","2024 Jun 29 12:00:00 AM","Patelco Credit Union","17,450","Ransomware","4,286","Finance",,"2,025","2025","1,000-9,999","1-99","0","37","37","true","37",,"true","52","1-99","CA"
"2024 May 15 12:00:00 AM","2024 Aug 23 12:00:00 AM","Cyberattack","2024 May 13 12:00:00 AM","2024 May 15 12:00:00 AM","Okanogan Behavioral HealthCare","17,468","Ransomware","15,774","Health",,"2,025","2025","10,000-49,999","1-99","0","2","2","true","2",,"true","100","1-99","WA"
"2024 Jun 17 12:00:00 AM","2024 Aug 27 12:00:00 AM","Cyberattack","2024 Jun 10 12:00:00 AM","2024 Aug 27 12:00:00 AM","Lake Washington Institute of Technology","17,494","Ransomware","8,694","Education",,"2,025","2025","1,000-9,999","1-99","71","7","78","true","78",,"false","71","1-99","WA"
"2024 Jul 08 12:00:00 AM","2024 Aug 28 12:00:00 AM","Cyberattack","2024 Jun 27 12:00:00 AM","2024 Jul 08 12:00:00 AM","Moser Wealth Advisors","17,495","Ransomware","750","Finance",,"2,025","2025","500-999","1-99","0","11","11","true","11",,"true","51","1-99","WA"
"2024 Apr 17 12:00:00 AM","2024 Aug 30 12:00:00 AM","Cyberattack","2024 Apr 17 12:00:00 AM","2024 Apr 17 12:00:00 AM","Octapharma Plasma, Inc.","17,496","Other","9,127","Business","Other","2,025","2025","1,000-9,999","0","0","0","0","true","0",,"true","135","0","NC"
"2024 Jul 25 12:00:00 AM","2024 Sep 05 12:00:00 AM","Cyberattack","2024 Jul 25 12:00:00 AM","2024 Jul 25 12:00:00 AM","Riverside Resort & Casino","17,501","Ransomware","941","Business","Other","2,025","2025","500-999","0","0","0","0","true","0",,"true","42","0","NV"
"2024 Jan 11 12:00:00 AM","2024 Aug 30 12:00:00 AM","Cyberattack","2023 Nov 24 12:00:00 AM","2024 Jan 11 12:00:00 AM","Futurity First Insurance Group","17,524","Other","1,400","Business","Other","2,025","2025","1,000-9,999","1-99","0","48","48","true","48",,"true","232","1-99","CA"
"2023 Nov 27 12:00:00 AM","2024 Aug 30 12:00:00 AM","Cyberattack","2023 Nov 27 12:00:00 AM","2023 Nov 27 12:00:00 AM","Boys and Girls Clubs of Whatcom County ","17,525","Malware","870","Education",,"2,025","2025","500-999","0","0","0","0","true","0",,"true","277","0","WA"
"2023 Dec 15 12:00:00 AM","2024 Sep 05 12:00:00 AM","Cyberattack","2023 Dec 14 12:00:00 AM","2023 Dec 15 12:00:00 AM","Water For People ","17,526","Ransomware","2,084","Non-Profit/Charity",,"2,025","2025","1,000-9,999","1-99","0","1","1","true","1",,"true","265","1-99","CO"
"2024 May 17 12:00:00 AM","2024 Sep 05 12:00:00 AM","Unauthorized Access","2024 May 15 12:00:00 AM","2024 May 17 12:00:00 AM","Graham Emmanuel Baptist Church","17,527",,"1,335","Non-Profit/Charity",,"2,025","2025","1,000-9,999","1-99","0","2","2","true","2",,"true","111","1-99","WA"
"2024 Apr 01 12:00:00 AM","2024 Sep 09 12:00:00 AM","Cyberattack","2024 Apr 01 12:00:00 AM","2024 Apr 01 12:00:00 AM","Kemper Sports Management, LLC","17,529","Ransomware","1,929","Business","Hospitality","2,025","2025","1,000-9,999","0","0","0","0","true","0",,"true","161","0","IL"
"2024 Jan 11 12:00:00 AM","2024 Aug 31 12:00:00 AM","Unauthorized Access",,,"Connecticut College","17,547",,"711","Education",,"2,025","2025","500-999","Unknown",,,,"false",,,"false","233","Unknown","CT"
"2023 Nov 23 12:00:00 AM","2024 Jul 02 12:00:00 AM","Unauthorized Access",,,"Ingo Money, Inc.","17,550",,"1,550","Finance",,"2,024","2024","1,000-9,999","Unknown",,,,"false",,,"false","222","Unknown","GA"
"2023 Jun 28 12:00:00 AM","2023 Aug 17 12:00:00 AM","Cyberattack","2023 May 30 12:00:00 AM","2023 May 30 12:00:00 AM","Everett Community College","17,553","Unclear/unknown","9,078","Education",,"2,024","2024","1,000-9,999","1-99","0","29","29","false","0","29","false","50","0","WA"
"2024 Aug 15 12:00:00 AM","2024 Sep 13 12:00:00 AM","Cyberattack","2024 Jan 20 12:00:00 AM","2024 Jan 21 12:00:00 AM","David’s Bridal","17,592","Ransomware","911","Business","Retail","2,025","2025","500-999","200-299","0","208","208","false","1","207","false","29","1-99","PA"
"2024 Aug 21 12:00:00 AM","2024 Sep 17 12:00:00 AM","Cyberattack","2024 Aug 21 12:00:00 AM","2024 Aug 22 12:00:00 AM","DICK'S Sporting Goods, Inc.","17,594","Other","72,012","Business","Retail","2,025","2025","50,000-999,999","1-99","1","0","1","true","1",,"false","27","1-99","PA"
"2024 Aug 01 12:00:00 AM","2024 Sep 13 12:00:00 AM","Theft or Mistake",,"2024 Jul 25 12:00:00 AM","Campus CE Corporation","17,595",,"52,175","Education",,"2,025","2025","50,000-999,999","Unknown","0",,,"false",,"7","false","43","Unknown","WA"
"2023 Sep 26 12:00:00 AM","2024 Sep 13 12:00:00 AM","Unauthorized Access","2023 Aug 20 12:00:00 AM","2023 Sep 26 12:00:00 AM","Law Offices of Todd S. Richardson, PLLC","17,597",,"1,106","Business","Other","2,025","2025","1,000-9,999","1-99","0","37","37","true","37",,"true","353","1-99","WA"
"2024 Apr 26 12:00:00 AM","2024 Sep 18 12:00:00 AM","Unauthorized Access","2024 Mar 01 12:00:00 AM","2024 May 03 12:00:00 AM","Insurance Agency Marketing Services, Inc.","17,598","Unclear/unknown","2,013","Business","Other","2,025","2025","1,000-9,999","1-99","7","56","63","true","63",,"false","145","1-99","NE"
"2024 Apr 13 12:00:00 AM","2024 Sep 18 12:00:00 AM","Cyberattack","2024 Apr 10 12:00:00 AM","2024 Apr 13 12:00:00 AM","Young Consulting LLC","17,599","Ransomware","20,732","Business","Software","2,025","2025","10,000-49,999","1-99","0","3","3","true","3",,"true","158","1-99","GA"
"2024 Jun 29 12:00:00 AM","2024 Sep 23 12:00:00 AM","Cyberattack","2024 May 23 12:00:00 AM","2024 Jun 29 12:00:00 AM","Patelco Credit Union (Amended Notice) ","17,663","Ransomware","8,176","Finance",,"2,025","2025","1,000-9,999","1-99","0","37","37","true","37",,"true","86","1-99","CA"
"2024 Aug 21 12:00:00 AM","2024 Sep 25 12:00:00 AM","Cyberattack","2024 Aug 14 12:00:00 AM","2024 Aug 21 12:00:00 AM","Prentke Romich Company dba PRC-Saltillo","17,684","Ransomware","690","Business","Manufacturing","2,025","2025","500-999","1-99","0","7","7","true","7",,"true","35","1-99","OH"
"2024 Sep 08 12:00:00 AM","2024 Sep 13 12:00:00 AM","Theft or Mistake",,"2024 Sep 08 12:00:00 AM","Aim Inc (Summit View Accounting)","17,691",,"1,156","Finance",,"2,025","2025","1,000-9,999","Unknown","0",,,"true",,,"true","5","Unknown","WA"
"2024 Feb 26 12:00:00 AM","2024 Sep 26 12:00:00 AM","Cyberattack","2024 Feb 14 12:00:00 AM","2024 Feb 26 12:00:00 AM","CF Medical","17,709","Other","540","Health",,"2,025","2025","500-999","1-99","0","12","12","true","12",,"true","213","1-99","GA"
"2023 Oct 12 12:00:00 AM","2024 Oct 01 12:00:00 AM","Cyberattack","2023 Jan 25 12:00:00 AM","2023 Nov 06 12:00:00 AM","Fluke Corporation ","17,714","Ransomware","2,312","Business","Manufacturing","2,025","2025","1,000-9,999","200-299","25","260","285","true","285",,"false","355","200-299","WA"
"2023 Oct 12 12:00:00 AM","2024 Oct 01 12:00:00 AM","Cyberattack","2023 Jan 25 12:00:00 AM","2023 Nov 06 12:00:00 AM","FTV Employment Services LLC","17,716","Ransomware","589","Business","Manufacturing","2,025","2025","500-999","200-299","25","260","285","true","285",,"false","355","200-299","WA"
"2024 Aug 23 12:00:00 AM","2024 Oct 03 12:00:00 AM","Unauthorized Access","2024 Aug 23 12:00:00 AM",,"True World Holdings LLC","17,737",,"968","Business","Consumable","2,025","2025","500-999","Unknown",,"0",,"false",,,"false","41","Unknown","NJ"
"2024 Aug 05 12:00:00 AM","2024 Oct 05 12:00:00 AM","Unauthorized Access","2024 Jul 12 12:00:00 AM","2024 Aug 22 12:00:00 AM","5.11, inc.","17,756",,"699","Business","Retail","2,025","2025","500-999","1-99","17","24","41","true","41",,"false","61","1-99","WA"
"2024 May 13 12:00:00 AM","2024 Oct 23 12:00:00 AM","Cyberattack","2024 May 13 12:00:00 AM","2024 Jun 17 12:00:00 AM","Landmark Admin, LLC","17,888","Ransomware","4,795","Finance",,"2,025","2025","1,000-9,999","1-99","35","0","35","true","35",,"false","163","1-99","TX"
"2024 Aug 15 12:00:00 AM","2024 Oct 25 12:00:00 AM","Cyberattack","2024 Aug 15 12:00:00 AM","2024 Aug 15 12:00:00 AM","Wireless Communications, Inc. dba Cellular Plus","17,928","Ransomware","508","Business","Retail","2,025","2025","500-999","0","0","0","0","true","0",,"true","71","0","MT"
"2024 Jan 19 12:00:00 AM","2024 Oct 28 12:00:00 AM","Cyberattack","2023 Dec 19 12:00:00 AM","2024 Jan 19 12:00:00 AM","CUSO Financial Services, LP","17,929","Other","5,668","Finance",,"2,025","2025","1,000-9,999","1-99","0","31","31","true","31",,"true","283","1-99","CA"
"2024 May 15 12:00:00 AM","2024 Oct 18 12:00:00 AM","Cyberattack","2024 May 11 12:00:00 AM","2024 May 15 12:00:00 AM","The City of Richland, Washington","17,930","Malware","1,700","Government",,"2,025","2025","1,000-9,999","1-99","0","4","4","true","4",,"true","156","1-99","WA"
"2024 Jun 25 12:00:00 AM","2024 Oct 30 12:00:00 AM","Unauthorized Access","2024 Jun 23 12:00:00 AM","2024 Jun 26 12:00:00 AM","Soliant Health, LLC","17,935",,"675","Business","Professional Services","2,025","2025","500-999","1-99","1","2","3","true","3",,"false","127","1-99","GA"
"2024 Aug 14 12:00:00 AM","2024 Oct 30 12:00:00 AM","Cyberattack","2024 Aug 13 12:00:00 AM","2024 Aug 14 12:00:00 AM","Sierra Construction Company, Inc.","17,936","Ransomware","1,103","Business","Construction","2,025","2025","1,000-9,999","1-99","0","1","1","true","1",,"true","77","1-99","WA"
"2024 Sep 28 12:00:00 AM","2024 Oct 31 12:00:00 AM","Unauthorized Access","2024 Jan 07 12:00:00 AM","2024 Sep 28 12:00:00 AM","SelectBlinds","17,937",,"7,530","Business","Retail","2,025","2025","1,000-9,999","200-299","0","265","265","true","265",,"true","33","200-299","WA"
"2024 Oct 11 12:00:00 AM","2024 Nov 01 12:00:00 AM","Unauthorized Access","2024 Oct 07 12:00:00 AM","2024 Oct 11 12:00:00 AM","Green Dot Corporation","17,960",,"1,715","Finance",,"2,025","2025","1,000-9,999","1-99","0","4","4","true","4",,"true","21","1-99","TX"
"2024 Jul 24 12:00:00 AM","2024 Nov 01 12:00:00 AM","Cyberattack","2024 Jul 17 12:00:00 AM","2024 Jul 26 12:00:00 AM","BNBuilders","17,961","Ransomware","1,768","Business","Construction","2,025","2025","1,000-9,999","1-99","2","7","9","true","9",,"false","100","1-99","WA"
"2024 Apr 01 12:00:00 AM","2024 Nov 08 12:00:00 AM","Cyberattack","2024 Feb 22 12:00:00 AM","2024 Apr 01 12:00:00 AM","Inszone Insurance Services, LLC","17,962","Ransomware","18,649","Business","Other","2,025","2025","10,000-49,999","1-99","0","39","39","true","39",,"true","221","1-99","CA"
"2024 Sep 06 12:00:00 AM","2024 Nov 12 12:00:00 AM","Cyberattack","2024 Jul 25 12:00:00 AM","2024 Sep 18 12:00:00 AM","Pallet Logistics of America d/b/a PLA","17,963","Ransomware","700","Business","Manufacturing","2,025","2025","500-999","1-99","12","43","55","true","55",,"false","67","1-99","TX"
"2024 May 21 12:00:00 AM","2024 Nov 08 12:00:00 AM","Cyberattack","2024 May 21 12:00:00 AM","2024 May 21 12:00:00 AM","Set Forth, Inc. ","17,964","Unclear/unknown","19,451","Business","Web Services","2,025","2025","10,000-49,999","0","0","0","0","true","0",,"true","171","0","IL"
"2024 Feb 26 12:00:00 AM","2024 Nov 12 12:00:00 AM","Cyberattack","2024 Feb 14 12:00:00 AM","2024 Feb 26 12:00:00 AM","Colorado Technical University","17,965","Ransomware","567","Education",,"2,025","2025","500-999","1-99","0","12","12","true","12",,"true","260","1-99","CO"
"2024 Jul 25 12:00:00 AM","2024 Nov 12 12:00:00 AM","Cyberattack","2024 Jul 25 12:00:00 AM","2024 Jul 26 12:00:00 AM","TEAM Software","17,966","Ransomware","1,781","Business","Other","2,025","2025","1,000-9,999","1-99","1","0","1","true","1",,"false","110","1-99","NJ"
"2024 Aug 23 12:00:00 AM","2024 Nov 14 12:00:00 AM","Cyberattack","2024 Aug 21 12:00:00 AM","2024 Aug 23 12:00:00 AM","American Neighborhood Mortgage Acceptance Company, LLC","17,989","Ransomware","1,571","Business","Other","2,025","2025","1,000-9,999","1-99","0","2","2","true","2",,"true","83","1-99","NJ"
"2024 Mar 01 12:00:00 AM","2024 Nov 15 12:00:00 AM","Cyberattack","2024 Jan 05 12:00:00 AM","2024 Mar 01 12:00:00 AM","Witherspoon Brajcich McPhee, PLLC","17,990","Other","6,419","Business","Legal","2,025","2025","1,000-9,999","1-99","0","56","56","true","56",,"true","259","1-99","WA"
"2024 Sep 20 12:00:00 AM","2024 Oct 07 12:00:00 AM","Cyberattack","2024 Sep 20 12:00:00 AM","2024 Sep 22 12:00:00 AM","MoneyGram Payment Systems, Inc.","17,991","Other","1,272","Finance",,"2,025","2025","1,000-9,999","1-99","2","0","2","true","2",,"false","17","1-99","TX"
"2023 Nov 02 12:00:00 AM","2024 Nov 22 12:00:00 AM","Unauthorized Access","2023 Oct 29 12:00:00 AM","2023 Nov 02 12:00:00 AM","Farmers New World Life Insurance Company","18,049",,"1,214","Finance",,"2,025","2025","1,000-9,999","1-99","0","4","4","true","4",,"true","386","1-99","WA"
"2024 Aug 20 12:00:00 AM","2024 Nov 22 12:00:00 AM","Unauthorized Access","2024 Aug 14 12:00:00 AM","2024 Aug 20 12:00:00 AM","LCPtracker, Inc.","18,051",,"5,343","Business","Software","2,025","2025","1,000-9,999","1-99","0","6","6","true","6",,"true","94","1-99","CA"
"2024 Sep 27 12:00:00 AM","2024 Nov 22 12:00:00 AM","Cyberattack","2024 Sep 09 12:00:00 AM","2024 Oct 07 12:00:00 AM","Ardon Health, LLC","18,052","Phishing","6,527","Health",,"2,025","2025","1,000-9,999","1-99","10","18","28","true","28",,"false","56","1-99","OR"
"2024 Feb 09 12:00:00 AM","2024 Nov 22 12:00:00 AM","Unauthorized Access","2023 Dec 26 12:00:00 AM","2024 Feb 12 12:00:00 AM","Walsworth Publishing Company","18,053",,"685","Business","Other","2,025","2025","500-999","1-99","3","45","48","true","48",,"false","287","1-99","MO"
"2023 Dec 17 12:00:00 AM","2024 Nov 25 12:00:00 AM","Cyberattack","2023 Dec 01 12:00:00 AM","2023 Dec 17 12:00:00 AM","Datamaxx Applied Technologies, Inc.","18,057","Ransomware","678","Business","Other","2,025","2025","500-999","1-99","0","16","16","true","16",,"true","344","1-99","FL"
"2024 Jun 13 12:00:00 AM","2024 Nov 27 12:00:00 AM","Cyberattack","2024 Jun 07 12:00:00 AM","2024 Jun 13 12:00:00 AM","Keesal, Young & Logan","18,058","Ransomware","1,801","Business","Legal","2,025","2025","1,000-9,999","1-99","0","6","6","true","6",,"true","167","1-99","CA"
"2024 Aug 05 12:00:00 AM","2024 Dec 02 12:00:00 AM","Cyberattack","2024 Jul 31 12:00:00 AM","2024 Aug 05 12:00:00 AM","Overseas Shipholding Group, Inc.","18,059","Ransomware","956","Business","Shipping","2,025","2025","500-999","1-99","0","5","5","true","5",,"true","119","1-99","FL"
"2024 Feb 03 12:00:00 AM","2024 Dec 02 12:00:00 AM","Cyberattack","2024 Jan 26 12:00:00 AM","2024 Feb 03 12:00:00 AM","The Ability Experience","18,064","Ransomware","1,409","Non-Profit/Charity",,"2,025","2025","1,000-9,999","1-99","0","8","8","true","8",,"true","303","1-99","NC"
"2024 Aug 07 12:00:00 AM","2024 Dec 06 12:00:00 AM","Cyberattack","2024 Aug 07 12:00:00 AM","2024 Aug 08 12:00:00 AM","ABC Legal Services, Inc. ","18,110","Ransomware","2,447","Business","Legal","2,025","2025","1,000-9,999","1-99","1","0","1","true","1",,"false","121","1-99","WA"
"2023 Dec 30 12:00:00 AM","2024 Dec 11 12:00:00 AM","Cyberattack","2023 Dec 25 12:00:00 AM","2023 Dec 30 12:00:00 AM","Doxim, Inc. ","18,111","Ransomware","943","Business","Other","2,025","2025","500-999","1-99","0","5","5","true","5",,"true","347","1-99","MI"
"2024 Jun 14 12:00:00 AM","2024 Dec 12 12:00:00 AM","Cyberattack","2024 Jun 13 12:00:00 AM","2024 Jun 14 12:00:00 AM","Young Life","18,123","Ransomware","3,652","Non-Profit/Charity",,"2,025","2025","1,000-9,999","1-99","0","1","1","true","1",,"true","181","1-99","CO"
"2024 May 25 12:00:00 AM","2024 Dec 12 12:00:00 AM","Cyberattack","2024 May 24 12:00:00 AM","2024 May 25 12:00:00 AM","The Seattle Public Library ","18,124","Ransomware","26,965","Government",,"2,025","2025","10,000-49,999","1-99","0","1","1","true","1",,"true","201","1-99","WA"
"2024 May 12 12:00:00 AM","2024 Dec 13 12:00:00 AM","Unauthorized Access","2024 Feb 16 12:00:00 AM","2024 May 12 12:00:00 AM","ConnectOnCall.com, LLC ","18,125",,"10,369","Business","Software","2,025","2025","10,000-49,999","1-99","0","86","86","true","86",,"true","215","1-99","DE"
"2024 Jun 30 12:00:00 AM","2024 Dec 13 12:00:00 AM","Cyberattack","2024 Jun 26 12:00:00 AM","2024 Jun 30 12:00:00 AM","Crimson Wine Group","18,126","Ransomware","3,436","Business","Retail","2,025","2025","1,000-9,999","1-99","0","4","4","true","4",,"true","166","1-99","CA"
"2024 May 08 12:00:00 AM","2024 Dec 19 12:00:00 AM","Cyberattack","2024 Feb 29 12:00:00 AM","2024 Jun 11 12:00:00 AM","Ascension Health","18,152","Ransomware","5,787","Health",,"2,025","2025","1,000-9,999","100-199","34","69","103","true","103",,"false","225","100-199","MO"
"2024 Aug 09 12:00:00 AM","2024 Dec 19 12:00:00 AM","Unauthorized Access","2024 May 13 12:00:00 AM","2024 Aug 07 12:00:00 AM","HRB Tax Group, Inc.","18,154",,"889","Finance",,"2,025","2025","500-999","1-99","0","88","88","false","86","2","false","132","1-99","MO"
"2024 Sep 18 12:00:00 AM","2024 Dec 16 12:00:00 AM","Cyberattack","2024 Sep 13 12:00:00 AM","2024 Sep 18 12:00:00 AM","Regional Care, Inc.","18,155","Phishing","1,580","Health",,"2,025","2025","1,000-9,999","1-99","0","5","5","true","5",,"true","89","1-99","NE"
"2024 Nov 20 12:00:00 AM","2024 Dec 20 12:00:00 AM","Unauthorized Access",,,"Stiiizy, Inc.","18,156",,"3,500","Business","Retail","2,025","2025","1,000-9,999","Unknown",,,,"false",,,"false","30","Unknown","CA"
"2024 Sep 26 12:00:00 AM","2024 Dec 20 12:00:00 AM","Unauthorized Access","2024 Sep 23 12:00:00 AM","2024 Sep 26 12:00:00 AM","American Addiction Centers, Inc.","18,157",,"2,994","Health",,"2,025","2025","1,000-9,999","1-99","0","3","3","true","3",,"true","85","1-99","TN"
"2024 Nov 15 12:00:00 AM","2024 Dec 20 12:00:00 AM","Theft or Mistake","2024 Nov 15 12:00:00 AM","2024 Nov 21 12:00:00 AM","RV Country, Inc.","18,159",,"773","Business","Other","2,025","2025","500-999","1-99","6","0","6","true","6",,"false","35","1-99","WA"
"2024 Dec 02 12:00:00 AM","2024 Dec 31 12:00:00 AM","Theft or Mistake","2024 Nov 28 12:00:00 AM","2024 Dec 02 12:00:00 AM","Eastern Washington University","18,174",,"11,000","Education",,"2,025","2025","10,000-49,999","1-99","0","4","4","true","4",,"true","29","1-99","WA"
"2024 Oct 17 12:00:00 AM","2024 Dec 16 12:00:00 AM","Cyberattack","2024 Sep 17 12:00:00 AM","2024 Oct 19 12:00:00 AM","Kitsap Mental Health Services","18,176","Ransomware","56,981","Health",,"2,025","2025","50,000-999,999","1-99","2","30","32","true","32",,"false","60","1-99","WA"
"2024 Nov 13 12:00:00 AM","2024 Dec 20 12:00:00 AM","Cyberattack","2024 Nov 13 12:00:00 AM","2024 Nov 14 12:00:00 AM","Youth Eastside Services","18,177","Ransomware","755","Non-Profit/Charity",,"2,025","2025","500-999","1-99","1","0","1","true","1",,"false","37","1-99","WA"
"2023 Oct 11 12:00:00 AM","2024 Dec 23 12:00:00 AM","Cyberattack",,,"Akumin","18,180","Ransomware","5,063","Health",,"2,025","2025","1,000-9,999","Unknown",,,,"false",,,"false","439","Unknown","FL"
"2024 Sep 23 12:00:00 AM","2024 Oct 18 12:00:00 AM","Unauthorized Access",,,"Falco Sult & Company, PS","18,181",,"1,788","Finance",,"2,025","2025","1,000-9,999","Unknown",,,,"false",,,"false","25","Unknown","WA"
"2024 Aug 13 12:00:00 AM","2025 Jan 02 12:00:00 AM","Cyberattack","2024 Aug 08 12:00:00 AM","2024 Aug 13 12:00:00 AM","American Trust Company","18,182","Phishing","835","Business","Professional Services","2,025","2025","500-999","1-99","0","5","5","true","5",,"true","142","1-99","TN"
"2024 Nov 03 12:00:00 AM","2025 Jan 08 12:00:00 AM","Cyberattack","2024 Sep 02 12:00:00 AM","2024 Nov 02 12:00:00 AM","ITC Investments, Inc. ","18,207","Ransomware","867","Business","Manufacturing","2,025","2025","500-999","1-99","0","62","62","false","61","1","false","66","1-99","WA"
"2025 Jan 07 12:00:00 AM","2025 Jan 09 12:00:00 AM","Unauthorized Access","2025 Jan 01 12:00:00 AM","2025 Jan 05 12:00:00 AM","Get Air Management, Inc.","18,240",,"294,217","Business","Entertainment","2,025","2025","50,000-999,999","1-99","0","6","6","false","4","2","false","2","1-99","UT"
"2024 Nov 13 12:00:00 AM","2025 Jan 10 12:00:00 AM","Cyberattack","2024 Nov 12 12:00:00 AM","2024 Nov 13 12:00:00 AM","Northwest Asthma & Allergy Center","18,241","Phishing","39,342","Health",,"2,025","2025","10,000-49,999","1-99","0","1","1","true","1",,"true","58","1-99","WA"
"2024 Dec 09 12:00:00 AM","2025 Jan 10 12:00:00 AM","Cyberattack","2024 Jul 18 12:00:00 AM","2024 Dec 09 12:00:00 AM","Avery Products Corporation","18,247","Ransomware","1,724","Business","Manufacturing","2,025","2025","1,000-9,999","100-199","0","144","144","true","144",,"true","32","100-199","CA"
"2024 Sep 27 12:00:00 AM","2025 Jan 16 12:00:00 AM","Cyberattack","2024 Sep 03 12:00:00 AM","2024 Nov 03 12:00:00 AM","United Time Group LLC d/b/a Ashford.com","18,261","Other","1,494","Business","Retail","2,025","2025","1,000-9,999","1-99","37","24","61","true","61",,"false","111","1-99","NJ"
"2023 Dec 13 12:00:00 AM","2025 Jan 16 12:00:00 AM","Cyberattack","2023 Dec 13 12:00:00 AM","2023 Dec 13 12:00:00 AM","Wolf Haldenstein Adler Freeman & Herz LLP","18,293","Ransomware","67,820","Business","Professional Services","2,025","2025","50,000-999,999","0","0","0","0","true","0",,"true","400","0","NY"
"2024 Dec 18 12:00:00 AM","2025 Jan 17 12:00:00 AM","Unauthorized Access","2024 Jul 08 12:00:00 AM","2024 Dec 18 12:00:00 AM","Garden of Life, LLC","18,294",,"1,082","Business","Retail","2,025","2025","1,000-9,999","100-199","0","163","163","true","163",,"true","30","100-199","FL"
"2024 Jul 30 12:00:00 AM","2025 Jan 21 12:00:00 AM","Cyberattack","2024 Jul 30 12:00:00 AM","2024 Dec 18 12:00:00 AM","Columbia Hospitality, Inc.","18,295","Ransomware","3,787","Business","Hospitality","2,025","2025","1,000-9,999","100-199","141","0","141","true","141",,"false","175","100-199","WA"
"2024 Dec 28 12:00:00 AM","2025 Jan 27 12:00:00 AM","Cyberattack","2024 Dec 19 12:00:00 AM","2024 Dec 28 12:00:00 AM","PowerSchool Group LLC","18,339","Other","314,107","Education",,"2,025","2025","50,000-999,999","1-99","0","9","9","true","9",,"true","30","1-99","CA"
"2024 Sep 29 12:00:00 AM","2025 Jan 24 12:00:00 AM","Cyberattack","2024 Sep 17 12:00:00 AM","2024 Sep 29 12:00:00 AM","Texas Tech University Health Sciences Center El Paso","18,341","Ransomware","889","Health",,"2,025","2025","500-999","1-99","0","12","12","true","12",,"true","117","1-99","TX"
"2024 Jul 08 12:00:00 AM","2025 Jan 28 12:00:00 AM","Cyberattack","2024 Jul 05 12:00:00 AM","2024 Jul 08 12:00:00 AM","Berman & Rabin, P.A.","18,342","Ransomware","6,846","Business","Legal","2,025","2025","1,000-9,999","1-99","0","3","3","true","3",,"true","204","1-99","KS"
"2023 Jul 03 12:00:00 AM","2025 Jan 30 12:00:00 AM","Cyberattack","2023 Apr 28 12:00:00 AM","2023 Jul 04 12:00:00 AM","Prizm Media, Inc.","18,350","Phishing","23,469","Business","Other","2,025","2025","10,000-49,999","1-99","1","66","67","true","67",,"false","577","1-99","NJ"
"2024 Dec 30 12:00:00 AM","2025 Jan 30 12:00:00 AM","Cyberattack","2024 Dec 30 12:00:00 AM",,"UNITED BACKCARE DBA Pacific Rehabiliation Centers","18,368","Ransomware","18,600","Health",,"2,025","2025","10,000-49,999","Unknown",,"0",,"false",,,"false","31","Unknown","WA"
"2024 Dec 19 12:00:00 AM","2025 Jan 31 12:00:00 AM","Theft or Mistake","2024 Dec 05 12:00:00 AM","2024 Dec 19 12:00:00 AM","Regence (Regence BlueShield and Regence BCBS of OR)","18,378",,"714","Health",,"2,025","2025","500-999","1-99","0","14","14","true","14",,"true","43","1-99","OR"
"2024 Dec 04 12:00:00 AM","2025 Feb 10 12:00:00 AM","Cyberattack","2024 Dec 02 12:00:00 AM","2024 Dec 04 12:00:00 AM","CPS Solutions, LLC","18,430","Phishing","551","Health",,"2,025","2025","500-999","1-99","0","2","2","true","2",,"true","68","1-99","OH"
"2024 Dec 18 12:00:00 AM","2025 Feb 11 12:00:00 AM","Cyberattack","2024 Dec 09 12:00:00 AM","2024 Dec 18 12:00:00 AM","New Era Enterprises, Inc.","18,446","Unclear/unknown","2,268","Business","Other","2,025","2025","1,000-9,999","1-99","0","9","9","true","9",,"true","55","1-99","TX"
"2023 Dec 29 12:00:00 AM","2025 Feb 11 12:00:00 AM","Cyberattack","2023 Dec 29 12:00:00 AM","2024 Jan 07 12:00:00 AM","Medusind, Inc.","18,447","Ransomware","511","Health",,"2,025","2025","500-999","1-99","9","0","9","true","9",,"false","410","1-99","FL"
"2023 Aug 27 12:00:00 AM","2025 Feb 06 12:00:00 AM","Unauthorized Access","2023 Aug 16 12:00:00 AM","2023 Aug 27 12:00:00 AM","Hospital Sisters Health System","18,448",,"662","Health",,"2,025","2025","500-999","1-99","0","11","11","true","11",,"true","529","1-99","IL"
"2024 Dec 09 12:00:00 AM","2025 Feb 17 12:00:00 AM","Unauthorized Access","2024 Dec 08 12:00:00 AM","2024 Dec 09 12:00:00 AM","THE RESHAPOING AND NUTRITIONAL COMPANY LLC / DBA ARDSYY LIFE","18,489",,"3,080","Business","Retail","2,025","2025","1,000-9,999","1-99","0","1","1","true","1",,"true","70","1-99","NV"
"2024 Dec 25 12:00:00 AM","2025 Feb 18 12:00:00 AM","Cyberattack","2024 Dec 25 12:00:00 AM","2024 Dec 25 12:00:00 AM","Daniel A. Eckman, PC","18,490","Ransomware","705","Business","Professional Services","2,025","2025","500-999","0","0","0","0","true","0",,"true","55","0","WA"
"2024 Dec 06 12:00:00 AM","2025 Feb 21 12:00:00 AM","Cyberattack","2024 Sep 08 12:00:00 AM","2024 Dec 06 12:00:00 AM","Nuna Baby Essentials, Inc ","18,499","Other","681","Business","Retail","2,025","2025","500-999","1-99","0","89","89","true","89",,"true","77","1-99","PA"
"2024 Apr 22 12:00:00 AM","2025 Feb 24 12:00:00 AM","Unauthorized Access","2024 Feb 09 12:00:00 AM","2024 Apr 22 12:00:00 AM","DISA Global Solutions, Inc.","18,548",,"29,481","Business","Other","2,025","2025","10,000-49,999","1-99","0","73","73","true","73",,"true","308","1-99","TX"
"2024 Feb 14 12:00:00 AM","2025 Feb 27 12:00:00 AM","Cyberattack","2024 Feb 12 12:00:00 AM","2024 Feb 15 12:00:00 AM","Valsoft Corporation Inc. d/b/a AllTrust","18,565","Ransomware","3,185","Business","Software","2,025","2025","1,000-9,999","1-99","1","2","3","true","3",,"false","379","1-99","PA"
"2024 Oct 20 12:00:00 AM","2025 Feb 28 12:00:00 AM","Cyberattack","2024 Oct 14 12:00:00 AM","2024 Oct 22 12:00:00 AM","Rivers Casino Philadelphia","18,568","Ransomware","2,480","Business","Entertainment","2,025","2025","1,000-9,999","1-99","2","6","8","true","8",,"false","131","1-99","PA"
"2024 Aug 31 12:00:00 AM","2025 Feb 28 12:00:00 AM","Cyberattack","2024 Aug 31 12:00:00 AM","2024 Aug 31 12:00:00 AM","Northwest Retirement Plan Consultants, LLC","18,569","Ransomware","1,821","Finance",,"2,025","2025","1,000-9,999","0","0","0","0","true","0",,"true","181","0","WA"
"2025 Feb 19 12:00:00 AM","2025 Mar 04 12:00:00 AM","Cyberattack",,,"Capp, Inc. d/b/a Airbuds","18,589","Unclear/unknown","33,538","Business","Software","2,025","2025","10,000-49,999","Unknown",,,,"false",,,"false","13","Unknown","CA"
"2025 Jan 13 12:00:00 AM","2025 Mar 04 12:00:00 AM","Unauthorized Access","2024 Dec 21 12:00:00 AM","2024 Dec 21 12:00:00 AM","Multnomah Education Service District","18,600",,"606","Education",,"2,025","2025","500-999","1-99","0","23","23","false","0","23","false","50","0","WA"
"2025 Feb 13 12:00:00 AM","2025 Mar 04 12:00:00 AM","Cyberattack","2024 Jun 27 12:00:00 AM","2024 Jul 24 12:00:00 AM","Hillcrest Convalescent Center, Inc. ","18,601","Other","772","Health",,"2,025","2025","500-999","200-299","0","231","231","false","27","204","false","19","1-99","NC"
"2025 Feb 05 12:00:00 AM","2025 Mar 05 12:00:00 AM","Cyberattack","2025 Feb 02 12:00:00 AM","2025 Feb 05 12:00:00 AM","Select Sires Member Cooperative fka All West Select Sires ","18,602","Ransomware","592","Business","Other","2,025","2025","500-999","1-99","0","3","3","true","3",,"true","28","1-99","WA"
"2025 Jan 21 12:00:00 AM","2025 Mar 05 12:00:00 AM","Cyberattack","2025 Jan 21 12:00:00 AM","2025 Jan 21 12:00:00 AM","Colorado River Adventures","18,603","Malware","723","Business","Entertainment","2,025","2025","500-999","0","0","0","0","true","0",,"true","43","0","CA"
"2024 Sep 29 12:00:00 AM","2025 Mar 07 12:00:00 AM","Unauthorized Access","2024 Sep 02 12:00:00 AM","2024 Nov 18 12:00:00 AM","United Seating and Mobility, LLC d/b/a Numotion (""Numotion"")","18,612",,"22,854","Health",,"2,025","2025","10,000-49,999","1-99","50","27","77","true","77",,"false","159","1-99","TN"
"2024 Jul 13 12:00:00 AM","2025 Mar 11 12:00:00 AM","Cyberattack","2024 Jul 03 12:00:00 AM","2024 Jul 13 12:00:00 AM","Smart ERP Solutions, Inc.","18,620","Ransomware","2,660","Business","Software","2,025","2025","1,000-9,999","1-99","0","10","10","true","10",,"true","241","1-99","CA"
"2024 Oct 14 12:00:00 AM","2025 Mar 12 12:00:00 AM","Cyberattack","2024 Oct 10 12:00:00 AM","2024 Oct 14 12:00:00 AM","Trinity Petroleum Management, LLC","18,625","Other","748","Business","Professional Services","2,025","2025","500-999","1-99","0","4","4","true","4",,"true","149","1-99","CO"
"2025 Jan 13 12:00:00 AM","2025 Mar 13 12:00:00 AM","Unauthorized Access","2024 Dec 21 12:00:00 AM","2024 Dec 21 12:00:00 AM","Reynolds School District #7","18,626",,"739","Education",,"2,025","2025","500-999","1-99","0","23","23","false","0","23","false","59","0","WA"
"2024 Sep 18 12:00:00 AM","2025 Mar 14 12:00:00 AM","Cyberattack","2024 Sep 17 12:00:00 AM","2024 Sep 18 12:00:00 AM","SAG-AFTRA Health Plan","18,646","Other","937","Business","Other","2,025","2025","500-999","1-99","0","1","1","true","1",,"true","177","1-99","CA"
"2025 Feb 23 12:00:00 AM","2025 Mar 14 12:00:00 AM","Cyberattack","2025 Feb 18 12:00:00 AM","2025 Feb 18 12:00:00 AM","Klickitat Valley Health","18,647","Other","11,960","Health",,"2,025","2025","10,000-49,999","1-99","0","5","5","false","0","5","false","19","0","WA"
"2024 Aug 06 12:00:00 AM","2025 Mar 18 12:00:00 AM","Cyberattack","2025 Feb 18 12:00:00 AM","2025 Feb 18 12:00:00 AM","Pennsylvania State Education Association","18,655","Ransomware","795","Business","Legal","2,025","2025","500-999","0","196","-196","0","true","0",,"false","224","0","PA"
"2024 Aug 16 12:00:00 AM","2025 Mar 19 12:00:00 AM","Cyberattack","2024 Aug 12 12:00:00 AM","2024 Aug 16 12:00:00 AM","OBI Seafoods, LLC","18,672","Ransomware","4,689","Business","Other","2,025","2025","1,000-9,999","1-99","0","4","4","true","4",,"true","215","1-99","WA"
"2024 Nov 20 12:00:00 AM","2025 Mar 20 12:00:00 AM","Unauthorized Access","2024 Nov 20 12:00:00 AM","2024 Nov 20 12:00:00 AM","Southeast Series of Lockton Companies, LLC (“Lockton”)","18,673",,"11,794","Business","Other","2,025","2025","10,000-49,999","0","0","0","0","true","0",,"true","120","0","WA"
"2024 Jul 03 12:00:00 AM","2025 Mar 21 12:00:00 AM","Cyberattack","2024 Jun 29 12:00:00 AM","2024 Jul 03 12:00:00 AM","Prosser School District ","18,692","Ransomware","963","Education",,"2,025","2025","500-999","1-99","0","4","4","true","4",,"true","261","1-99","WA"
"2024 Oct 03 12:00:00 AM","2025 Mar 21 12:00:00 AM","Cyberattack","2024 Sep 30 12:00:00 AM","2024 Oct 03 12:00:00 AM","Issaquah Financial dba for Highlands Insurance & Retirement ","18,693","Phishing","795","Finance",,"2,025","2025","500-999","1-99","0","3","3","true","3",,"true","169","1-99","WA"
"2024 Jan 24 12:00:00 AM","2025 Mar 21 12:00:00 AM","Cyberattack","2023 Dec 15 12:00:00 AM","2024 Jan 24 12:00:00 AM","St. Joseph’s College of Maine","18,836","Ransomware","728","Education",,"2,025","2025","500-999","1-99","0","40","40","true","40",,"true","422","1-99","ME"
"2025 Feb 15 12:00:00 AM","2025 Mar 25 12:00:00 AM","Cyberattack","2025 Feb 15 12:00:00 AM","2025 Feb 15 12:00:00 AM","Crossroads Trading Co., Inc.","18,838","Ransomware","4,721","Business","Retail","2,025","2025","1,000-9,999","0","0","0","0","true","0",,"true","38","0","CA"
"2024 Mar 22 12:00:00 AM","2025 Mar 26 12:00:00 AM","Cyberattack","2024 Mar 09 12:00:00 AM","2024 Mar 22 12:00:00 AM","Lee University","18,840","Ransomware","1,167","Education",,"2,025","2025","1,000-9,999","1-99","0","13","13","true","13",,"true","369","1-99","TN"
"2024 Mar 22 12:00:00 AM","2025 Mar 26 12:00:00 AM","Cyberattack","2024 Mar 09 12:00:00 AM","2024 Mar 22 12:00:00 AM","Lee University","18,839","Ransomware","1,167","Education",,"2,025","2025","1,000-9,999","1-99","0","13","13","true","13",,"true","369","1-99","TN"
"2025 Feb 10 12:00:00 AM","2025 Mar 26 12:00:00 AM","Cyberattack","2025 Feb 10 12:00:00 AM","2025 Feb 20 12:00:00 AM","Pacific Residential Mortgage, LLC","18,841","Ransomware","2,088","Finance",,"2,025","2025","1,000-9,999","1-99","10","0","10","true","10",,"false","44","1-99","OR"
"2024 Feb 24 12:00:00 AM","2025 Mar 26 12:00:00 AM","Cyberattack","2024 Feb 18 12:00:00 AM","2024 Feb 23 12:00:00 AM","The Pension Specialist","18,842","Ransomware","845","Finance",,"2,025","2025","500-999","1-99","0","6","6","false","5","1","false","396","1-99","IL"
"2024 Sep 17 12:00:00 AM","2025 Mar 31 12:00:00 AM","Cyberattack","2024 Sep 06 12:00:00 AM","2024 Sep 17 12:00:00 AM","Montana Health Solutions","18,849","Phishing","619","Health",,"2,025","2025","500-999","1-99","0","11","11","true","11",,"true","195","1-99","MT"
"2024 Sep 07 12:00:00 AM","2025 Apr 02 12:00:00 AM","Cyberattack",,,"Highline School District","18,850","Ransomware","92,954","Education",,"2,025","2025","50,000-999,999","Unknown",,,,"false",,,"false","207","Unknown","WA"
"2024 Dec 05 12:00:00 AM","2025 Apr 02 12:00:00 AM","Unauthorized Access","2024 Sep 30 12:00:00 AM","2024 Nov 18 12:00:00 AM","Neltac, Inc.","18,851",,"2,584","Business","Other","2,025","2025","1,000-9,999","1-99","0","66","66","false","49","17","false","118","1-99","WA"
"2024 Aug 24 12:00:00 AM","2025 Apr 03 12:00:00 AM","Cyberattack","2024 Jul 03 12:00:00 AM","2024 Aug 24 12:00:00 AM","Port of Seattle","18,852","Ransomware","71,939","Government",,"2,025","2025","50,000-999,999","1-99","0","52","52","true","52",,"true","222","1-99","WA"
"2024 Oct 31 12:00:00 AM","2025 Apr 07 12:00:00 AM","Unauthorized Access","2024 Oct 14 12:00:00 AM","2024 Oct 31 12:00:00 AM","Ulrich Consulting & Investment Group, LLC d/b/a Ulrich Inves","18,853",,"533","Finance",,"2,025","2025","500-999","1-99","0","17","17","true","17",,"true","158","1-99","NM"
"2024 Oct 09 12:00:00 AM","2025 Apr 07 12:00:00 AM","Cyberattack","2024 Oct 09 12:00:00 AM","2024 Oct 09 12:00:00 AM","Benefits Partner, LLC","18,854","Other","1,315","Business","Other","2,025","2025","1,000-9,999","0","0","0","0","true","0",,"true","180","0","MI"
"2023 Sep 09 12:00:00 AM","2025 Apr 08 12:00:00 AM","Cyberattack","2023 Sep 04 12:00:00 AM","2023 Sep 09 12:00:00 AM","Eisner Advisory Group LLC","18,855","Ransomware","2,121","Finance",,"2,025","2025","1,000-9,999","1-99","0","5","5","true","5",,"true","577","1-99","MN"
"2024 Sep 26 12:00:00 AM","2025 Apr 08 12:00:00 AM","Unauthorized Access","2025 Mar 31 12:00:00 AM","2025 Mar 31 12:00:00 AM","American Association of Colleges of Osteopathic Medicine","18,856",,"1,740","Education",,"2,025","2025","1,000-9,999","0","186","-186","0","true","0",,"false","194","0","MD"
"2025 Mar 12 12:00:00 AM","2025 Apr 09 12:00:00 AM","Unauthorized Access","2024 Oct 08 12:00:00 AM","2025 Mar 12 12:00:00 AM","Lee Valley Tools, Ltd. (“Lee Valley”) ","18,858",,"2,882","Business","Retail","2,025","2025","1,000-9,999","100-199","0","155","155","true","155",,"true","28","100-199","NV"
"2024 Oct 27 12:00:00 AM","2025 Apr 10 12:00:00 AM","Cyberattack","2024 Oct 27 12:00:00 AM","2024 Oct 27 12:00:00 AM","Laboratory Services Cooperative","18,880","Ransomware","475,487","Non-Profit/Charity",,"2,025","2025","50,000-999,999","0","0","0","0","true","0",,"true","165","0","WA"
"2024 May 13 12:00:00 AM","2025 Apr 11 12:00:00 AM","Cyberattack","2024 May 13 12:00:00 AM","2024 Jun 17 12:00:00 AM","Landmark Admin, LLC","18,889","Ransomware","11,691","Business","Other","2,025","2025","10,000-49,999","1-99","35","0","35","true","35",,"false","333","1-99","WA"
"2025 Feb 28 12:00:00 AM","2025 Apr 11 12:00:00 AM","Unauthorized Access","2024 Dec 26 12:00:00 AM","2025 Feb 28 12:00:00 AM","Whitman County Public Hospital District No. 3","18,912",,"48,174","Health",,"2,025","2025","10,000-49,999","1-99","0","64","64","true","64",,"true","42","1-99","WA"
"2025 Feb 10 12:00:00 AM","2025 Apr 11 12:00:00 AM","Unauthorized Access",,,"The Hertz Corporation","18,913",,"19,297","Business","Retail","2,025","2025","10,000-49,999","Unknown",,,,"false",,,"false","60","Unknown","FL"
"2023 Nov 14 12:00:00 AM","2025 Apr 14 12:00:00 AM","Cyberattack","2023 Nov 14 12:00:00 AM","2023 Nov 14 12:00:00 AM","The City of Long Beach CA","18,914","Ransomware","983","Government",,"2,025","2025","500-999","0","0","0","0","true","0",,"true","517","0","CA"
"2024 Nov 20 12:00:00 AM","2025 Apr 17 12:00:00 AM","Cyberattack","2024 Nov 20 12:00:00 AM","2024 Nov 20 12:00:00 AM","Behavioral Health Resources","18,928","Ransomware","35,000","Health",,"2,025","2025","10,000-49,999","0","0","0","0","true","0",,"true","148","0","WA"
"2025 Jan 16 12:00:00 AM","2025 Apr 18 12:00:00 AM","Unauthorized Access","2025 Jan 16 12:00:00 AM","2025 Jan 16 12:00:00 AM","Compare.com Insurance Agency, LLC","18,939",,"1,752","Business","Other","2,025","2025","1,000-9,999","0","0","0","0","true","0",,"true","92","0","VA"
"2025 Apr 14 12:00:00 AM","2025 Apr 21 12:00:00 AM","Theft or Mistake",,"2025 Apr 21 12:00:00 AM","Grant County Public Utility District No. 2","18,952",,"850","Government",,"2,025","2025","500-999","Unknown","7",,,"true",,,"false","7","Unknown","WA"
"2024 May 20 12:00:00 AM","2025 Apr 21 12:00:00 AM","Cyberattack","2024 Apr 30 12:00:00 AM","2024 May 20 12:00:00 AM","Allied Telesis, Inc.","18,953","Ransomware","783","Business","Manufacturing","2,025","2025","500-999","1-99","0","20","20","true","20",,"true","336","1-99","CA"
"2024 Dec 12 12:00:00 AM","2025 Apr 21 12:00:00 AM","Unauthorized Access","2024 Dec 12 12:00:00 AM","2024 Dec 17 12:00:00 AM","Kelly & Associates Insurance Group, Inc.","18,954",,"5,640","Business","Other","2,025","2025","1,000-9,999","1-99","5","0","5","true","5",,"false","130","1-99","MD"
"2024 Feb 28 12:00:00 AM","2025 Apr 25 12:00:00 AM","Cyberattack","2024 Feb 27 12:00:00 AM","2024 Feb 28 12:00:00 AM","VeriSource Services Inc","19,004","Ransomware","85,880","Health",,"2,025","2025","50,000-999,999","1-99","0","1","1","true","1",,"true","422","1-99","TX"
"2024 Sep 15 12:00:00 AM","2025 Apr 28 12:00:00 AM","Cyberattack","2024 Aug 14 12:00:00 AM","2024 Sep 15 12:00:00 AM","Schauermann Thayer Law Firm","19,005","Ransomware","2,021","Business","Legal","2,025","2025","1,000-9,999","1-99","0","32","32","true","32",,"true","225","1-99","WA"
"2024 Oct 11 12:00:00 AM","2025 May 02 12:00:00 AM","Cyberattack","2024 Sep 24 12:00:00 AM","2024 Oct 14 12:00:00 AM","BayMark Health Services, Inc.","19,040","Ransomware","2,263","Health",,"2,025","2025","1,000-9,999","1-99","3","17","20","true","20",,"false","203","1-99","TX"
"2024 Nov 21 12:00:00 AM","2025 May 06 12:00:00 AM","Cyberattack","2024 Nov 05 12:00:00 AM","2024 Nov 21 12:00:00 AM","Regence (Regence BS, Regence BSI and Regence BCBSO)","19,043","Phishing","706","Health",,"2,025","2025","500-999","1-99","0","16","16","true","16",,"true","166","1-99","OR"
"2025 Mar 18 12:00:00 AM","2025 May 07 12:00:00 AM","Unauthorized Access","2024 May 08 12:00:00 AM","2024 May 22 12:00:00 AM","SogoTrade, Inc.","19,055",,"1,098","Finance",,"2,025","2025","1,000-9,999","300-399","0","314","314","false","14","300","false","50","1-99","MO"
"2024 Apr 27 12:00:00 AM","2025 May 09 12:00:00 AM","Cyberattack","2024 Apr 25 12:00:00 AM","2024 Apr 30 12:00:00 AM","Legacy Professionals, LLP","19,085","Malware","890","Finance",,"2,025","2025","500-999","1-99","3","2","5","true","5",,"false","377","1-99","IL"
"2024 Oct 23 12:00:00 AM","2025 May 09 12:00:00 AM","Cyberattack","2024 Oct 23 12:00:00 AM","2024 Oct 23 12:00:00 AM","Andy Frain Services Inc","19,086","Ransomware","1,046","Business","Other","2,025","2025","1,000-9,999","0","0","0","0","true","0",,"true","198","0","IL"
"2024 Nov 19 12:00:00 AM","2025 May 12 12:00:00 AM","Cyberattack","2024 Nov 05 12:00:00 AM","2024 Nov 21 12:00:00 AM","MedicareCompareUSA","19,087","Phishing","1,768","Business","Other","2,025","2025","1,000-9,999","1-99","2","14","16","true","16",,"false","174","1-99","WA"
"2024 Nov 19 12:00:00 AM","2025 May 12 12:00:00 AM","Cyberattack","2024 Nov 05 12:00:00 AM","2024 Nov 21 12:00:00 AM","MedicareCompareUS filing on behalf of Humana","19,088","Phishing","922","Health",,"2,025","2025","500-999","1-99","2","14","16","true","16",,"false","174","1-99","WA"
"2024 Sep 04 12:00:00 AM","2025 May 13 12:00:00 AM","Unauthorized Access","2024 Sep 04 12:00:00 AM","2024 Sep 05 12:00:00 AM","Weiser Memorial Hospital","19,099",,"1,163","Health",,"2,025","2025","1,000-9,999","1-99","1","0","1","true","1",,"false","251","1-99","ID"
"2025 May 11 12:00:00 AM","2025 May 20 12:00:00 AM","Cyberattack","2024 Dec 26 12:00:00 AM","2025 May 05 12:00:00 AM","Coinbase, Inc","19,131","Other","3,337","Finance",,"2,025","2025","1,000-9,999","100-199","0","136","136","false","130","6","false","9","100-199","CA"
"2025 Mar 20 12:00:00 AM","2025 May 05 12:00:00 AM","Unauthorized Access","2024 Jul 05 12:00:00 AM","2024 Jul 11 12:00:00 AM","Swedish Edmonds Hospital (fka Stevens Memorial Hospital) ","19,133",,"746","Health",,"2,025","2025","500-999","200-299","0","258","258","false","6","252","false","46","1-99","WA"
"2024 Mar 24 12:00:00 AM","2025 May 23 12:00:00 AM","Cyberattack","2024 Mar 18 12:00:00 AM","2024 Mar 24 12:00:00 AM","ALN Medical Management, LLC","19,183","Ransomware","7,587","Business","Professional Services","2,025","2025","1,000-9,999","1-99","0","6","6","true","6",,"true","425","1-99","NE"
"2023 Oct 21 12:00:00 AM","2025 Jun 02 12:00:00 AM","Cyberattack","2023 Oct 16 12:00:00 AM","2023 Oct 21 12:00:00 AM","Clark County, WA","19,253","Ransomware","58,168","Government",,"2,025","2025","50,000-999,999","1-99","0","5","5","true","5",,"true","590","1-99","WA"
"2025 Apr 07 12:00:00 AM","2025 Jun 06 12:00:00 AM","Cyberattack","2025 Apr 02 12:00:00 AM","2025 Apr 07 12:00:00 AM","Patinkin Research Strategies, LLC","19,266","Phishing","28,614","Non-Profit/Charity",,"2,025","2025","10,000-49,999","1-99","0","5","5","true","5",,"true","60","1-99","WA"
"2025 Feb 06 12:00:00 AM","2025 Jun 06 12:00:00 AM","Cyberattack","2025 Jan 27 12:00:00 AM","2025 Feb 06 12:00:00 AM","Episource, LLC","19,267","Ransomware","102,913","Health",,"2,025","2025","50,000-999,999","1-99","0","10","10","true","10",,"true","120","1-99","CA"
"2025 Mar 22 12:00:00 AM","2025 Jun 09 12:00:00 AM","Cyberattack","2024 Oct 20 12:00:00 AM","2025 Mar 21 12:00:00 AM","New York University","19,274","Other","11,560","Education",,"2,025","2025","10,000-49,999","100-199","0","153","153","false","152","1","false","79","100-199","NY"
"2024 Apr 02 12:00:00 AM","2025 Jun 12 12:00:00 AM","Unauthorized Access","2024 Apr 01 12:00:00 AM","2024 Apr 04 12:00:00 AM","DOYON, LIMITED","19,290",,"1,929","Business","Other","2,025","2025","1,000-9,999","1-99","2","1","3","true","3",,"false","436","1-99","AK"
"2024 Sep 19 12:00:00 AM","2025 Jun 12 12:00:00 AM","Cyberattack","2024 Jun 28 12:00:00 AM","2024 Sep 19 12:00:00 AM","McKay Wealth Management ","19,302","Phishing","847","Finance",,"2,025","2025","500-999","1-99","0","83","83","true","83",,"true","266","1-99","WA"
"2025 Jan 16 12:00:00 AM","2025 Jun 13 12:00:00 AM","Cyberattack","2024 May 09 12:00:00 AM","2024 Jul 23 12:00:00 AM","Effortless Office Enterprises, LLC","19,303","Ransomware","752","Business","Other","2,025","2025","500-999","200-299","0","252","252","false","75","177","false","148","1-99","WA"
"2024 Dec 17 12:00:00 AM","2025 Jun 14 12:00:00 AM","Unauthorized Access","2024 Dec 15 12:00:00 AM","2024 Dec 17 12:00:00 AM","Decisely Insurance Services, LLC","19,307",,"8,065","Business","Human Resources","2,025","2025","1,000-9,999","1-99","0","2","2","true","2",,"true","179","1-99","GA"
"2024 Sep 14 12:00:00 AM","2025 Jun 16 12:00:00 AM","Cyberattack","2024 Aug 31 12:00:00 AM","2024 Sep 14 12:00:00 AM","Albany College of Pharmacy and Health Sciences","19,337","Ransomware","3,245","Education",,"2,025","2025","1,000-9,999","1-99","0","14","14","true","14",,"true","275","1-99","NY"
"2025 Mar 31 12:00:00 AM","2025 Jun 18 12:00:00 AM","Cyberattack","2024 Jul 05 12:00:00 AM","2024 Jul 11 12:00:00 AM","TRG, LLC ","19,360","Other","2,352","Health",,"2,025","2025","1,000-9,999","200-299","0","269","269","false","6","263","false","79","1-99","OR"
"2025 Apr 14 12:00:00 AM","2025 Jun 20 12:00:00 AM","Unauthorized Access","2025 Apr 15 12:00:00 AM","2025 Apr 21 12:00:00 AM","Pierce County Library System","19,361",,"336,826","Government",,"2,025","2025","50,000-999,999","1-99","7","-1","6","true","6",,"false","67","1-99","WA"
"2025 May 22 12:00:00 AM","2025 Jun 21 12:00:00 AM","Cyberattack","2025 May 19 12:00:00 AM","2025 May 22 12:00:00 AM","32 Pearls","19,363","Ransomware","23,550","Health",,"2,025","2025","10,000-49,999","1-99","0","3","3","true","3",,"true","30","1-99","WA"
"2025 May 05 12:00:00 AM","2025 Jun 23 12:00:00 AM","Theft or Mistake","2025 Mar 12 12:00:00 AM","2025 May 05 12:00:00 AM","The Mindfuel Foundation","19,366",,"1,205","Non-Profit/Charity",,"2,025","2025","1,000-9,999","1-99","0","54","54","true","54",,"true","49","1-99","WA"
"2025 Mar 14 12:00:00 AM","2025 Jun 25 12:00:00 AM","Cyberattack","2025 Mar 14 12:00:00 AM","2025 Mar 16 12:00:00 AM","The Yakima Herald-Republic & The Walla Walla Union-Bulletin","19,396","Ransomware","659","Business","Other","2,025","2025","500-999","1-99","2","0","2","true","2",,"false","103","1-99","WA"
"2024 Dec 20 12:00:00 AM","2025 Jun 25 12:00:00 AM","Cyberattack","2024 Dec 12 12:00:00 AM","2024 Dec 20 12:00:00 AM","Nth Degree Investment Group","19,397","Ransomware","741","Business","Hospitality","2,025","2025","500-999","1-99","0","8","8","true","8",,"true","187","1-99","GA"
"2025 Mar 28 12:00:00 AM","2025 Jun 26 12:00:00 AM","Cyberattack","2025 Mar 28 12:00:00 AM","2025 Mar 28 12:00:00 AM","Calton & Associates, Inc.","19,405","Ransomware","662","Finance",,"2,025","2025","500-999","0","0","0","0","true","0",,"true","90","0","FL"
"2024 Nov 06 12:00:00 AM","2025 Jun 26 12:00:00 AM","Cyberattack","2024 Nov 05 12:00:00 AM","2024 Nov 06 12:00:00 AM","Ahold Delhaize USA Services, LLC","19,406","Ransomware","3,744","Business","Retail","2,025","2025","1,000-9,999","1-99","0","1","1","true","1",,"true","232","1-99","NC"
"2025 Mar 18 12:00:00 AM","2025 Jun 27 12:00:00 AM","Cyberattack","2025 Nov 05 12:00:00 AM","2025 Nov 21 12:00:00 AM","Medicare CompareUSA filing on behalf of United Healthcare","19,407","Phishing","1,258","Health",,"2,025","2025","1,000-9,999","1-99","248","-232","16","true","16",,"false","101","1-99","WA"
"2025 Jan 23 12:00:00 AM","2025 Jun 26 12:00:00 AM","Unauthorized Access","2024 Dec 02 12:00:00 AM","2025 Jan 22 12:00:00 AM","Bridges Experience, Inc.","19,408",,"517","Business","Software","2,025","2025","500-999","1-99","0","52","52","false","51","1","false","154","1-99","NC"
"2025 Jan 27 12:00:00 AM","2025 Jun 30 12:00:00 AM","Cyberattack","2024 Oct 12 12:00:00 AM","2024 Oct 24 12:00:00 AM","Western Alliance Bank (""WAB"")","19,439","Ransomware","539","Finance",,"2,025","2025","500-999","100-199","0","107","107","false","12","95","false","154","1-99","AZ"
"2024 Apr 06 12:00:00 AM","2025 Jul 01 12:00:00 AM","Cyberattack","2024 Apr 02 12:00:00 AM","2024 Apr 06 12:00:00 AM","Radiology Associates of Richmond Inc","19,444","Ransomware","570","Health",,"2,025","2025","500-999","1-99","0","4","4","true","4",,"true","451","1-99","VA"
"2025 Feb 18 12:00:00 AM","2025 Jul 02 12:00:00 AM","Unauthorized Access","2025 Feb 16 12:00:00 AM","2025 Feb 18 12:00:00 AM","Integrated Specialty Coverages, LLC (""ISC"")","19,445",,"822","Business","Other","2,025","2025","500-999","1-99","0","2","2","true","2",,"true","134","1-99","CA"
"2024 Nov 07 12:00:00 AM","2025 Jul 03 12:00:00 AM","Cyberattack","2024 Oct 31 12:00:00 AM","2024 Nov 08 12:00:00 AM","Finastra Technology, Inc.","19,446","Other","679","Finance",,"2,025","2025","500-999","1-99","1","7","8","true","8",,"false","238","1-99","FL"
"2025 Apr 17 12:00:00 AM","2025 Jul 03 12:00:00 AM","Cyberattack","2025 May 15 12:00:00 AM","2025 Apr 17 12:00:00 AM","Arbor Associates, Inc.","19,453","Ransomware","9,005","Health",,"2,025","2025","1,000-9,999","0","0","-28","-28","true","-28",,"true","77","0","MI"
"2024 Dec 10 12:00:00 AM","2025 Jul 07 12:00:00 AM","Cyberattack","2024 Oct 22 12:00:00 AM","2024 Dec 09 12:00:00 AM","Cierant Corporation","19,459","Ransomware","530","Health",,"2,025","2025","500-999","1-99","0","49","49","false","48","1","false","209","1-99","WA"
"2024 Jun 23 12:00:00 AM","2025 Jul 07 12:00:00 AM","Cyberattack","2024 Jun 23 12:00:00 AM","2024 Jun 30 12:00:00 AM","Bitcoin Depot, Inc.","19,472","Malware","3,486","Finance",,"2,025","2025","1,000-9,999","1-99","7","0","7","true","7",,"false","379","1-99","WA"
"2025 Jan 25 12:00:00 AM","2025 Jul 10 12:00:00 AM","Cyberattack","2025 Jan 20 12:00:00 AM","2025 Jan 25 12:00:00 AM","Northwest Radiologists, Inc./Mount Baker Imaging","19,564","Ransomware","348,118","Health",,"2,025","2025","50,000-999,999","1-99","0","5","5","true","5",,"true","166","1-99","WA"
"2025 Jun 06 12:00:00 AM","2025 Jul 11 12:00:00 AM","Cyberattack",,,"New American Funding, LLC","19,631","Ransomware","1,991","Finance",,"2,025","2025","1,000-9,999","Unknown",,,,"false",,,"false","35","Unknown","CA"
"2024 May 28 12:00:00 AM","2025 Jul 11 12:00:00 AM","Unauthorized Access","2024 Apr 21 12:00:00 AM","2024 May 16 12:00:00 AM","Dordt University","19,661",,"3,711","Education",,"2,025","2025","1,000-9,999","1-99","0","37","37","false","25","12","false","409","1-99","IA"
"2025 Apr 01 12:00:00 AM","2025 Jul 11 12:00:00 AM","Cyberattack","2025 Mar 28 12:00:00 AM","2025 Apr 01 12:00:00 AM","Ocuco","19,662","Other","24,833","Business","Other","2,025","2025","10,000-49,999","1-99","0","4","4","true","4",,"true","101","1-99","FL"
"2025 Jun 24 12:00:00 AM","2025 Jul 14 12:00:00 AM","Unauthorized Access","2025 Jun 17 12:00:00 AM","2025 Jun 24 12:00:00 AM","BYU-Pathway","19,663",,"826","Non-Profit/Charity",,"2,025","2025","500-999","1-99","0","7","7","true","7",,"true","20","1-99","UT"
"2025 Jun 16 12:00:00 AM","2025 Jul 15 12:00:00 AM","Cyberattack",,"2025 Jun 16 12:00:00 AM","Teamsters Local Union No. 117","19,677","Ransomware","86,122","Non-Profit/Charity",,"2,025","2025","50,000-999,999","Unknown","0",,,"true",,,"true","29","Unknown","WA"
"2025 Jun 16 12:00:00 AM","2025 Jul 15 12:00:00 AM","Cyberattack",,,"Teamsters Local Union No. 763","19,678","Unclear/unknown","1,713","Non-Profit/Charity",,"2,025","2025","1,000-9,999","Unknown",,,,"false",,,"false","29","Unknown","WA"
"2025 Apr 08 12:00:00 AM","2025 Jul 15 12:00:00 AM","Cyberattack","2025 Jan 29 12:00:00 AM","2025 Jan 29 12:00:00 AM","American Consumer Credit Counseling, Inc. (“ACCC”)","19,679","Other","1,579","Non-Profit/Charity",,"2,025","2025","1,000-9,999","1-99","0","69","69","false","0","69","false","98","0","MA"
"2025 Jun 16 12:00:00 AM","2025 Jul 16 12:00:00 AM","Cyberattack",,"2025 Jun 16 12:00:00 AM","Teamsters Local Union No. 174","19,680","Unclear/unknown","37,828","Non-Profit/Charity",,"2,025","2025","10,000-49,999","Unknown","0",,,"true",,,"true","30","Unknown","WA"
"2023 Sep 24 12:00:00 AM","2025 Jun 30 12:00:00 AM","Unauthorized Access","2023 Feb 01 12:00:00 AM","2023 Sep 30 12:00:00 AM","Johnson Controls","19,691",,"4,903","Business","Manufacturing","2,025","2025","1,000-9,999","200-299","6","235","241","true","241",,"false","645","200-299","NY"
"2024 Dec 10 12:00:00 AM","2025 Jul 07 12:00:00 AM","Cyberattack","2024 Oct 22 12:00:00 AM","2024 Dec 09 12:00:00 AM","Cierant Corporation","19,723","Ransomware","902","Health",,"2,025","2025","500-999","1-99","0","49","49","false","48","1","false","209","1-99","CT"
"2025 May 07 12:00:00 AM","2025 Jul 18 12:00:00 AM","Cyberattack","2025 Jan 26 12:00:00 AM","2025 Jan 26 12:00:00 AM","Christian Dior Couture SAS","19,727","Phishing","10,878","Business","Retail","2,025","2025","10,000-49,999","100-199","0","101","101","false","0","101","false","72","0","NY"
"2025 Mar 24 12:00:00 AM","2025 Jul 18 12:00:00 AM","Cyberattack","2025 Mar 24 12:00:00 AM","2025 Mar 27 12:00:00 AM","Solix, Inc. ","19,735","Phishing","1,250","Business","Professional Services","2,025","2025","1,000-9,999","1-99","3","0","3","true","3",,"false","116","1-99","WA"
"2025 May 23 12:00:00 AM","2025 Jul 23 12:00:00 AM","Cyberattack","2025 May 16 12:00:00 AM","2025 May 18 12:00:00 AM","Benworth Capital Partners","19,756","Ransomware","1,932","Finance",,"2,025","2025","1,000-9,999","1-99","0","7","7","false","2","5","false","61","1-99","FL"
"2025 Jun 09 12:00:00 AM","2025 Jul 24 12:00:00 AM","Cyberattack","2025 Jun 07 12:00:00 AM","2025 Jun 09 12:00:00 AM","Franklin Pierce School District","19,772","Ransomware","1,478","Education",,"2,026","2026","1,000-9,999","1-99","0","2","2","true","2",,"true","45","1-99","WA"
"2025 Jul 17 12:00:00 AM","2025 Jul 25 12:00:00 AM","Cyberattack","2025 Jul 16 12:00:00 AM","2025 Jul 17 12:00:00 AM","Allianz Life Insurance Company of North America","19,785","Other","22,983","Finance",,"2,026","2026","10,000-49,999","1-99","0","1","1","true","1",,"true","8","1-99","MN"
"2025 May 28 12:00:00 AM","2025 Jul 25 12:00:00 AM","Cyberattack","2025 May 27 12:00:00 AM","2025 May 27 12:00:00 AM","Northwest Denture Center, Inc.","19,787","Ransomware","12,209","Health",,"2,026","2026","10,000-49,999","1-99","0","1","1","false","0","1","false","58","0","WA"
"2025 Feb 20 12:00:00 AM","2025 Jul 25 12:00:00 AM","Unauthorized Access","2025 Jan 22 12:00:00 AM","2025 Apr 01 12:00:00 AM","Cerner Corporation","19,788",,"67,911","Health",,"2,026","2026","50,000-999,999","1-99","40","29","69","true","69",,"false","155","1-99","MO"
"2025 Jan 28 12:00:00 AM","2025 Aug 13 12:00:00 AM","Cyberattack","2025 Jan 02 12:00:00 AM","2025 Jan 28 12:00:00 AM","Health Services Seattle, LLC","19,915","Ransomware","7,389","Health",,"2,026","2026","1,000-9,999","1-99","0","26","26","true","26",,"true","197","1-99","WA"
"2025 Jan 28 12:00:00 AM","2025 Aug 12 12:00:00 AM","Cyberattack","2025 Jan 02 12:00:00 AM","2025 Jan 28 12:00:00 AM","Health Services LLC","19,914","Ransomware","11,088","Health",,"2,026","2026","10,000-49,999","1-99","0","26","26","true","26",,"true","196","1-99",
"2024 Dec 21 12:00:00 AM","2025 Aug 15 12:00:00 AM","Cyberattack","2024 Dec 13 12:00:00 AM","2024 Dec 21 12:00:00 AM","CPAP Medical Supplies and Services Inc","19,982","Ransomware","1,381","Health",,"2,026","2026","1,000-9,999","1-99","0","8","8","true","8",,"true","237","1-99","FL"
"2024 Jul 01 12:00:00 AM","2025 Aug 21 12:00:00 AM","Cyberattack","2024 Jul 01 12:00:00 AM","2024 Jul 05 12:00:00 AM","The Computer Merchant","20,023","Ransomware","543","Business","Professional Services","2,026","2026","500-999","1-99","4","0","4","true","4",,"false","416","1-99","MA"
"2025 May 30 12:00:00 AM","2025 Aug 22 12:00:00 AM","Cyberattack","2025 May 29 12:00:00 AM","2025 May 29 12:00:00 AM","Farmers Insurance Exchange, Farmers Group, Inc. (its attorne","20,024","Other","45,354","Finance",,"2,026","2026","10,000-49,999","1-99","0","1","1","false","0","1","false","84","0","CA"
"2025 May 30 12:00:00 AM","2025 Aug 22 12:00:00 AM","Cyberattack","2025 May 29 12:00:00 AM","2025 May 29 12:00:00 AM","Farmers New World Life Insurance Company","20,025","Other","1,463","Finance",,"2,026","2026","1,000-9,999","1-99","0","1","1","false","0","1","false","84","0","WA"
"2025 Jul 02 12:00:00 AM","2025 Aug 22 12:00:00 AM","Unauthorized Access","2025 Jun 07 12:00:00 AM","2025 Jun 13 12:00:00 AM","Louis Vuitton North America, Inc.","20,046",,"17,615","Business","Retail","2,026","2026","10,000-49,999","1-99","0","25","25","false","6","19","false","51","1-99","NY"
"2024 Oct 07 12:00:00 AM","2025 Aug 25 12:00:00 AM","Cyberattack","2024 Sep 27 12:00:00 AM","2024 Oct 03 12:00:00 AM","Healthcare Services Group, Inc","20,093","Ransomware","7,745","Business","Other","2,026","2026","1,000-9,999","1-99","0","10","10","false","6","4","false","322","1-99","PA"
"2025 Feb 26 12:00:00 AM","2025 Aug 26 12:00:00 AM","Cyberattack","2025 Feb 19 12:00:00 AM","2025 Mar 05 12:00:00 AM","Absolute Dental Group, LLC","20,095","Ransomware","1,001","Health",,"2,026","2026","1,000-9,999","1-99","7","7","14","true","14",,"false","181","1-99","NV"
"2025 Jul 30 12:00:00 AM","2025 Aug 27 12:00:00 AM","Unauthorized Access","2025 Jul 28 12:00:00 AM","2025 Jul 29 12:00:00 AM","Trans Union LLC.","20,096",,"88,689","Finance",,"2,026","2026","50,000-999,999","1-99","0","2","2","false","1","1","false","28","1-99","IL"
"2025 Apr 15 12:00:00 AM","2025 Aug 27 12:00:00 AM","Cyberattack","2025 Apr 13 12:00:00 AM","2025 Apr 15 12:00:00 AM","Lasership Inc. dba OnTrac Final Mile (“OnTrac”) ","20,097","Ransomware","3,267","Business","Other","2,026","2026","1,000-9,999","1-99","0","2","2","true","2",,"true","134","1-99","VA"
"2025 Aug 18 12:00:00 AM","2025 Aug 28 12:00:00 AM","Unauthorized Access","2025 Aug 22 12:00:00 AM","2025 Aug 22 12:00:00 AM","Northwest Medical Specialties PLLC","20,098",,"3,846","Health",,"2,026","2026","1,000-9,999","0","4","-4","0","true","0",,"false","10","0","WA"
"2024 Oct 12 12:00:00 AM","2025 Aug 29 12:00:00 AM","Cyberattack","2024 Sep 26 12:00:00 AM","2024 Oct 12 12:00:00 AM","S.V.D.P. Management Inc.","20,108","Ransomware","3,893","Non-Profit/Charity",,"2,026","2026","1,000-9,999","1-99","0","16","16","true","16",,"true","321","1-99","CA"
"2024 Dec 20 12:00:00 AM","2025 Sep 05 12:00:00 AM","Cyberattack","2024 Dec 12 12:00:00 AM","2024 Dec 20 12:00:00 AM","Cornwell Quality Tools","20,163","Ransomware","3,170","Business","Retail","2,026","2026","1,000-9,999","1-99","0","8","8","true","8",,"true","259","1-99","WA"
"2025 Jan 26 12:00:00 AM","2025 Sep 05 12:00:00 AM","Cyberattack","2025 Jan 20 12:00:00 AM","2025 Jan 26 12:00:00 AM","New York Blood Center Enterprises","20,164","Ransomware","2,996","Non-Profit/Charity",,"2,026","2026","1,000-9,999","1-99","0","6","6","true","6",,"true","222","1-99","NY"
"2024 Dec 26 12:00:00 AM","2025 Sep 08 12:00:00 AM","Unauthorized Access","2024 Dec 26 12:00:00 AM",,"Skagit County, WA","20,168",,"1,099","Government",,"2,026","2026","1,000-9,999","Unknown",,"0",,"false",,,"false","256","Unknown","WA"
"2025 Mar 14 12:00:00 AM","2025 Sep 10 12:00:00 AM","Cyberattack","2025 Mar 06 12:00:00 AM","2025 Mar 14 12:00:00 AM","Farmer Brothers Company","20,172","Ransomware","1,573","Business","Other","2,026","2026","1,000-9,999","1-99","0","8","8","true","8",,"true","180","1-99","TX"
"2024 Nov 21 12:00:00 AM","2025 Sep 10 12:00:00 AM","Unauthorized Access","2024 Nov 05 12:00:00 AM","2025 Nov 21 12:00:00 AM","Medicare CompareUSA filing on behalf of Aetna","20,188",,"808","Business","Other","2,026","2026","500-999","300-399","365","16","381","true","381",,"false","293","300-399","WA"
"2025 Aug 15 12:00:00 AM","2025 Sep 11 12:00:00 AM","Unauthorized Access","2025 Aug 15 12:00:00 AM","2025 Aug 15 12:00:00 AM","Langabeer McKernan Burnett & Co.","20,194",,"1,364","Finance",,"2,026","2026","1,000-9,999","0","0","0","0","true","0",,"true","27","0","WA"
"2025 Jun 25 12:00:00 AM","2025 Sep 11 12:00:00 AM","Cyberattack","2025 May 27 12:00:00 AM","2025 Jun 29 12:00:00 AM","Union Home Mortgage Corp","20,200","Ransomware","1,650","Finance",,"2,026","2026","1,000-9,999","1-99","4","29","33","true","33",,"false","78","1-99","WA"
"2024 Jun 04 12:00:00 AM","2025 Sep 12 12:00:00 AM","Unauthorized Access","2024 May 31 12:00:00 AM","2024 Jun 03 12:00:00 AM","American First Finance LLC","20,201",,"4,333","Finance",,"2,026","2026","1,000-9,999","1-99","0","4","4","false","3","1","false","465","1-99","WA"
"2024 Dec 26 12:00:00 AM","2025 Sep 15 12:00:00 AM","Cyberattack","2024 Dec 26 12:00:00 AM","2024 Dec 26 12:00:00 AM","Trusteed Plans Services Corporation ","20,217","Ransomware","13,659","Health","Other","2,026","2026","10,000-49,999","0","0","0","0","true","0",,"true","263","0","WA"
"2025 Apr 30 12:00:00 AM","2025 Sep 17 12:00:00 AM","Cyberattack","2025 Apr 23 12:00:00 AM","2025 Apr 30 12:00:00 AM","Bastyr University","20,298","Ransomware","2,676","Education",,"2,026","2026","1,000-9,999","1-99","0","7","7","true","7",,"true","140","1-99","WA"
"2025 Jul 29 12:00:00 AM","2025 Sep 17 12:00:00 AM","Cyberattack","2025 Jul 25 12:00:00 AM","2025 Jul 29 12:00:00 AM","Weinstein Beverage Company ","20,301","Ransomware","943","Business","Consumable","2,026","2026","500-999","1-99","0","4","4","true","4",,"true","50","1-99","WA"
"2025 Jul 01 12:00:00 AM","2025 Sep 23 12:00:00 AM","Cyberattack","2025 Jul 01 12:00:00 AM","2025 Jul 01 12:00:00 AM","Outcomes One, Inc.","20,302","Phishing","3,477","Health",,"2,026","2026","1,000-9,999","0","0","0","0","true","0",,"true","84","0","FL"
"2024 Nov 18 12:00:00 AM","2025 Sep 24 12:00:00 AM","Cyberattack","2024 Oct 25 12:00:00 AM","2024 Dec 07 12:00:00 AM","Tekni-Plex, Inc.","20,303","Ransomware","525","Business","Manufacturing","2,026","2026","500-999","1-99","19","24","43","true","43",,"false","310","1-99","WA"
"2025 Apr 11 12:00:00 AM","2025 Sep 26 12:00:00 AM","Cyberattack","2024 Dec 11 12:00:00 AM","2025 Apr 11 12:00:00 AM","Emergency Responders Health Center","20,307","Phishing","526","Health",,"2,026","2026","500-999","100-199","0","121","121","true","121",,"true","168","100-199","ID"
"2025 Aug 09 12:00:00 AM","2025 Sep 26 12:00:00 AM","Cyberattack","2025 Aug 09 12:00:00 AM","2025 Aug 09 12:00:00 AM","T.R.A. Industries Inc.","20,308","Ransomware","9,612","Business","Manufacturing","2,026","2026","1,000-9,999","0","0","0","0","true","0",,"true","48","0","WA"
"2025 Aug 22 12:00:00 AM","2025 Sep 26 12:00:00 AM","Cyberattack","2025 Aug 22 12:00:00 AM","2025 Aug 22 12:00:00 AM","Georgetown Brewing Company","20,311","Ransomware","19,143","Business","Hospitality","2,026","2026","10,000-49,999","0","0","0","0","true","0",,"true","35","0","WA"
"2025 Jan 13 12:00:00 AM","2025 Oct 24 12:00:00 AM","Cyberattack","2024 Oct 21 12:00:00 AM","2025 Jan 13 12:00:00 AM","Conduent Business Services LLC","20,514","Ransomware","786,927","Business","Professional Services","2,026","2026","50,000-999,999","1-99","0","84","84","true","84",,"true","284","1-99","NJ"
"2024 Oct 23 12:00:00 AM","2025 Nov 12 12:00:00 AM","Cyberattack","2024 Oct 13 12:00:00 AM","2024 Nov 16 12:00:00 AM","American Associated Pharmacies","20,714","Ransomware","1,438","Health",,"2,026","2026","1,000-9,999","1-99","24","10","34","true","34",,"false","385","1-99","AL"
"2025 Oct 14 12:00:00 AM","2025 Nov 12 12:00:00 AM","Unauthorized Access","2025 Apr 16 12:00:00 AM","2025 Oct 14 12:00:00 AM","Activehours, Inc. d/b/a EarnIn","20,725",,"3,412","Finance",,"2,026","2026","1,000-9,999","100-199","0","181","181","true","181",,"true","29","100-199","CA"
"2025 Jun 19 12:00:00 AM","2025 Nov 12 12:00:00 AM","Cyberattack","2025 Jun 19 12:00:00 AM","2025 Jun 19 12:00:00 AM","Hamilton Construction Company","20,733","Ransomware","610","Business","Construction","2,026","2026","500-999","0","0","0","0","true","0",,"true","146","0","OR"
"2025 Sep 22 12:00:00 AM","2025 Nov 14 12:00:00 AM","Unauthorized Access","2025 Sep 09 12:00:00 AM","2025 Oct 23 12:00:00 AM","University of the People","20,755",,"1,650","Education",,"2,026","2026","1,000-9,999","1-99","31","13","44","true","44",,"false","53","1-99","CA"
"2025 Jul 04 12:00:00 AM","2025 Nov 15 12:00:00 AM","Cyberattack","2025 Apr 27 12:00:00 AM","2025 Jul 04 12:00:00 AM","Consero Global Solutions, LLC","20,760","Ransomware","1,007","Finance",,"2,026","2026","1,000-9,999","1-99","0","68","68","true","68",,"true","134","1-99","TX"
"2025 Jan 31 12:00:00 AM","2025 Nov 19 12:00:00 AM","Cyberattack","2025 Jan 30 12:00:00 AM","2025 Jan 31 12:00:00 AM","WEL Companies, Inc.","20,785","Ransomware","978","Business","Shipping","2,026","2026","500-999","1-99","0","1","1","true","1",,"true","292","1-99","WI"
"2025 Aug 14 12:00:00 AM","2025 Nov 19 12:00:00 AM","Cyberattack",,"2025 Aug 14 12:00:00 AM","Sound Community Bank","20,786","Ransomware","5,503","Finance",,"2,026","2026","1,000-9,999","Unknown","0",,,"true",,,"true","97","Unknown","WA"
"2025 May 20 12:00:00 AM","2025 Nov 19 12:00:00 AM","Cyberattack","2024 Dec 17 12:00:00 AM","2024 Dec 17 12:00:00 AM","Mehri & Skalet, PLLC","20,819","Phishing","518","Business","Legal","2,026","2026","500-999","100-199","0","154","154","false","0","154","false","183","0","DC"
"2025 Aug 12 12:00:00 AM","2025 Nov 24 12:00:00 AM","Cyberattack","2025 Aug 09 12:00:00 AM","2025 Aug 12 12:00:00 AM","Dartmouth College","20,821","Other","1,496","Education",,"2,026","2026","1,000-9,999","1-99","0","3","3","true","3",,"true","104","1-99","NH"
"2026 Jan 09 12:00:00 AM","2026 Mar 27 12:00:00 AM","Unauthorized Access","2026 Jan 09 12:00:00 AM","2026 Jan 09 12:00:00 AM","Betterment LLC","23,575",,"2,750","Finance",,"2,026","2026","1,000-9,999","0","0","0","0","true","0",,"true","77","0","NY"
"2026 Jan 22 12:00:00 AM","2026 Mar 31 12:00:00 AM","Cyberattack","2026 Jan 22 12:00:00 AM","2026 Jan 25 12:00:00 AM","Mercer Advisors Inc.","23,577","Phishing","7,470","Finance",,"2,026","2026","1,000-9,999","1-99","3","0","3","true","3",,"false","68","1-99","CO"
"2026 Jan 07 12:00:00 AM","2026 Mar 27 12:00:00 AM","Unauthorized Access","2026 Jan 07 12:00:00 AM","2026 Jan 08 12:00:00 AM","OpenLoop Health Inc.","23,589",,"19,980","Health",,"2,026","2026","10,000-49,999","1-99","1","0","1","true","1",,"false","79","1-99","CA"
"2026 Jan 18 12:00:00 AM","2026 Apr 03 12:00:00 AM","Cyberattack","2026 Jan 15 12:00:00 AM","2026 Jan 18 12:00:00 AM","Rainier Clinical Research Center","23,590","Ransomware","650","Health",,"2,026","2026","500-999","1-99","0","3","3","true","3",,"true","75","1-99","WA"
"2026 Feb 19 12:00:00 AM","2026 Apr 03 12:00:00 AM","Unauthorized Access","2025 Sep 01 12:00:00 AM","2025 Oct 03 12:00:00 AM","DocketWise","23,591",,"689","Business","Software","2,026","2026","500-999","100-199","0","171","171","false","32","139","false","43","1-99","TX"
"2026 Jan 08 12:00:00 AM","2026 Mar 23 12:00:00 AM","Unauthorized Access","2026 Jan 08 12:00:00 AM","2026 Jan 09 12:00:00 AM","Hightower Holding, LLC","23,592",,"7,528","Finance",,"2,026","2026","1,000-9,999","1-99","1","0","1","true","1",,"false","74","1-99","IL"
"2026 Jan 26 12:00:00 AM","2026 Apr 08 12:00:00 AM","Unauthorized Access","2023 May 31 12:00:00 AM","2023 May 31 12:00:00 AM","Wonderland Child and Family Services","23,593",,"1,282","Health",,"2,026","2026","1,000-9,999","500+","0","971","971","false","0","971","false","72","0","WA"
"2025 Feb 26 12:00:00 AM","2026 Apr 08 12:00:00 AM","Cyberattack","2025 Feb 14 12:00:00 AM","2025 Feb 26 12:00:00 AM","DermCare Management","23,594","Ransomware","522","Business","Other","2,026","2026","500-999","1-99","0","12","12","true","12",,"true","406","1-99","FL"
"2025 Aug 22 12:00:00 AM","2026 Apr 08 12:00:00 AM","Cyberattack","2025 Aug 12 12:00:00 AM","2025 Aug 18 12:00:00 AM","OneDigital Investment Advisors LLC","23,600","Other","565","Finance",,"2,026","2026","500-999","1-99","0","10","10","false","6","4","false","229","1-99","GA"
"2026 Feb 17 12:00:00 AM","2026 Apr 14 12:00:00 AM","Cyberattack","2026 Jan 27 12:00:00 AM","2026 Feb 04 12:00:00 AM","Pediatric Products, LLC","23,645","Ransomware","4,300","Business","Hospitality","2,026","2026","1,000-9,999","1-99","0","21","21","false","8","13","false","56","1-99","OH"
"2025 Oct 31 12:00:00 AM","2026 Apr 15 12:00:00 AM","Cyberattack","2025 Oct 30 12:00:00 AM","2025 Oct 31 12:00:00 AM","The Trustees of the University of Pennsylvania","23,652","Other","5,878","Education",,"2,026","2026","1,000-9,999","1-99","0","1","1","true","1",,"true","166","1-99","PA"
"2026 Jan 07 12:00:00 AM","2026 Apr 16 12:00:00 AM","Unauthorized Access","2026 Jan 05 12:00:00 AM","2026 Jan 07 12:00:00 AM","Panera, LLC","23,679",,"1,564","Business","Retail","2,026","2026","1,000-9,999","1-99","0","2","2","true","2",,"true","99","1-99","MO"
"2026 Mar 05 12:00:00 AM","2026 Apr 17 12:00:00 AM","Unauthorized Access","2026 Mar 09 12:00:00 AM","2026 Mar 09 12:00:00 AM","Alaska Air Group Federal Credit Union","23,724",,"5,092","Finance",,"2,026","2026","1,000-9,999","0","4","-4","0","true","0",,"false","43","0","WA"
"2024 Mar 20 12:00:00 AM","2026 Apr 17 12:00:00 AM","Cyberattack","2024 Feb 21 12:00:00 AM","2024 Mar 20 12:00:00 AM","Impac Mortgage Holdings, Inc.","23,725","Ransomware","1,206","Business","Other","2,026","2026","1,000-9,999","1-99","0","28","28","true","28",,"true","758","1-99","CA"
"2026 Jan 05 12:00:00 AM","2026 Apr 17 12:00:00 AM","Cyberattack","2026 Jan 05 12:00:00 AM","2026 Jan 05 12:00:00 AM","Bayside Dental","23,726","Ransomware","9,683","Health",,"2,026","2026","1,000-9,999","0","0","0","0","true","0",,"true","102","0","WA"
"2026 Mar 18 12:00:00 AM","2026 Apr 17 12:00:00 AM","Cyberattack","2025 Oct 18 12:00:00 AM","2026 Mar 02 12:00:00 AM","TELUS International AI Inc.","23,727","Unclear/unknown","9,343","Business","Web Services","2,026","2026","1,000-9,999","100-199","0","151","151","false","135","16","false","30","100-199","NV"
"2026 Mar 18 12:00:00 AM","2026 Apr 17 12:00:00 AM","Unauthorized Access","2026 Mar 02 12:00:00 AM","2026 Mar 18 12:00:00 AM","Ameriprise Financial, Inc. ","23,728",,"1,359","Finance",,"2,026","2026","1,000-9,999","1-99","0","16","16","true","16",,"true","30","1-99","MN"
"2025 Dec 19 12:00:00 AM","2026 Apr 17 12:00:00 AM","Theft or Mistake","2025 Oct 02 12:00:00 AM","2025 Dec 22 12:00:00 AM","Columbia Bank","23,729",,"1,607","Finance",,"2,026","2026","1,000-9,999","1-99","3","78","81","true","81",,"false","119","1-99","WA"
"2026 Feb 11 12:00:00 AM","2026 Apr 16 12:00:00 AM","Unauthorized Access","2024 Aug 30 12:00:00 AM","2025 Dec 08 12:00:00 AM","Providence","23,732",,"838","Health",,"2,026","2026","500-999","500+","0","530","530","false","465","65","false","64","400-499","CA"
"2024 Sep 17 12:00:00 AM","2026 Apr 09 12:00:00 AM","Cyberattack","2024 Sep 17 12:00:00 AM","2024 Sep 29 12:00:00 AM","Texas Tech University Health Sciences Center","23,805","Unclear/unknown","511","Education",,"2,026","2026","500-999","1-99","12","0","12","true","12",,"false","569","1-99","TX"
"2026 Jan 01 12:00:00 AM","2026 Apr 30 12:00:00 AM","Cyberattack","2026 Jan 01 12:00:00 AM","2026 Jan 01 12:00:00 AM","Mt. Spokane Pediatrics ","23,824","Ransomware","29,410","Health",,"2,026","2026","10,000-49,999","0","0","0","0","true","0",,"true","119","0","WA"
"2025 Jul 27 12:00:00 AM","2026 May 13 12:00:00 AM","Cyberattack","2025 Jul 24 12:00:00 AM","2025 Jul 30 12:00:00 AM","American Lending Center","23,984","Ransomware","6,049","Finance",,"2,026","2026","1,000-9,999","1-99","3","3","6","true","6",,"false","290","1-99","CA"
"2025 Sep 29 12:00:00 AM","2026 May 14 12:00:00 AM","Cyberattack","2025 Aug 10 12:00:00 AM","2025 Oct 07 12:00:00 AM","Fluke Corporation","23,993","Ransomware","5,085","Business","Manufacturing","2,026","2026","1,000-9,999","1-99","8","50","58","true","58",,"false","227","1-99","WA"
"2025 Jul 10 12:00:00 AM","2026 May 15 12:00:00 AM","Cyberattack","2025 Jul 03 12:00:00 AM","2025 Jul 15 12:00:00 AM","US Tiger Securities Inc. (“US Tiger”)    ","24,082","Ransomware","885","Finance",,"2,026","2026","500-999","1-99","5","7","12","true","12",,"false","309","1-99","NY"
"2026 Feb 23 12:00:00 AM","2026 May 19 12:00:00 AM","Cyberattack","2026 Feb 23 12:00:00 AM","2026 Mar 03 12:00:00 AM","Caesars Entertainment, Inc.","24,087","Other","44,023","Business","Entertainment","2,026","2026","10,000-49,999","1-99","8","0","8","true","8",,"false","85","1-99","NV"
"2025 Apr 22 12:00:00 AM","2026 May 20 12:00:00 AM","Cyberattack","2025 Oct 31 12:00:00 AM","2025 Dec 12 12:00:00 AM","VacPartsWarehouse.com LLC","24,088","Other","695","Business","Retail","2,026","2026","500-999","1-99","234","-192","42","true","42",,"false","393","1-99","TX"
"2025 Jun 30 12:00:00 AM","2026 May 20 12:00:00 AM","Cyberattack","2025 Jun 30 12:00:00 AM","2025 Aug 08 12:00:00 AM","Cardinal Services, Inc, Cardinal Employer Organization, and ","24,089","Ransomware","2,066","Business","Professional Services","2,026","2026","1,000-9,999","1-99","39","0","39","true","39",,"false","324","1-99","OR"
"2026 Mar 20 12:00:00 AM","2026 May 13 12:00:00 AM","Unauthorized Access","2026 Feb 27 12:00:00 AM","2026 Mar 18 12:00:00 AM","Nursa","24,095",,"13,168","Health",,"2,026","2026","10,000-49,999","1-99","0","21","21","false","19","2","false","54","1-99","UT"
"2025 Apr 23 12:00:00 AM","2026 May 21 12:00:00 AM","Unauthorized Access","2025 Apr 23 12:00:00 AM","2025 Apr 24 12:00:00 AM","Barnhart Crane & Rigging Company, Inc.","24,131",,"1,068","Business","Shipping","2,026","2026","1,000-9,999","1-99","1","0","1","true","1",,"false","393","1-99","TN"
"2026 Feb 25 12:00:00 AM","2026 May 22 12:00:00 AM","Unauthorized Access","2026 Feb 24 12:00:00 AM","2026 Feb 25 12:00:00 AM","Gastro Health","24,132",,"1,813","Health",,"2,026","2026","1,000-9,999","1-99","0","1","1","true","1",,"true","86","1-99","FL"
"2026 Feb 19 12:00:00 AM","2026 May 26 12:00:00 AM","Cyberattack","2026 Jan 22 12:00:00 AM","2026 Feb 18 12:00:00 AM","Spokane Digestive Disease Center, P.S.","24,133","Phishing","2,093","Health",,"2,026","2026","1,000-9,999","1-99","0","28","28","false","27","1","false","96","1-99","WA"
"2026 Apr 14 12:00:00 AM","2026 May 27 12:00:00 AM","Unauthorized Access","2026 Apr 10 12:00:00 AM","2026 Apr 14 12:00:00 AM","Carnival Corporation","24,144",,"54,960","Business","Hospitality","2,026","2026","50,000-999,999","1-99","0","4","4","true","4",,"true","43","1-99","FL"
"2026 Mar 02 12:00:00 AM","2026 Jun 02 12:00:00 AM","Unauthorized Access","2025 Jun 24 12:00:00 AM","2025 Jul 02 12:00:00 AM","WellPoint","24,184",,"12,017","Health",,"2,026","2026","10,000-49,999","200-299","0","251","251","false","8","243","false","92","1-99",
"2026 Apr 27 12:00:00 AM","2026 May 28 12:00:00 AM","Unauthorized Access","2026 Apr 26 12:00:00 AM","2026 Apr 27 12:00:00 AM","Texas Capital","24,219",,"5,134","Finance",,"2,026","2026","1,000-9,999","1-99","0","1","1","true","1",,"true","31","1-99","TX"
"2026 Apr 27 12:00:00 AM","2026 May 29 12:00:00 AM","Cyberattack","2026 Mar 19 12:00:00 AM","2026 Apr 27 12:00:00 AM","Lakewood School District","24,220","Ransomware","1,006","Education",,"2,026","2026","1,000-9,999","1-99","0","39","39","true","39",,"true","32","1-99","WA"
"2026 May 01 12:00:00 AM","2026 May 29 12:00:00 AM","Cyberattack","2026 Mar 01 12:00:00 AM","2026 Mar 03 12:00:00 AM","Networking Technology, Inc.","24,222","Other","5,671","Health",,"2,026","2026","1,000-9,999","1-99","0","61","61","false","2","59","false","28","1-99","NC"
"2025 Dec 16 12:00:00 AM","2026 May 29 12:00:00 AM","Cyberattack","2025 Dec 08 12:00:00 AM","2025 Dec 16 12:00:00 AM","IMA Diligence Services, LLC","24,225","Ransomware","1,977","Business","Professional Services","2,026","2026","1,000-9,999","1-99","0","8","8","true","8",,"true","164","1-99","KS"
"2026 May 01 12:00:00 AM","2026 May 29 12:00:00 AM","Unauthorized Access","2026 May 01 12:00:00 AM","2026 May 03 12:00:00 AM","Networking Technology, INC. ","24,226",,"1,215","Health",,"2,026","2026","1,000-9,999","1-99","2","0","2","true","2",,"false","28","1-99","MD"
"2025 Feb 24 12:00:00 AM","2026 Jun 01 12:00:00 AM","Cyberattack","2025 Feb 22 12:00:00 AM","2025 Feb 24 12:00:00 AM","Industrial Acceptance Corporation","24,254","Ransomware","679","Finance",,"2,026","2026","500-999","1-99","0","2","2","true","2",,"true","462","1-99","CT"
"2026 Feb 25 12:00:00 AM","2026 Jun 01 12:00:00 AM","Cyberattack","2026 Feb 23 12:00:00 AM","2026 Feb 25 12:00:00 AM","Strategic Education Inc.","24,255","Other","14,112","Education",,"2,026","2026","10,000-49,999","1-99","0","2","2","true","2",,"true","96","1-99","VA"
"2025 Dec 26 12:00:00 AM","2026 Jun 05 12:00:00 AM","Cyberattack","2025 Dec 25 12:00:00 AM","2025 Dec 26 12:00:00 AM","Gay & Lesbian Community Services Center of Orange County Inc","24,267","Ransomware","1,249","Non-Profit/Charity",,"2,026","2026","1,000-9,999","1-99","0","1","1","true","1",,"true","161","1-99","CA"
"2026 Feb 17 12:00:00 AM","2026 Jun 05 12:00:00 AM","Cyberattack","2026 Feb 17 12:00:00 AM","2026 Feb 17 12:00:00 AM","Plaza Home Mortgage Inc. ","24,268","Phishing","9,598","Finance",,"2,026","2026","1,000-9,999","0","0","0","0","true","0",,"true","108","0","CA"
"2026 May 15 12:00:00 AM","2026 Jun 11 12:00:00 AM","Cyberattack","2026 May 15 12:00:00 AM","2026 May 15 12:00:00 AM","AssetMark, Inc.","24,354","Other","15,468","Finance",,"2,026","2026","10,000-49,999","0","0","0","0","true","0",,"true","27","0","CA"
"2025 Nov 28 12:00:00 AM","2026 Jun 12 12:00:00 AM","Cyberattack","2025 Nov 28 12:00:00 AM","2025 Nov 28 12:00:00 AM","Columbia Pacific Advisors, LLC","24,355","Ransomware","1,585","Finance",,"2,026","2026","1,000-9,999","0","0","0","0","true","0",,"true","196","0","WA"
"2026 Apr 15 12:00:00 AM","2026 Jun 12 12:00:00 AM","Cyberattack","2026 Mar 31 12:00:00 AM","2026 Apr 09 12:00:00 AM","Lumexa Imaging","24,356","Other","3,632","Health",,"2,026","2026","1,000-9,999","1-99","0","15","15","false","9","6","false","58","1-99","NC"
"2024 Oct 07 12:00:00 AM","2026 Jun 15 12:00:00 AM","Cyberattack","2024 Sep 28 12:00:00 AM","2024 Oct 08 12:00:00 AM","Grandview School District","24,361","Ransomware","9,414","Education",,"2,026","2026","1,000-9,999","1-99","1","9","10","true","10",,"false","616","1-99","WA"
"2025 Apr 06 12:00:00 AM","2026 Jun 15 12:00:00 AM","Cyberattack","2025 Mar 21 12:00:00 AM","2025 Apr 06 12:00:00 AM","Nelson University","24,372","Ransomware","508","Education",,"2,026","2026","500-999","1-99","0","16","16","true","16",,"true","435","1-99","TX"
"2026 Mar 17 12:00:00 AM","2026 Jun 17 12:00:00 AM","Cyberattack","2026 Mar 16 12:00:00 AM","2026 Mar 17 12:00:00 AM","AssuranceAmerica Managing General Agency, LLC","24,389","Phishing","8,950","Finance",,"2,026","2026","1,000-9,999","1-99","0","1","1","true","1",,"true","92","1-99","GA"
"2026 Jan 22 12:00:00 AM","2026 Jun 19 12:00:00 AM","Unauthorized Access","2026 Jan 20 12:00:00 AM","2026 Jan 22 12:00:00 AM","Xsolis, Inc.","24,406",,"26,203","Health",,"2,026","2026","10,000-49,999","1-99","0","2","2","true","2",,"true","148","1-99","TN"
"2026 Apr 15 12:00:00 AM","2026 Jun 29 12:00:00 AM","Cyberattack","2026 Apr 13 12:00:00 AM","2026 Apr 19 12:00:00 AM","Medtronic Inc.","24,480","Other","64,035","Health",,"2,026","2026","50,000-999,999","1-99","4","2","6","true","6",,"false","75","1-99","MN"
"2026 Mar 01 12:00:00 AM","2026 Jun 30 12:00:00 AM","Unauthorized Access","2023 Sep 23 12:00:00 AM","2026 Apr 15 12:00:00 AM","Washington Department of Social Health Services","24,481",,"8,600","Government",,"2,026","2026","1,000-9,999","500+","45","890","935","true","935",,"false","121","500+","WA"
"2026 Jun 13 12:00:00 AM","2026 Jul 03 12:00:00 AM","Cyberattack","2026 Jun 08 12:00:00 AM","2026 Jun 11 12:00:00 AM","1Life Healthcare, Inc.","24,519","Other","16,884","Health",,"2,026","2026","10,000-49,999","1-99","0","5","5","false","3","2","false","20","1-99","CA"
"2026 May 08 12:00:00 AM","2026 Jul 15 12:00:00 AM","Theft or Mistake","2026 May 08 12:00:00 AM","2026 May 08 12:00:00 AM","Wilmer Cutler Pickering Hale and Dorr LLP","24,651",,"692","Business","Legal","2,026","2026","500-999","0","0","0","0","true","0",,"true","68","0","DC"
"2026 May 20 12:00:00 AM","2026 Jul 16 12:00:00 AM","Cyberattack","2026 May 17 12:00:00 AM","2026 May 19 12:00:00 AM","DentaQuest, LLC","24,652","Phishing","91,700","Health",,"2,026","2026","50,000-999,999","1-99","0","3","3","false","2","1","false","57","1-99","MA"
"2026 Jun 19 12:00:00 AM","2026 Jul 17 12:00:00 AM","Cyberattack","2025 Aug 09 12:00:00 AM","2025 Aug 12 12:00:00 AM","The Estée Lauder Companies","24,676","Other","2,110","Business","Retail","2,026","2026","1,000-9,999","300-399","0","314","314","false","3","311","false","28","1-99","NY"
"2025 Oct 25 12:00:00 AM","2025 Dec 12 12:00:00 AM","Cyberattack","2025 Oct 25 12:00:00 AM","2025 Oct 27 12:00:00 AM","700Credit, LLC","20,993","Other","121,828","Business","Other","2,026","2026","50,000-999,999","1-99","2","0","2","true","2",,"false","48","1-99","MI"
"2025 Jun 20 12:00:00 AM","2025 Dec 11 12:00:00 AM","Cyberattack",,"2025 Nov 17 12:00:00 AM","Morningside","20,994","Ransomware","1,534","Non-Profit/Charity",,"2,026","2026","1,000-9,999","Unknown","150",,,"true",,,"false","174","Unknown","WA"
"2025 Jun 23 12:00:00 AM","2025 Dec 12 12:00:00 AM","Cyberattack","2025 Jun 21 12:00:00 AM","2025 Jun 23 12:00:00 AM","Lydig Construction, Inc.","20,996","Ransomware","2,397","Business","Construction","2,026","2026","1,000-9,999","1-99","0","2","2","true","2",,"true","172","1-99","WA"
"2025 Apr 10 12:00:00 AM","2025 Dec 15 12:00:00 AM","Cyberattack","2025 Apr 08 12:00:00 AM","2025 Apr 11 12:00:00 AM","NAHGA Claim Services","20,997","Ransomware","1,621","Health",,"2,026","2026","1,000-9,999","1-99","1","2","3","true","3",,"false","249","1-99","WA"
"2025 Jul 14 12:00:00 AM","2025 Dec 18 12:00:00 AM","Cyberattack","2025 Jul 14 12:00:00 AM","2025 Jul 21 12:00:00 AM","Albertsons Companies, Inc.","20,999","Other","515","Business","Retail","2,026","2026","500-999","1-99","7","0","7","true","7",,"false","157","1-99","WA"
"2025 Jun 12 12:00:00 AM","2025 Jul 11 12:00:00 AM","Unauthorized Access",,,"Aflac Incorporated","21,004",,"432,025","Business","Other","2,025","2025","50,000-999,999","Unknown",,,,"false",,,"false","29","Unknown","GA"
"2025 Nov 03 12:00:00 AM","2025 Dec 19 12:00:00 AM","Cyberattack","2024 Feb 15 12:00:00 AM","2025 Nov 04 12:00:00 AM","Outdoor Smart! Inc","21,005","Skimmers","652","Business","Retail","2,026","2026","500-999","500+","1","627","628","true","628",,"false","46","500+","NY"
"2025 Nov 21 12:00:00 AM","2025 Dec 21 12:00:00 AM","Cyberattack","2025 Aug 13 12:00:00 AM","2025 Aug 22 12:00:00 AM","University of Phoenix, Inc.","21,006","Other","64,796","Education",,"2,026","2026","50,000-999,999","100-199","0","100","100","false","9","91","false","30","1-99","AZ"
"2025 Nov 10 12:00:00 AM","2025 Dec 23 12:00:00 AM","Unauthorized Access","2025 Oct 23 12:00:00 AM","2025 Nov 09 12:00:00 AM","Smith Fire Systems, Inc.","21,024",,"785","Business","Home","2,026","2026","500-999","1-99","0","18","18","false","17","1","false","43","1-99","WA"
"2024 May 04 12:00:00 AM","2025 Dec 30 12:00:00 AM","Cyberattack","2024 May 03 12:00:00 AM","2024 May 04 12:00:00 AM","Abri Credit Union","21,079","Ransomware","629","Finance",,"2,026","2026","500-999","1-99","0","1","1","true","1",,"true","605","1-99","IL"
"2025 Nov 11 12:00:00 AM","2025 Dec 29 12:00:00 AM","Cyberattack","2025 Nov 06 12:00:00 AM","2025 Nov 11 12:00:00 AM","Harnish Group Inc.","21,081","Other","1,435","Business","Retail","2,026","2026","1,000-9,999","1-99","0","5","5","true","5",,"true","48","1-99","WA"
"2025 Jul 22 12:00:00 AM","2026 Jan 07 12:00:00 AM","Cyberattack","2025 Jun 17 12:00:00 AM","2025 Jul 22 12:00:00 AM","Healthcare Interactive, Inc.","21,321","Ransomware","46,840","Business","Other","2,026","2026","10,000-49,999","1-99","0","35","35","true","35",,"true","169","1-99","MD"
"2025 Nov 22 12:00:00 AM","2026 Jan 12 12:00:00 AM","Unauthorized Access","2025 Apr 30 12:00:00 AM","2025 Nov 22 12:00:00 AM","GSPlatformCo Inc","21,344",,"798","Business","Retail","2,026","2026","500-999","200-299","0","206","206","true","206",,"true","51","200-299","DE"
"2025 Sep 12 12:00:00 AM","2026 Jan 16 12:00:00 AM","Cyberattack","2025 Sep 09 12:00:00 AM","2025 Sep 12 12:00:00 AM","FirstFruits Farms, LLC","21,374","Ransomware","6,335","Business","Other","2,026","2026","1,000-9,999","1-99","0","3","3","true","3",,"true","126","1-99","WA"
"2025 Dec 17 12:00:00 AM","2026 Jan 16 12:00:00 AM","Unauthorized Access","2025 Dec 11 12:00:00 AM","2025 Dec 17 12:00:00 AM","Advantage Dirt Contractors, Inc.","21,375",,"546","Business","Construction","2,026","2026","500-999","1-99","0","6","6","true","6",,"true","30","1-99","WA"
"2025 Jun 08 12:00:00 AM","2026 Jan 16 12:00:00 AM","Cyberattack","2025 Jun 07 12:00:00 AM","2025 Jun 09 12:00:00 AM","PROVAIL","21,376","Ransomware","4,391","Health",,"2,026","2026","1,000-9,999","1-99","1","1","2","true","2",,"false","222","1-99","WA"
"2025 Oct 21 12:00:00 AM","2025 Nov 20 12:00:00 AM","Unauthorized Access","2025 Oct 21 12:00:00 AM","2025 Oct 22 12:00:00 AM","Housing Authority of the City of Vancouver","21,399",,"736","Government",,"2,026","2026","500-999","1-99","1","0","1","true","1",,"false","30","1-99","WA"
"2026 Jan 06 12:00:00 AM","2026 Jan 23 12:00:00 AM","Cyberattack","2025 Dec 28 12:00:00 AM",,"Neurological Associates of Washington","21,485","Ransomware","13,500","Health",,"2,026","2026","10,000-49,999","Unknown",,"9",,"false",,,"false","17","Unknown","WA"
"2025 Mar 31 12:00:00 AM","2026 Jan 23 12:00:00 AM","Cyberattack","2025 Mar 29 12:00:00 AM","2025 Mar 31 12:00:00 AM","Sound Window & Door, Inc.","21,486","Ransomware","3,024","Business","Home","2,026","2026","1,000-9,999","1-99","0","2","2","true","2",,"true","298","1-99","WA"
"2025 Dec 15 12:00:00 AM","2026 Jan 23 12:00:00 AM","Cyberattack","2025 Oct 08 12:00:00 AM","2025 Oct 09 12:00:00 AM","Wisner Baum LLP","21,487","Ransomware","717","Business","Legal","2,026","2026","500-999","1-99","0","68","68","false","1","67","false","39","1-99","CA"
"2026 Jan 02 12:00:00 AM","2026 Jan 26 12:00:00 AM","Theft or Mistake","2025 Dec 29 12:00:00 AM","2026 Jan 02 12:00:00 AM","SoFi Technologies, Inc.","21,488",,"38,049","Finance",,"2,026","2026","10,000-49,999","1-99","0","4","4","true","4",,"true","24","1-99","CA"
"2024 Jul 08 12:00:00 AM","2026 Jan 30 12:00:00 AM","Unauthorized Access","2024 Jul 08 12:00:00 AM","2024 Jul 09 12:00:00 AM","The Phia Group","21,498",,"2,802","Business","Other","2,026","2026","1,000-9,999","1-99","1","0","1","true","1",,"false","571","1-99","MA"
"2025 Oct 27 12:00:00 AM","2026 Jan 30 12:00:00 AM","Unauthorized Access","2025 Oct 23 12:00:00 AM","2025 Oct 28 12:00:00 AM","Fried, Frank, Harris, Shriver & Jacobson LLP","21,499",,"2,106","Business","Legal","2,026","2026","1,000-9,999","1-99","1","4","5","true","5",,"false","95","1-99","NY"
"2025 Aug 22 12:00:00 AM","2026 Feb 04 12:00:00 AM","Cyberattack","2025 Aug 12 12:00:00 AM","2025 Aug 23 12:00:00 AM"," Gravity Payments, Inc.","21,544","Other","677","Finance",,"2,026","2026","500-999","1-99","1","10","11","true","11",,"false","166","1-99","ID"
"2024 May 23 12:00:00 AM","2026 Feb 06 12:00:00 AM","Cyberattack","2024 May 17 12:00:00 AM","2024 May 23 12:00:00 AM","UA Sprinkler Fitters Local 669 JATC","21,606","Ransomware","518","Education",,"2,026","2026","500-999","1-99","0","6","6","true","6",,"true","624","1-99","MD"
"2025 Oct 02 12:00:00 AM","2026 Feb 06 12:00:00 AM","Unauthorized Access","2024 Nov 19 12:00:00 AM","2025 Oct 02 12:00:00 AM","TriZetto Provider Solutions ","21,607",,"76,562","Health",,"2,026","2026","50,000-999,999","300-399","0","317","317","true","317",,"true","127","300-399","MO"
"2025 Nov 13 12:00:00 AM","2026 Feb 06 12:00:00 AM","Cyberattack","2025 Nov 08 12:00:00 AM","2025 Nov 09 12:00:00 AM","Vikor Scientific, LLC","21,608","Ransomware","1,456","Health",,"2,026","2026","1,000-9,999","1-99","0","5","5","false","1","4","false","85","1-99","SC"
"2025 Nov 20 12:00:00 AM","2026 Feb 20 12:00:00 AM","Unauthorized Access",,"2025 Nov 01 12:00:00 AM","Condé Nast","21,734",,"1,392","Business","Other","2,026","2026","1,000-9,999","Unknown","0",,,"false",,"19","false","92","Unknown","NY"
"2025 Sep 17 12:00:00 AM","2026 Feb 20 12:00:00 AM","Cyberattack","2025 Sep 17 12:00:00 AM","2025 Sep 23 12:00:00 AM","Wellcare of Washington, Inc.","21,736","Unclear/unknown","2,485","Health",,"2,026","2026","1,000-9,999","1-99","6","0","6","true","6",,"false","156","1-99","WA"
"2025 Sep 17 12:00:00 AM","2026 Feb 20 12:00:00 AM","Cyberattack","2025 Sep 17 12:00:00 AM","2025 Sep 23 12:00:00 AM","Wellcare Health Insurance Company of Washington, Inc.","21,737","Unclear/unknown","843","Health",,"2,026","2026","500-999","1-99","6","0","6","true","6",,"false","156","1-99","WA"
"2025 Nov 12 12:00:00 AM","2026 Feb 20 12:00:00 AM","Cyberattack","2025 Nov 13 12:00:00 AM","2025 Nov 21 12:00:00 AM","SitusAMC Holdings Corporation","21,740","Other","20,587","Business","Other","2,026","2026","10,000-49,999","1-99","9","-1","8","true","8",,"false","100","1-99","NY"
"2025 Dec 24 12:00:00 AM","2026 Feb 23 12:00:00 AM","Cyberattack","2025 Dec 23 12:00:00 AM","2025 Dec 24 12:00:00 AM","QualDerm Partners, LLC","21,742","Ransomware","753","Health",,"2,026","2026","500-999","1-99","0","1","1","true","1",,"true","61","1-99","TN"
"2026 Jan 28 12:00:00 AM","2026 Feb 23 12:00:00 AM","Cyberattack","2026 Jan 28 12:00:00 AM","2026 Jan 28 12:00:00 AM","Figure Technology Solutions, Inc.  ","21,743","Phishing","26,128","Finance",,"2,026","2026","10,000-49,999","0","0","0","0","true","0",,"true","26","0","NC"
"2025 Nov 25 12:00:00 AM","2026 Feb 24 12:00:00 AM","Unauthorized Access","2025 Jul 27 12:00:00 AM","2025 Nov 26 12:00:00 AM","360training.com, Inc.","21,744",,"642","Business","Professional Services","2,026","2026","500-999","100-199","1","121","122","true","122",,"false","91","100-199","TX"
"2024 Nov 25 12:00:00 AM","2026 Feb 25 12:00:00 AM","Unauthorized Access","2024 Nov 11 12:00:00 AM","2024 Nov 25 12:00:00 AM","CommonSpirit Health","21,751",,"19,027","Health",,"2,026","2026","10,000-49,999","1-99","0","14","14","true","14",,"true","457","1-99","IL"
"2025 Aug 14 12:00:00 AM","2026 Feb 25 12:00:00 AM","Unauthorized Access","2025 Aug 13 12:00:00 AM","2025 Aug 14 12:00:00 AM","Pyramid Global Hospitality","21,752",,"3,434","Business","Hospitality","2,026","2026","1,000-9,999","1-99","0","1","1","true","1",,"true","195","1-99","MA"
"2025 Dec 29 12:00:00 AM","2026 Feb 26 12:00:00 AM","Unauthorized Access",,,"Bolt Solutions Inc. (“bolt”)","21,766",,"140,249","Business","Other","2,026","2026","50,000-999,999","Unknown",,,,"false",,,"false","59","Unknown","CA"
"2024 Dec 09 12:00:00 AM","2026 Feb 27 12:00:00 AM","Cyberattack","2024 Dec 04 12:00:00 AM","2024 Dec 09 12:00:00 AM","Drivestream Inc.","22,766","Ransomware","505","Business","Software","2,026","2026","500-999","1-99","0","5","5","true","5",,"true","445","1-99","VA"
"2024 Nov 01 12:00:00 AM","2026 Feb 27 12:00:00 AM","Cyberattack","2024 Oct 15 12:00:00 AM","2024 Nov 01 12:00:00 AM","Lakeside Pediatrics & Adolescent Medicine, PLLC","22,777","Ransomware","1,314","Health",,"2,026","2026","1,000-9,999","1-99","0","17","17","true","17",,"true","483","1-99","ID"
"2026 Jan 28 12:00:00 AM","2026 Feb 27 12:00:00 AM","Cyberattack",,"2026 Jan 28 12:00:00 AM","New American Funding, LLC (Figure Lending, LLC had incident)","22,778","Phishing","699","Finance",,"2,026","2026","500-999","Unknown","0",,,"true",,,"true","30","Unknown","CA"
"2025 May 24 12:00:00 AM","2025 Dec 29 12:00:00 AM","Unauthorized Access","2025 May 23 12:00:00 AM","2025 May 24 12:00:00 AM","Apro, LLC d/b/a United Pacific (Apro)","22,791",,"1,226","Business","Retail","2,026","2026","1,000-9,999","1-99","0","1","1","true","1",,"true","219","1-99","CA"
"2025 Mar 22 12:00:00 AM","2025 Dec 29 12:00:00 AM","Unauthorized Access","2025 Feb 19 12:00:00 AM","2025 Mar 02 12:00:00 AM","Apro, LLC d/b/a United Pacific (Apro) ","22,792",,"621","Business","Retail","2,026","2026","500-999","1-99","0","31","31","false","11","20","false","282","1-99","CA"
"2025 Sep 23 12:00:00 AM","2026 Mar 05 12:00:00 AM","Cyberattack","2025 Sep 17 12:00:00 AM","2025 Sep 23 12:00:00 AM","Insightin Health, Inc.","22,832","Ransomware","11,740","Business","Software","2,026","2026","10,000-49,999","1-99","0","6","6","true","6",,"true","163","1-99","WA"
"2025 May 13 12:00:00 AM","2026 Mar 05 12:00:00 AM","Cyberattack","2025 Mar 19 12:00:00 AM","2025 May 13 12:00:00 AM","Northwest Medical Homes, LLC","22,897","Ransomware","517","Health",,"2,026","2026","500-999","1-99","0","55","55","true","55",,"true","296","1-99","OR"
"2025 Nov 13 12:00:00 AM","2026 Mar 17 12:00:00 AM","Cyberattack","2025 Oct 30 12:00:00 AM","2025 Nov 18 12:00:00 AM","Kaplan North America, LLC","23,168","Ransomware","18,885","Education",,"2,026","2026","10,000-49,999","1-99","5","14","19","true","19",,"false","124","1-99","FL"
"2024 Dec 01 12:00:00 AM","2026 Mar 04 12:00:00 AM","Unauthorized Access",,,"PIH Health, Inc.","23,172",,"3,639","Health",,"2,026","2026","1,000-9,999","Unknown",,,,"false",,,"false","458","Unknown","CA"
"2026 Jan 23 12:00:00 AM","2026 Mar 18 12:00:00 AM","Cyberattack","2025 Dec 22 12:00:00 AM","2026 Jan 15 12:00:00 AM","Navia Benefit Solutions, Inc.","23,173","Other","319,208","Business","Other","2,026","2026","50,000-999,999","1-99","0","32","32","false","24","8","false","54","1-99","WA"
"2026 Feb 18 12:00:00 AM","2026 Mar 18 12:00:00 AM","Unauthorized Access","2026 Feb 12 12:00:00 AM","2026 Feb 18 12:00:00 AM","Unibail-Rodamco-Westfield ","23,174",,"5,723","Business","Retail","2,026","2026","1,000-9,999","1-99","0","6","6","true","6",,"true","28","1-99","CA"
"2026 Feb 02 12:00:00 AM","2026 Mar 21 12:00:00 AM","Unauthorized Access","2026 Feb 02 12:00:00 AM","2026 Feb 02 12:00:00 AM","EP Wealth Advisors, LLC","23,551",,"2,313","Finance",,"2,026","2026","1,000-9,999","0","0","0","0","true","0",,"true","47","0","CA"
"2026 Jan 23 12:00:00 AM","2026 Mar 23 12:00:00 AM","Cyberattack","2025 Dec 22 12:00:00 AM","2026 Jan 15 12:00:00 AM","Navia Benefits Solutions Inc","23,552","Unclear/unknown","1,100","Health",,"2,026","2026","1,000-9,999","1-99","0","32","32","false","24","8","false","59","1-99","CA"
"2025 Dec 26 12:00:00 AM","2026 Mar 27 12:00:00 AM","Cyberattack","2025 Dec 24 12:00:00 AM","2026 Jan 08 12:00:00 AM","Eurail B.V.","23,574","Other","1,988","Business","Other","2,026","2026","1,000-9,999","1-99","13","2","15","true","15",,"false","91","1-99","IL"
"2026 Apr 14 12:00:00 AM","2026 Jul 30 12:00:00 AM","Cyberattack","2026 Jan 19 12:00:00 AM","2026 Apr 14 12:00:00 AM","Microcode, Inc.","24,954","Ransomware","4,096","Business","Software","2,027","2027","1,000-9,999","1-99","0","85","85","true","85",,"true","107","1-99","FL"
"2026 Jun 26 12:00:00 AM","2026 Jul 31 12:00:00 AM","Cyberattack","2025 Dec 02 12:00:00 AM","2025 Dec 18 12:00:00 AM","Everside Health","24,955","Other","21,308","Health",,"2,027","2027","10,000-49,999","200-299","0","206","206","false","16","190","false","35","1-99","IN"
"2025 Dec 11 12:00:00 AM","2026 Aug 03 12:00:00 AM","Cyberattack","2025 Dec 03 12:00:00 AM","2025 Dec 11 12:00:00 AM","CTS Journey Holdings, LLC, a Delaware limited liability comp","24,956","Ransomware","2,226","Business","Hospitality","2,027","2027","1,000-9,999","1-99","0","8","8","true","8",,"true","235","1-99","MI"
"2025 Dec 18 12:00:00 AM","2026 Aug 04 12:00:00 AM","Unauthorized Access","2025 Dec 02 12:00:00 AM","2025 Dec 18 12:00:00 AM","Aesto, LLC","24,981",,"37,253","Business","Software","2,027","2027","10,000-49,999","1-99","0","16","16","true","16",,"true","229","1-99","AL"
"2021 Dec 06 12:00:00 AM","2022 Aug 19 12:00:00 AM","Unauthorized Access","2021 Oct 27 12:00:00 AM","2021 Dec 07 12:00:00 AM","Community Loan Servicing LLC","13,691",,"7,518","Finance",,"2,023","2023","1,000-9,999","1-99","1","40","41","true","41",,"false","256","1-99","FL"
